$ pyNastran : punch=True
$ Nanuqx Flying Wing - Largest Connected Component
$
$ GRID POINTS
GRID,1,,4.841849e-01,-6.096000e-01,6.015477e-02
GRID,2,,4.961055e-01,-6.096000e-01,3.982049e-02
GRID,3,,5.058943e-01,-6.096000e-01,5.469174e-02
GRID,4,,5.004539e-01,-6.096000e-01,7.809787e-02
GRID,5,,4.841849e-01,6.096000e-01,6.015477e-02
GRID,6,,5.004539e-01,6.096000e-01,7.809787e-02
GRID,7,,5.160390e-01,6.096000e-01,5.842699e-02
GRID,8,,4.961055e-01,6.096000e-01,3.982049e-02
GRID,9,,5.193744e-01,-6.096000e-01,3.168699e-02
GRID,10,,5.193744e-01,6.096000e-01,3.168699e-02
GRID,11,,5.238010e-01,-6.096000e-01,6.233665e-02
GRID,12,,5.230905e-01,-6.096000e-01,8.816759e-02
GRID,13,,5.230905e-01,6.096000e-01,8.816759e-02
GRID,14,,5.428938e-01,6.096000e-01,6.994514e-02
GRID,15,,5.433862e-01,6.096000e-01,4.494994e-02
GRID,16,,5.392419e-01,-6.096000e-01,4.772807e-02
GRID,17,,5.435292e-01,-6.096000e-01,2.669804e-02
GRID,18,,5.435292e-01,6.096000e-01,2.669804e-02
GRID,19,,5.442663e-01,-6.096000e-01,7.052392e-02
GRID,20,,5.464438e-01,-6.096000e-01,9.571679e-02
GRID,21,,5.464438e-01,6.096000e-01,9.571679e-02
GRID,22,,5.618228e-01,-6.096000e-01,4.807043e-02
GRID,23,,5.693391e-01,6.096000e-01,7.702790e-02
GRID,24,,5.663983e-01,6.096000e-01,5.222228e-02
GRID,25,,5.678672e-01,6.096000e-01,2.276023e-02
GRID,26,,5.678672e-01,-6.096000e-01,2.276023e-02
GRID,27,,5.723193e-01,-6.096000e-01,7.337337e-02
GRID,28,,5.702592e-01,-6.096000e-01,1.021091e-01
GRID,29,,5.702592e-01,6.096000e-01,1.021091e-01
GRID,30,,5.832003e-01,-6.096000e-01,4.487148e-02
GRID,31,,5.880552e-01,6.096000e-01,6.108943e-02
GRID,32,,5.892578e-01,6.096000e-01,4.020873e-02
GRID,33,,5.923052e-01,-6.096000e-01,1.948158e-02
GRID,34,,5.923052e-01,6.096000e-01,1.948158e-02
GRID,35,,5.956773e-01,6.096000e-01,8.215076e-02
GRID,36,,5.980698e-01,-6.096000e-01,8.764239e-02
GRID,37,,5.942794e-01,-6.096000e-01,1.076563e-01
GRID,38,,5.942794e-01,6.096000e-01,1.076563e-01
GRID,39,,5.983024e-01,-6.096000e-01,6.077312e-02
GRID,40,,6.027659e-01,-6.096000e-01,3.679667e-02
GRID,41,,6.147272e-01,6.096000e-01,5.849432e-02
GRID,42,,6.124648e-01,6.096000e-01,3.406859e-02
GRID,43,,6.167983e-01,-6.096000e-01,1.665033e-02
GRID,44,,6.167983e-01,6.096000e-01,1.665033e-02
GRID,45,,6.184327e-01,-6.096000e-01,1.126133e-01
GRID,46,,6.184327e-01,6.096000e-01,1.126133e-01
GRID,47,,6.214044e-01,6.096000e-01,8.944430e-02
GRID,48,,6.173925e-01,-6.096000e-01,6.963438e-02
GRID,49,,6.243931e-01,-6.096000e-01,9.078575e-02
GRID,50,,6.206365e-01,-6.096000e-01,4.601482e-02
GRID,51,,6.426776e-01,6.096000e-01,3.978711e-02
GRID,52,,6.426777e-01,6.096000e-01,6.555559e-02
GRID,53,,6.426776e-01,-6.096000e-01,1.401863e-02
GRID,54,,6.426776e-01,-6.096000e-01,3.978711e-02
GRID,55,,6.426776e-01,6.096000e-01,1.401863e-02
GRID,56,,6.426777e-01,-6.096000e-01,6.555559e-02
GRID,57,,6.426776e-01,-6.096000e-01,1.170925e-01
GRID,58,,6.426776e-01,6.096000e-01,9.132406e-02
GRID,59,,6.426776e-01,6.096000e-01,1.170925e-01
GRID,60,,6.426776e-01,-6.096000e-01,9.132406e-02
GRID,61,,6.674720e-01,-6.096000e-01,1.176746e-02
GRID,62,,6.676111e-01,-6.096000e-01,4.502345e-02
GRID,63,,6.703481e-01,-6.096000e-01,7.111199e-02
GRID,64,,6.673394e-01,-6.096000e-01,1.212516e-01
GRID,65,,6.767379e-01,-6.096000e-01,9.482645e-02
GRID,66,,6.612631e-01,6.096000e-01,4.045714e-02
GRID,67,,6.674700e-01,6.096000e-01,1.176763e-02
GRID,68,,6.673394e-01,6.096000e-01,1.212516e-01
GRID,69,,6.794031e-01,6.096000e-01,9.691012e-02
GRID,70,,6.705028e-01,6.096000e-01,6.994473e-02
GRID,71,,6.426777e-01,-5.927512e-01,2.934835e-02
GRID,72,,6.426777e-01,-5.838477e-01,1.035118e-02
GRID,73,,6.426777e-01,-5.884807e-01,5.032394e-02
GRID,74,,6.426777e-01,-6.096000e-01,6.555545e-02
GRID,75,,6.426777e-01,-5.872558e-01,7.389338e-02
GRID,76,,6.426777e-01,-5.800046e-01,9.973183e-02
GRID,77,,6.426777e-01,-6.096000e-01,1.170918e-01
GRID,78,,6.426777e-01,-5.848931e-01,1.207925e-01
GRID,79,,6.426777e-01,-5.716925e-01,3.072714e-02
GRID,80,,6.426777e-01,-5.663397e-01,5.385520e-02
GRID,81,,6.426777e-01,-5.649620e-01,7.641782e-02
GRID,82,,6.426777e-01,-5.602075e-01,1.246352e-01
GRID,83,,6.426777e-01,-5.580936e-01,6.696071e-03
GRID,84,,6.426777e-01,-5.486591e-01,9.180879e-02
GRID,85,,6.426777e-01,-5.482668e-01,3.244164e-02
GRID,86,,6.426777e-01,-5.431159e-01,6.324191e-02
GRID,87,,6.426777e-01,-5.272646e-01,1.066138e-01
GRID,88,,6.426777e-01,-5.355920e-01,1.289028e-01
GRID,89,,6.426777e-01,-5.323635e-01,2.874827e-03
GRID,90,,6.426777e-01,-5.151014e-01,7.741914e-02
GRID,91,,6.426777e-01,-5.236519e-01,4.340961e-02
GRID,92,,6.426777e-01,-5.110218e-01,1.334246e-01
GRID,93,,6.426777e-01,-5.074384e-01,2.596305e-02
GRID,94,,6.426777e-01,-5.066366e-01,-9.667325e-04
GRID,95,,6.426777e-01,-4.956102e-01,1.065564e-01
GRID,96,,6.426777e-01,-4.931873e-01,5.435251e-02
GRID,97,,6.426777e-01,-4.745853e-01,8.101171e-02
GRID,98,,6.426777e-01,-4.864873e-01,1.381351e-01
GRID,99,,6.426777e-01,-4.817998e-01,2.636057e-02
GRID,100,,6.426777e-01,-4.809093e-01,-4.806623e-03
GRID,101,,6.426777e-01,-4.618633e-01,1.085984e-01
GRID,102,,6.426777e-01,-4.545532e-01,5.456697e-02
GRID,103,,6.426777e-01,-4.551614e-01,1.290488e-01
GRID,104,,6.426777e-01,-4.619895e-01,1.430337e-01
GRID,105,,6.426777e-01,-4.555332e-01,1.930685e-02
GRID,106,,6.426777e-01,-4.551834e-01,-8.655572e-03
GRID,107,,6.426777e-01,-4.292812e-01,8.847369e-02
GRID,108,,6.426777e-01,-4.375320e-01,1.481292e-01
GRID,109,,6.426777e-01,-4.298520e-01,1.223459e-01
GRID,110,,6.426777e-01,-4.295133e-01,9.326310e-03
GRID,111,,6.426777e-01,-4.318108e-01,3.508356e-02
GRID,112,,6.426777e-01,-4.294618e-01,-1.253234e-02
GRID,113,,6.426777e-01,-4.148651e-01,5.913587e-02
GRID,114,,6.426777e-01,-4.131197e-01,1.534371e-01
GRID,115,,6.426777e-01,-4.069553e-01,2.443200e-02
GRID,116,,6.426777e-01,-3.959518e-01,1.216393e-01
GRID,117,,6.426777e-01,-4.037455e-01,-1.644546e-02
GRID,118,,6.426777e-01,-3.836035e-01,8.661372e-02
GRID,119,,6.426777e-01,-3.845387e-01,4.874712e-02
GRID,120,,6.426777e-01,-3.887505e-01,1.589401e-01
GRID,121,,6.426777e-01,-3.836891e-01,1.410496e-02
GRID,122,,6.426777e-01,-3.780334e-01,-2.038506e-02
GRID,123,,6.426777e-01,-3.571988e-01,1.186648e-01
GRID,124,,6.426777e-01,-3.676756e-01,1.422450e-01
GRID,125,,6.426777e-01,-3.644172e-01,1.645990e-01
GRID,126,,6.426777e-01,-3.586335e-01,3.755666e-02
GRID,127,,6.426777e-01,-3.549841e-01,6.677110e-02
GRID,128,,6.426777e-01,-3.607676e-01,7.777858e-03
GRID,129,,6.426777e-01,-3.408192e-01,9.592168e-02
GRID,130,,6.426777e-01,-3.523214e-01,-2.432571e-02
GRID,131,,6.426777e-01,-3.345382e-01,1.481313e-01
GRID,132,,6.426777e-01,-3.401075e-01,1.703584e-01
GRID,133,,6.426777e-01,-3.440741e-01,1.811680e-03
GRID,134,,6.426777e-01,-3.291828e-01,2.643443e-02
GRID,135,,6.426777e-01,-3.276762e-01,5.512450e-02
GRID,136,,6.426777e-01,-3.188885e-01,1.234744e-01
GRID,137,,6.426777e-01,-3.247094e-01,7.893278e-02
GRID,138,,6.426777e-01,-3.266062e-01,-2.824555e-02
GRID,139,,6.426777e-01,-3.185585e-01,-5.185789e-03
GRID,140,,6.426777e-01,-3.016015e-01,9.865199e-02
GRID,141,,6.426777e-01,-3.158106e-01,1.761718e-01
GRID,142,,6.426777e-01,-2.946989e-01,1.518260e-01
GRID,143,,6.426777e-01,-2.991460e-01,1.811730e-02
GRID,144,,6.426777e-01,-2.912855e-01,4.522282e-02
GRID,145,,6.426777e-01,-2.921373e-01,7.099955e-02
GRID,146,,6.426777e-01,-3.008849e-01,-3.212495e-02
GRID,147,,6.426777e-01,-2.872087e-01,1.261790e-01
GRID,148,,6.426777e-01,-2.818573e-01,-4.687049e-03
GRID,149,,6.426777e-01,-2.915124e-01,1.819798e-01
GRID,150,,6.426777e-01,-2.669821e-01,8.794698e-02
GRID,151,,6.426777e-01,-2.687361e-01,1.117369e-01
GRID,152,,6.426777e-01,-2.751524e-01,-3.592928e-02
GRID,153,,6.426777e-01,-2.622915e-01,2.574002e-02
GRID,154,,6.426777e-01,-2.564607e-01,1.441151e-01
GRID,155,,6.426777e-01,-2.671971e-01,1.877152e-01
GRID,156,,6.426777e-01,-2.474915e-01,6.166537e-02
GRID,157,,6.426777e-01,-2.519969e-01,-6.966277e-03
GRID,158,,6.426777e-01,-2.494042e-01,-3.962522e-02
GRID,159,,6.426777e-01,-2.385770e-01,1.073343e-01
GRID,160,,6.426777e-01,-2.330079e-01,1.693159e-01
GRID,161,,6.426777e-01,-2.428517e-01,1.933219e-01
GRID,162,,6.426777e-01,-2.273323e-01,2.344148e-02
GRID,163,,6.426777e-01,-2.206356e-01,1.415299e-01
GRID,164,,6.426777e-01,-2.248439e-01,-1.633517e-02
GRID,165,,6.426777e-01,-2.236363e-01,-4.318322e-02
GRID,166,,6.426777e-01,-2.065741e-01,5.588311e-02
GRID,167,,6.426777e-01,-2.099276e-01,8.848085e-02
GRID,168,,6.426777e-01,-2.184646e-01,1.987455e-01
GRID,169,,6.426777e-01,-2.072631e-01,1.204079e-01
GRID,170,,6.426777e-01,-2.036416e-01,1.683644e-01
GRID,171,,6.426777e-01,-2.018931e-01,2.392512e-03
GRID,172,,6.426777e-01,-1.913202e-01,3.025359e-02
GRID,173,,6.426777e-01,-2.019811e-01,-2.407351e-02
GRID,174,,6.426777e-01,-1.978448e-01,-4.656360e-02
GRID,175,,6.426777e-01,-1.853835e-01,1.491522e-01
GRID,176,,6.426777e-01,-1.951685e-01,1.868260e-01
GRID,177,,6.426777e-01,-1.940247e-01,2.039264e-01
GRID,178,,6.426777e-01,-1.718725e-01,8.847675e-02
GRID,179,,6.426777e-01,-1.786738e-01,1.209347e-01
GRID,180,,6.426777e-01,-1.708314e-01,5.596509e-02
GRID,181,,6.426777e-01,-1.702703e-01,1.813116e-01
GRID,182,,6.426777e-01,-1.801277e-01,-2.897616e-02
GRID,183,,6.426777e-01,-1.821795e-01,-8.421917e-03
GRID,184,,6.426777e-01,-1.800573e-01,1.178981e-02
GRID,185,,6.426777e-01,-1.720245e-01,-4.971980e-02
GRID,186,,6.426777e-01,-1.695229e-01,2.087997e-01
GRID,187,,6.426777e-01,-1.645197e-01,3.135666e-02
GRID,188,,6.426777e-01,-1.522563e-01,1.550751e-01
GRID,189,,6.426777e-01,-1.612750e-01,-1.175239e-02
GRID,190,,6.426777e-01,-1.616078e-01,8.833808e-03
GRID,191,,6.426777e-01,-1.602940e-01,-3.231381e-02
GRID,192,,6.426777e-01,-1.489344e-01,1.231699e-01
GRID,193,,6.426777e-01,-1.461722e-01,-5.259800e-02
GRID,194,,6.426777e-01,-1.454996e-01,7.599850e-02
GRID,195,,6.426777e-01,-1.413276e-01,1.001694e-01
GRID,196,,6.426777e-01,-1.426795e-01,5.093398e-02
GRID,197,,6.426777e-01,-1.427474e-01,1.892469e-01
GRID,198,,6.426777e-01,-1.449463e-01,2.132906e-01
GRID,199,,6.426777e-01,-1.413332e-01,2.704661e-02
GRID,200,,6.426777e-01,-1.408310e-01,3.435183e-03
GRID,201,,6.426777e-01,-1.410419e-01,-2.142387e-02
GRID,202,,6.426777e-01,-1.202846e-01,1.430155e-01
GRID,203,,6.426777e-01,-1.202847e-01,1.677857e-01
GRID,204,,6.426777e-01,-1.202845e-01,1.182454e-01
GRID,205,,6.426777e-01,-1.202839e-01,-3.037561e-02
GRID,206,,6.426777e-01,-1.202838e-01,-5.514577e-02
GRID,207,,6.426777e-01,-1.202843e-01,6.870505e-02
GRID,208,,6.426777e-01,-1.202844e-01,9.347520e-02
GRID,209,,6.426777e-01,-1.202848e-01,1.925559e-01
GRID,210,,6.426777e-01,-1.202849e-01,2.173260e-01
GRID,211,,6.426777e-01,-1.202842e-01,4.393488e-02
GRID,212,,6.426777e-01,-1.202841e-01,1.916472e-02
GRID,213,,6.426777e-01,-1.202840e-01,-5.605446e-03
GRID,214,,6.426777e-01,-9.332318e-02,2.032356e-01
GRID,215,,6.426777e-01,-9.369985e-02,2.210488e-01
GRID,216,,6.426777e-01,-9.700459e-02,1.812626e-01
GRID,217,,6.426777e-01,-1.004496e-01,1.601266e-01
GRID,218,,6.426777e-01,-9.829055e-02,1.355849e-01
GRID,219,,6.426777e-01,-9.083883e-02,1.099128e-01
GRID,220,,6.426777e-01,-9.103769e-02,6.498369e-02
GRID,221,,6.426777e-01,-7.970974e-02,8.415657e-02
GRID,222,,6.426777e-01,-9.818938e-02,4.352134e-02
GRID,223,,6.426777e-01,-1.086684e-01,2.231706e-02
GRID,224,,6.426777e-01,-9.964069e-02,-2.988867e-02
GRID,225,,6.426777e-01,-8.336759e-02,-7.715132e-03
GRID,226,,6.426777e-01,-9.085553e-02,1.555536e-02
GRID,227,,6.426777e-01,-9.359280e-02,-5.736789e-02
GRID,228,,6.426777e-01,-8.123618e-02,1.490570e-01
GRID,229,,6.426777e-01,-7.535750e-02,1.687934e-01
GRID,230,,6.426777e-01,-7.351588e-02,-3.375637e-02
GRID,231,,6.426777e-01,-7.270275e-02,1.276473e-01
GRID,232,,6.426777e-01,-7.304350e-02,3.712025e-02
GRID,233,,6.426777e-01,-7.033087e-02,1.934055e-01
GRID,234,,6.426777e-01,-6.702145e-02,2.240270e-01
GRID,235,,6.426777e-01,-6.687965e-02,-5.912041e-02
GRID,236,,6.426777e-01,-6.141175e-02,5.673075e-02
GRID,237,,6.426777e-01,-6.480367e-02,1.094199e-02
GRID,238,,6.426777e-01,-6.147237e-02,1.020077e-01
GRID,239,,6.426777e-01,-5.602481e-02,-1.423417e-02
GRID,240,,6.426777e-01,-5.978226e-02,1.478192e-01
GRID,241,,6.426777e-01,-4.785130e-02,7.486645e-02
GRID,242,,6.426777e-01,-4.856079e-02,1.712727e-01
GRID,243,,6.426777e-01,-5.040313e-02,-3.987085e-02
GRID,244,,6.426777e-01,-4.790328e-02,2.942355e-02
GRID,245,,6.426777e-01,-4.795188e-02,1.210725e-01
GRID,246,,6.426777e-01,-4.777541e-02,2.011680e-01
GRID,247,,6.426777e-01,-4.026284e-02,2.261340e-01
GRID,248,,6.426777e-01,-4.013954e-02,-6.034624e-02
GRID,249,,6.426777e-01,-4.007967e-02,3.386858e-03
GRID,250,,6.426777e-01,-3.472106e-02,9.316682e-02
GRID,251,,6.426777e-01,-3.512938e-02,4.775368e-02
GRID,252,,6.426777e-01,-3.431622e-02,1.403554e-01
GRID,253,,6.426777e-01,-3.347834e-02,-2.214999e-02
GRID,254,,6.426777e-01,-2.953754e-02,-4.373552e-02
GRID,255,,6.426777e-01,-2.039552e-02,1.600775e-01
GRID,256,,6.426777e-01,-2.704068e-02,1.872737e-01
GRID,257,,6.426777e-01,-2.008553e-02,1.109941e-01
GRID,258,,6.426777e-01,-2.513267e-02,2.105720e-02
GRID,259,,6.426777e-01,-2.106384e-02,6.534743e-02
GRID,260,,6.426777e-01,-2.760083e-02,2.107748e-01
GRID,261,,6.426777e-01,-1.343910e-02,2.272484e-01
GRID,262,,6.426777e-01,-1.337621e-02,-6.098600e-02
GRID,263,,6.426777e-01,-1.764377e-02,-5.294180e-03
GRID,264,,6.426777e-01,-9.538177e-03,3.834280e-02
GRID,265,,6.426777e-01,-6.720613e-03,8.291000e-02
GRID,266,,6.426777e-01,-4.602281e-03,1.292025e-01
GRID,267,,6.426777e-01,-1.255202e-02,-3.220050e-02
GRID,268,,6.426777e-01,-6.941461e-03,2.061011e-01
GRID,269,,6.426777e-01,-3.720903e-03,1.802014e-01
GRID,270,,6.426777e-01,-1.155705e-03,1.262790e-02
GRID,271,,6.426777e-01,4.569430e-03,5.570378e-02
GRID,272,,6.426777e-01,6.461262e-03,1.557630e-01
GRID,273,,6.426777e-01,8.274980e-03,1.002351e-01
GRID,274,,6.426777e-01,4.573861e-03,-1.433012e-02
GRID,275,,6.426777e-01,1.339831e-02,2.272497e-01
GRID,276,,6.426777e-01,6.519902e-03,-4.073161e-02
GRID,277,,6.426777e-01,1.339141e-02,-6.098571e-02
GRID,278,,6.426777e-01,1.988163e-02,2.988345e-02
GRID,279,,6.426777e-01,1.279261e-02,1.987409e-01
GRID,280,,6.426777e-01,1.891505e-02,7.388615e-02
GRID,281,,6.426777e-01,2.421451e-02,1.148702e-01
GRID,282,,6.426777e-01,2.000292e-02,1.363724e-01
GRID,283,,6.426777e-01,2.376688e-02,1.776867e-01
GRID,284,,6.426777e-01,2.443933e-02,2.368791e-03
GRID,285,,6.426777e-01,2.673061e-02,5.314315e-02
GRID,286,,6.426777e-01,2.691569e-02,-2.311500e-02
GRID,287,,6.426777e-01,3.561414e-02,1.532513e-01
GRID,288,,6.426777e-01,2.686335e-02,-4.481325e-02
GRID,289,,6.426777e-01,3.344106e-02,9.000463e-02
GRID,290,,6.426777e-01,3.979814e-02,2.025308e-01
GRID,291,,6.426777e-01,4.015457e-02,-6.034563e-02
GRID,292,,6.426777e-01,4.022240e-02,2.261370e-01
GRID,293,,6.426777e-01,4.307019e-02,6.588779e-02
GRID,294,,6.426777e-01,4.728010e-02,1.670656e-02
GRID,295,,6.426777e-01,4.643423e-02,4.062958e-02
GRID,296,,6.426777e-01,4.381497e-02,1.283708e-01
GRID,297,,6.426777e-01,5.271560e-02,1.725314e-01
GRID,298,,6.426777e-01,4.617109e-02,1.061103e-01
GRID,299,,6.426777e-01,5.029896e-02,-1.049929e-02
GRID,300,,6.426777e-01,4.751657e-02,-3.794653e-02
GRID,301,,6.426777e-01,5.879470e-02,8.602444e-02
GRID,302,,6.426777e-01,6.640105e-02,1.412780e-01
GRID,303,,6.426777e-01,7.055553e-02,1.955919e-01
GRID,304,,6.426777e-01,6.697948e-02,2.240302e-01
GRID,305,,6.426777e-01,6.689457e-02,-5.911951e-02
GRID,306,,6.426777e-01,6.731297e-02,5.998790e-02
GRID,307,,6.426777e-01,6.755676e-02,1.109942e-01
GRID,308,,6.426777e-01,7.081385e-02,3.362105e-02
GRID,309,,6.426777e-01,7.181722e-02,9.076434e-03
GRID,310,,6.426777e-01,6.902284e-02,-3.047522e-02
GRID,311,,6.426777e-01,7.585211e-02,-1.071878e-02
GRID,312,,6.426777e-01,7.864803e-02,1.662613e-01
GRID,313,,6.426777e-01,8.863052e-02,8.342647e-02
GRID,314,,6.426777e-01,9.279848e-02,1.147579e-01
GRID,315,,6.426777e-01,9.443977e-02,1.411692e-01
GRID,316,,6.426777e-01,8.829309e-02,-4.003660e-02
GRID,317,,6.426777e-01,9.360699e-02,-5.736583e-02
GRID,318,,6.426777e-01,9.365936e-02,2.210540e-01
GRID,319,,6.426777e-01,9.371453e-02,5.290676e-02
GRID,320,,6.426777e-01,9.582349e-02,-2.017413e-02
GRID,321,,6.426777e-01,9.555470e-02,1.857774e-01
GRID,322,,6.426777e-01,9.549473e-02,2.592567e-02
GRID,323,,6.426777e-01,9.662950e-02,3.004465e-03
GRID,324,,6.426777e-01,1.010945e-01,1.606375e-01
GRID,325,,6.426777e-01,1.202838e-01,-5.514594e-02
GRID,326,,6.426777e-01,1.202839e-01,-3.037585e-02
GRID,327,,6.426777e-01,1.202843e-01,6.870448e-02
GRID,328,,6.426777e-01,1.202844e-01,9.347456e-02
GRID,329,,6.426777e-01,1.202845e-01,1.182446e-01
GRID,330,,6.426777e-01,1.202848e-01,1.925549e-01
GRID,331,,6.426777e-01,1.202849e-01,2.173250e-01
GRID,332,,6.426777e-01,1.202842e-01,4.393439e-02
GRID,333,,6.426777e-01,1.202846e-01,1.430147e-01
GRID,334,,6.426777e-01,1.202841e-01,1.916431e-02
GRID,335,,6.426777e-01,1.202847e-01,1.677848e-01
GRID,336,,6.426777e-01,1.202840e-01,-5.605772e-03
GRID,337,,6.426777e-01,1.461720e-01,-5.259753e-02
GRID,338,,6.426777e-01,1.458989e-01,-9.018524e-03
GRID,339,,6.426777e-01,1.529044e-01,-3.161544e-02
GRID,340,,6.426777e-01,1.387729e-01,1.926782e-02
GRID,341,,6.426777e-01,1.528871e-01,5.012012e-02
GRID,342,,6.426777e-01,1.546301e-01,8.079237e-02
GRID,343,,6.426777e-01,1.414045e-01,1.232316e-01
GRID,344,,6.426777e-01,1.620042e-01,1.087847e-01
GRID,345,,6.426777e-01,1.433472e-01,1.542063e-01
GRID,346,,6.426777e-01,1.452842e-01,1.851667e-01
GRID,347,,6.426777e-01,1.449407e-01,2.132917e-01
GRID,348,,6.426777e-01,1.660699e-01,1.532518e-02
GRID,349,,6.426777e-01,1.673071e-01,1.419674e-01
GRID,350,,6.426777e-01,1.677563e-01,1.734671e-01
GRID,351,,6.426777e-01,1.695166e-01,2.087989e-01
GRID,352,,6.426777e-01,1.774043e-01,-1.754289e-02
GRID,353,,6.426777e-01,1.720248e-01,-4.971878e-02
GRID,354,,6.426777e-01,1.869500e-01,3.696125e-02
GRID,355,,6.426777e-01,1.845961e-01,6.754542e-02
GRID,356,,6.426777e-01,1.937064e-01,9.834043e-02
GRID,357,,6.426777e-01,1.927830e-01,1.317731e-01
GRID,358,,6.426777e-01,2.017647e-01,6.455345e-03
GRID,359,,6.426777e-01,1.945309e-01,1.636019e-01
GRID,360,,6.426777e-01,1.890742e-01,1.881650e-01
GRID,361,,6.426777e-01,1.940187e-01,2.039277e-01
GRID,362,,6.426777e-01,1.978450e-01,-4.656414e-02
GRID,363,,6.426777e-01,2.058748e-01,-2.195782e-02
GRID,364,,6.426777e-01,2.091320e-01,5.364467e-02
GRID,365,,6.426777e-01,2.189501e-01,7.743625e-02
GRID,366,,6.426777e-01,2.218201e-01,3.120288e-02
GRID,367,,6.426777e-01,2.184582e-01,1.987461e-01
GRID,368,,6.426777e-01,2.187879e-01,1.246593e-01
GRID,369,,6.426777e-01,2.244796e-01,1.600979e-01
GRID,370,,6.426777e-01,2.347553e-01,1.033603e-01
GRID,371,,6.426777e-01,2.236367e-01,-4.318364e-02
GRID,372,,6.426777e-01,2.303674e-01,-1.492124e-02
GRID,373,,6.426777e-01,2.407962e-01,9.438489e-03
GRID,374,,6.426777e-01,2.416839e-01,5.623811e-02
GRID,375,,6.426777e-01,2.428454e-01,1.933234e-01
GRID,376,,6.426777e-01,2.486082e-01,1.349707e-01
GRID,377,,6.426777e-01,2.577991e-01,8.281152e-02
GRID,378,,6.426777e-01,2.593644e-01,3.359663e-02
GRID,379,,6.426777e-01,2.494044e-01,-3.962539e-02
GRID,380,,6.426777e-01,2.590015e-01,1.658770e-01
GRID,381,,6.426777e-01,2.612551e-01,-1.278997e-02
GRID,382,,6.426777e-01,2.714342e-01,1.142113e-01
GRID,383,,6.426777e-01,2.788492e-01,1.120261e-02
GRID,384,,6.426777e-01,2.802115e-01,6.036067e-02
GRID,385,,6.426777e-01,2.671909e-01,1.877178e-01
GRID,386,,6.426777e-01,2.839556e-01,1.493355e-01
GRID,387,,6.426777e-01,2.751527e-01,-3.592911e-02
GRID,388,,6.426777e-01,2.951126e-01,9.187924e-02
GRID,389,,6.426777e-01,2.915060e-01,1.819812e-01
GRID,390,,6.426777e-01,2.996017e-01,3.663251e-02
GRID,391,,6.426777e-01,2.949053e-01,-1.169357e-02
GRID,392,,6.426777e-01,3.066984e-01,1.301005e-01
GRID,393,,6.426777e-01,3.008852e-01,-3.212479e-02
GRID,394,,6.426777e-01,3.148615e-01,9.345769e-03
GRID,395,,6.426777e-01,3.223122e-01,6.747729e-02
GRID,396,,6.426777e-01,3.158040e-01,1.761732e-01
GRID,397,,6.426777e-01,3.266065e-01,-2.824548e-02
GRID,398,,6.426777e-01,3.287784e-01,1.050673e-01
GRID,399,,6.426777e-01,3.400064e-01,3.457555e-02
GRID,400,,6.426777e-01,3.345119e-01,1.412191e-01
GRID,401,,6.426777e-01,3.398040e-01,1.529759e-03
GRID,402,,6.426777e-01,3.401008e-01,1.703596e-01
GRID,403,,6.426777e-01,3.633175e-01,5.979667e-02
GRID,404,,6.426777e-01,3.580605e-01,8.996974e-02
GRID,405,,6.426777e-01,3.523217e-01,-2.432565e-02
GRID,406,,6.426777e-01,3.591458e-01,1.205263e-01
GRID,407,,6.426777e-01,3.617937e-01,1.468981e-01
GRID,408,,6.426777e-01,3.635368e-01,7.619239e-03
GRID,409,,6.426777e-01,3.785003e-01,3.343927e-02
GRID,410,,6.426777e-01,3.644104e-01,1.646003e-01
GRID,411,,6.426777e-01,3.780336e-01,-2.038463e-02
GRID,412,,6.426777e-01,3.920366e-01,8.207607e-02
GRID,413,,6.426777e-01,3.881586e-01,1.093298e-01
GRID,414,,6.426777e-01,3.878260e-01,1.355423e-01
GRID,415,,6.426777e-01,3.887438e-01,1.589420e-01
GRID,416,,6.426777e-01,4.011023e-01,5.757072e-02
GRID,417,,6.426777e-01,3.917935e-01,8.667588e-03
GRID,418,,6.426777e-01,4.037458e-01,-1.644556e-02
GRID,419,,6.426777e-01,4.113969e-01,3.344113e-02
GRID,420,,6.426777e-01,4.152597e-01,1.272957e-01
GRID,421,,6.426777e-01,4.131128e-01,1.534399e-01
GRID,422,,6.426777e-01,4.151193e-01,1.026186e-01
GRID,423,,6.426777e-01,4.195421e-01,1.007255e-02
GRID,424,,6.426777e-01,4.278632e-01,8.218464e-02
GRID,425,,6.426777e-01,4.356998e-01,5.683799e-02
GRID,426,,6.426777e-01,4.294620e-01,-1.253260e-02
GRID,427,,6.426777e-01,4.407510e-01,3.273124e-02
GRID,428,,6.426777e-01,4.375248e-01,1.481298e-01
GRID,429,,6.426777e-01,4.447772e-01,1.133148e-01
GRID,430,,6.426777e-01,4.454505e-01,1.077224e-02
GRID,431,,6.426777e-01,4.656680e-01,8.171060e-02
GRID,432,,6.426777e-01,4.551837e-01,-8.656206e-03
GRID,433,,6.426777e-01,4.672838e-01,5.155210e-02
GRID,434,,6.426777e-01,4.619821e-01,1.430349e-01
GRID,435,,6.426777e-01,4.674675e-01,2.888107e-02
GRID,436,,6.426777e-01,4.797204e-01,1.118149e-01
GRID,437,,6.426777e-01,4.688217e-01,9.534645e-03
GRID,438,,6.426777e-01,4.809094e-01,-4.806305e-03
GRID,439,,6.426777e-01,4.864801e-01,1.381369e-01
GRID,440,,6.426777e-01,4.997919e-01,6.231752e-02
GRID,441,,6.426777e-01,5.046506e-01,9.245297e-02
GRID,442,,6.426777e-01,4.949455e-01,3.731868e-02
GRID,443,,6.426777e-01,4.906978e-01,1.648450e-02
GRID,444,,6.426777e-01,5.110142e-01,1.334257e-01
GRID,445,,6.426777e-01,5.066367e-01,-9.668369e-04
GRID,446,,6.426777e-01,5.165970e-01,2.035196e-02
GRID,447,,6.426777e-01,5.271482e-01,4.125900e-02
GRID,448,,6.426777e-01,5.328703e-01,6.749813e-02
GRID,449,,6.426777e-01,5.334641e-01,9.954717e-02
GRID,450,,6.426777e-01,5.323636e-01,2.874594e-03
GRID,451,,6.426777e-01,5.355844e-01,1.289043e-01
GRID,452,,6.426777e-01,5.421971e-01,2.246805e-02
GRID,453,,6.426777e-01,5.617210e-01,4.005459e-02
GRID,454,,6.426777e-01,5.580936e-01,6.696043e-03
GRID,455,,6.426777e-01,5.599810e-01,7.455206e-02
GRID,456,,6.426777e-01,5.585090e-01,1.030114e-01
GRID,457,,6.426777e-01,5.601998e-01,1.246363e-01
GRID,458,,6.426777e-01,5.838477e-01,1.035118e-02
GRID,459,,6.426777e-01,5.836948e-01,8.412703e-02
GRID,460,,6.426777e-01,5.839434e-01,1.050979e-01
GRID,461,,6.426777e-01,5.859157e-01,5.745737e-02
GRID,462,,6.426777e-01,5.848853e-01,1.207938e-01
GRID,463,,6.426777e-01,5.897551e-01,3.273152e-02
GRID,464,,6.426777e-01,6.096000e-01,6.555544e-02
GRID,465,,6.426777e-01,6.096000e-01,1.170918e-01
GRID,466,,6.899473e-01,6.096000e-01,4.205619e-02
GRID,467,,6.938239e-01,-6.096000e-01,1.109914e-01
GRID,468,,6.920627e-01,-6.096000e-01,1.250333e-01
GRID,469,,6.920627e-01,6.096000e-01,1.250333e-01
GRID,470,,6.922843e-01,6.096000e-01,9.767577e-03
GRID,471,,6.877548e-01,-6.096000e-01,3.066623e-02
GRID,472,,6.922863e-01,-6.096000e-01,9.767422e-03
GRID,473,,6.935518e-01,-6.096000e-01,5.104881e-02
GRID,474,,7.006240e-01,-6.096000e-01,7.249555e-02
GRID,475,,7.000942e-01,6.096000e-01,7.461187e-02
GRID,476,,7.104791e-01,-6.096000e-01,9.586141e-02
GRID,477,,7.089082e-01,6.096000e-01,1.021365e-01
GRID,478,,7.108312e-01,-6.096000e-01,3.071449e-02
GRID,479,,7.218024e-01,6.096000e-01,5.375193e-02
GRID,480,,7.175776e-01,6.096000e-01,2.787998e-02
GRID,481,,7.168300e-01,-6.096000e-01,1.285108e-01
GRID,482,,7.168300e-01,6.096000e-01,1.285108e-01
GRID,483,,7.171132e-01,6.096000e-01,7.957503e-03
GRID,484,,7.171152e-01,-6.096000e-01,7.957363e-03
GRID,485,,7.229406e-01,-6.096000e-01,5.112377e-02
GRID,486,,7.273352e-01,6.096000e-01,8.063538e-02
GRID,487,,7.327386e-01,-6.096000e-01,7.418801e-02
GRID,488,,7.346224e-01,6.096000e-01,1.058331e-01
GRID,489,,7.373708e-01,-6.096000e-01,1.026058e-01
GRID,490,,7.385578e-01,-6.096000e-01,2.744884e-02
GRID,491,,7.416345e-01,-6.096000e-01,1.317137e-01
GRID,492,,7.416345e-01,6.096000e-01,1.317137e-01
GRID,493,,7.419529e-01,6.096000e-01,6.309696e-03
GRID,494,,7.419548e-01,-6.096000e-01,6.309577e-03
GRID,495,,7.464526e-01,6.096000e-01,3.175623e-02
GRID,496,,7.502351e-01,6.096000e-01,6.035351e-02
GRID,497,,7.559492e-01,-6.096000e-01,4.536325e-02
GRID,498,,7.497563e-01,6.096000e-01,8.540602e-02
GRID,499,,7.613596e-01,-6.096000e-01,7.890213e-02
GRID,500,,7.599249e-01,6.096000e-01,1.061296e-01
GRID,501,,7.661748e-01,-6.096000e-01,1.077502e-01
GRID,502,,7.668052e-01,-6.096000e-01,4.823617e-03
GRID,503,,7.664728e-01,-6.096000e-01,1.346435e-01
GRID,504,,7.664728e-01,6.096000e-01,1.346435e-01
GRID,505,,7.668033e-01,6.096000e-01,4.823724e-03
GRID,506,,7.747959e-01,6.096000e-01,4.201951e-02
GRID,507,,7.713686e-01,6.096000e-01,7.468623e-02
GRID,508,,7.827997e-01,-6.096000e-01,2.808137e-02
GRID,509,,7.826481e-01,-6.096000e-01,5.826866e-02
GRID,510,,7.845529e-01,6.096000e-01,1.030765e-01
GRID,511,,7.912384e-01,-6.096000e-01,8.724332e-02
GRID,512,,7.945144e-01,-6.096000e-01,1.153934e-01
GRID,513,,7.913386e-01,-6.096000e-01,1.373254e-01
GRID,514,,7.913386e-01,6.096000e-01,1.373254e-01
GRID,515,,7.899683e-01,6.096000e-01,2.187848e-02
GRID,516,,7.916622e-01,6.096000e-01,3.489238e-03
GRID,517,,7.916641e-01,-6.096000e-01,3.489137e-03
GRID,518,,7.960346e-01,6.096000e-01,6.963881e-02
GRID,519,,8.061220e-01,6.096000e-01,4.308334e-02
GRID,520,,8.016775e-01,-6.096000e-01,4.247372e-02
GRID,521,,8.118005e-01,-6.096000e-01,6.851398e-02
GRID,522,,8.082728e-01,-6.096000e-01,2.128560e-02
GRID,523,,8.102437e-01,6.096000e-01,9.698285e-02
GRID,524,,8.147619e-01,6.096000e-01,1.900413e-02
GRID,525,,8.242589e-01,-6.096000e-01,9.841059e-02
GRID,526,,8.162271e-01,-6.096000e-01,1.397914e-01
GRID,527,,8.162271e-01,6.096000e-01,1.397914e-01
GRID,528,,8.249086e-01,6.096000e-01,1.144324e-01
GRID,529,,8.165281e-01,6.096000e-01,2.294623e-03
GRID,530,,8.165300e-01,-6.096000e-01,2.294538e-03
GRID,531,,8.228028e-01,-6.096000e-01,1.228634e-01
GRID,532,,8.239434e-01,6.096000e-01,6.558101e-02
GRID,533,,8.244720e-01,-6.096000e-01,4.648195e-02
GRID,534,,8.346929e-01,6.096000e-01,3.598854e-02
GRID,535,,8.327529e-01,-6.096000e-01,2.339871e-02
GRID,536,,8.401169e-01,6.096000e-01,8.710303e-02
GRID,537,,8.419079e-01,-6.096000e-01,7.574045e-02
GRID,538,,8.414004e-01,6.096000e-01,1.240964e-03
GRID,539,,8.411362e-01,-6.096000e-01,1.420391e-01
GRID,540,,8.411362e-01,6.096000e-01,1.420391e-01
GRID,541,,8.414023e-01,-6.096000e-01,1.240887e-03
GRID,542,,8.486459e-01,-6.096000e-01,1.220828e-01
GRID,543,,8.535712e-01,6.096000e-01,5.871470e-02
GRID,544,,8.569577e-01,-6.096000e-01,1.021784e-01
GRID,545,,8.489495e-01,-6.096000e-01,4.811239e-02
GRID,546,,8.464607e-01,6.096000e-01,1.259898e-01
GRID,547,,8.570988e-01,6.096000e-01,1.046345e-01
GRID,548,,8.571064e-01,-6.096000e-01,2.398133e-02
GRID,549,,8.615345e-01,6.096000e-01,2.898872e-02
GRID,550,,8.708478e-01,6.096000e-01,8.023609e-02
GRID,551,,8.660633e-01,-6.096000e-01,1.440778e-01
GRID,552,,8.660633e-01,6.096000e-01,1.440778e-01
GRID,553,,8.662779e-01,6.096000e-01,3.164183e-04
GRID,554,,8.662798e-01,-6.096000e-01,3.163507e-04
GRID,555,,8.681421e-01,-6.096000e-01,6.727110e-02
GRID,556,,8.689009e-01,-6.096000e-01,8.683881e-02
GRID,557,,8.764002e-01,6.096000e-01,1.223631e-01
GRID,558,,8.763542e-01,-6.096000e-01,1.231869e-01
GRID,559,,8.727365e-01,-6.096000e-01,4.590231e-02
GRID,560,,8.853881e-01,6.096000e-01,5.289076e-02
GRID,561,,8.861853e-01,-6.096000e-01,1.033833e-01
GRID,562,,8.875485e-01,6.096000e-01,1.003340e-01
GRID,563,,8.802439e-01,-6.096000e-01,2.254283e-02
GRID,564,,8.873640e-01,6.096000e-01,2.376570e-02
GRID,565,,8.910052e-01,-6.096000e-01,1.459280e-01
GRID,566,,8.910052e-01,6.096000e-01,1.459280e-01
GRID,567,,8.911592e-01,6.096000e-01,-4.975576e-04
GRID,568,,8.911611e-01,-6.096000e-01,-4.976165e-04
GRID,569,,8.929603e-01,-6.096000e-01,6.083518e-02
GRID,570,,8.922303e-01,-6.096000e-01,8.164391e-02
GRID,571,,8.990026e-01,6.096000e-01,7.888284e-02
GRID,572,,8.920826e-01,-6.096000e-01,4.112362e-02
GRID,573,,9.054734e-01,-6.096000e-01,1.233449e-01
GRID,574,,9.052537e-01,6.096000e-01,1.231324e-01
GRID,575,,9.027851e-01,-6.096000e-01,2.345069e-02
GRID,576,,9.161210e-01,6.096000e-01,6.118317e-02
GRID,577,,9.128680e-01,6.096000e-01,3.778384e-02
GRID,578,,9.142850e-01,-6.096000e-01,1.000448e-01
GRID,579,,9.103046e-01,6.096000e-01,1.691781e-02
GRID,580,,9.159858e-01,6.096000e-01,1.021109e-01
GRID,581,,9.159603e-01,-6.096000e-01,1.475878e-01
GRID,582,,9.159603e-01,6.096000e-01,1.475878e-01
GRID,583,,9.160439e-01,6.096000e-01,-1.200989e-03
GRID,584,,9.160458e-01,-6.096000e-01,-1.201039e-03
GRID,585,,9.132084e-01,-6.096000e-01,4.895514e-02
GRID,586,,9.187256e-01,-6.096000e-01,7.345799e-02
GRID,587,,9.223569e-01,6.096000e-01,8.206259e-02
GRID,588,,9.227610e-01,-6.096000e-01,2.930953e-02
GRID,589,,9.409335e-01,6.096000e-01,1.239174e-01
GRID,590,,9.409335e-01,-6.096000e-01,1.239174e-01
GRID,591,,9.409335e-01,6.096000e-01,2.335155e-02
GRID,592,,9.409335e-01,6.096000e-01,4.849302e-02
GRID,593,,9.409335e-01,-6.096000e-01,4.849302e-02
GRID,594,,9.409335e-01,-6.096000e-01,9.877598e-02
GRID,595,,9.409335e-01,-6.096000e-01,1.490589e-01
GRID,596,,9.409335e-01,6.096000e-01,1.490589e-01
GRID,597,,9.409335e-01,6.096000e-01,9.877598e-02
GRID,598,,9.409335e-01,6.096000e-01,-1.789927e-03
GRID,599,,9.409335e-01,-6.096000e-01,-1.789927e-03
GRID,600,,9.409335e-01,-6.096000e-01,2.335155e-02
GRID,601,,9.409335e-01,6.096000e-01,7.363450e-02
GRID,602,,9.409335e-01,-6.096000e-01,7.363450e-02
GRID,603,,9.409335e-01,-5.898282e-01,2.297954e-02
GRID,604,,9.409335e-01,-6.096000e-01,2.335148e-02
GRID,605,,9.409335e-01,-5.838672e-01,-3.903872e-03
GRID,606,,9.591121e-01,-6.096000e-01,2.363481e-02
GRID,607,,9.657907e-01,-6.096000e-01,-2.253078e-03
GRID,608,,9.409335e-01,-5.836284e-01,5.335021e-02
GRID,609,,9.622856e-01,-6.096000e-01,5.019037e-02
GRID,610,,9.409335e-01,-5.829688e-01,8.540114e-02
GRID,611,,9.686689e-01,-6.096000e-01,7.487193e-02
GRID,612,,9.409335e-01,-5.839736e-01,1.195208e-01
GRID,613,,9.669581e-01,-6.096000e-01,1.022828e-01
GRID,614,,9.409335e-01,-5.836456e-01,1.503924e-01
GRID,615,,9.657694e-01,-6.096000e-01,1.503290e-01
GRID,616,,9.696890e-01,-6.096000e-01,1.247597e-01
GRID,617,,9.409335e-01,-5.658444e-01,2.744530e-02
GRID,618,,9.409335e-01,-5.560486e-01,1.113449e-01
GRID,619,,9.409335e-01,-5.577283e-01,1.522815e-01
GRID,620,,9.409335e-01,-5.581576e-01,-6.271371e-03
GRID,621,,9.409335e-01,-5.539905e-01,6.658589e-02
GRID,622,,9.409335e-01,-5.394256e-01,2.978296e-02
GRID,623,,9.409335e-01,-5.324911e-01,-9.070911e-03
GRID,624,,9.409335e-01,-5.318951e-01,1.551271e-01
GRID,625,,9.409335e-01,-5.284417e-01,1.025964e-01
GRID,626,,9.409335e-01,-5.221041e-01,6.133532e-02
GRID,627,,9.409335e-01,-5.151331e-01,2.597605e-02
GRID,628,,9.409335e-01,-5.068354e-01,-1.196475e-02
GRID,629,,9.409335e-01,-5.022197e-01,3.864277e-03
GRID,630,,9.409335e-01,-5.046528e-01,1.277791e-01
GRID,631,,9.409335e-01,-5.061150e-01,1.584066e-01
GRID,632,,9.409335e-01,-4.988591e-01,8.663735e-02
GRID,633,,9.409335e-01,-4.942234e-01,5.001920e-02
GRID,634,,9.409335e-01,-4.920165e-01,2.158105e-02
GRID,635,,9.409335e-01,-4.811835e-01,-1.489332e-02
GRID,636,,9.409335e-01,-4.803731e-01,1.619786e-01
GRID,637,,9.409335e-01,-4.746902e-01,1.131452e-01
GRID,638,,9.409335e-01,-4.748825e-01,5.128729e-03
GRID,639,,9.409335e-01,-4.667315e-01,7.044851e-02
GRID,640,,9.409335e-01,-4.699022e-01,3.366921e-02
GRID,641,,9.409335e-01,-4.555361e-01,-1.786052e-02
GRID,642,,9.409335e-01,-4.489154e-01,1.325177e-01
GRID,643,,9.409335e-01,-4.546713e-01,1.658252e-01
GRID,644,,9.409335e-01,-4.501231e-01,1.165168e-02
GRID,645,,9.409335e-01,-4.415159e-01,9.671759e-02
GRID,646,,9.409335e-01,-4.429461e-01,4.082714e-02
GRID,647,,9.409335e-01,-4.336605e-01,6.737665e-02
GRID,648,,9.409335e-01,-4.323562e-01,-1.476588e-03
GRID,649,,9.409335e-01,-4.298942e-01,-2.087484e-02
GRID,650,,9.409335e-01,-4.285018e-01,1.482625e-01
GRID,651,,9.409335e-01,-4.290107e-01,1.699410e-01
GRID,652,,9.409335e-01,-4.220483e-01,2.069406e-02
GRID,653,,9.409335e-01,-4.077921e-01,1.239440e-01
GRID,654,,9.409335e-01,-4.101654e-01,5.067816e-02
GRID,655,,9.409335e-01,-4.023701e-01,8.758507e-02
GRID,656,,9.409335e-01,-4.066911e-01,-2.223960e-03
GRID,657,,9.409335e-01,-4.042580e-01,-2.393744e-02
GRID,658,,9.409335e-01,-4.017859e-01,1.561587e-01
GRID,659,,9.409335e-01,-4.033926e-01,1.743109e-01
GRID,660,,9.409335e-01,-3.918066e-01,2.156850e-02
GRID,661,,9.409335e-01,-3.706176e-01,6.322855e-02
GRID,662,,9.409335e-01,-3.635920e-01,1.120702e-01
GRID,663,,9.409335e-01,-3.727986e-01,1.513466e-01
GRID,664,,9.409335e-01,-3.786271e-01,-2.704411e-02
GRID,665,,9.409335e-01,-3.778135e-01,1.789057e-01
GRID,666,,9.409335e-01,-3.659410e-01,2.030186e-02
GRID,667,,9.409335e-01,-3.530000e-01,-3.018216e-02
GRID,668,,9.409335e-01,-3.448156e-01,3.584705e-03
GRID,669,,9.409335e-01,-3.522689e-01,1.836872e-01
GRID,670,,9.409335e-01,-3.392495e-01,1.537056e-01
GRID,671,,9.409335e-01,-3.363857e-01,4.182578e-02
GRID,672,,9.409335e-01,-3.297095e-01,8.215327e-02
GRID,673,,9.409335e-01,-3.179388e-01,1.212102e-01
GRID,674,,9.409335e-01,-3.273753e-01,-3.333950e-02
GRID,675,,9.409335e-01,-3.207935e-01,-8.987134e-03
GRID,676,,9.409335e-01,-3.267501e-01,1.886051e-01
GRID,677,,9.409335e-01,-3.093558e-01,2.035038e-02
GRID,678,,9.409335e-01,-3.053977e-01,1.603152e-01
GRID,679,,9.409335e-01,-2.961113e-01,5.350443e-02
GRID,680,,9.409335e-01,-2.864554e-01,9.057096e-02
GRID,681,,9.409335e-01,-3.017508e-01,-3.649842e-02
GRID,682,,9.409335e-01,-3.012473e-01,1.936045e-01
GRID,683,,9.409335e-01,-2.883714e-01,-8.096534e-03
GRID,684,,9.409335e-01,-2.780552e-01,1.307206e-01
GRID,685,,9.409335e-01,-2.696175e-01,1.981358e-02
GRID,686,,9.409335e-01,-2.689978e-01,1.680752e-01
GRID,687,,9.409335e-01,-2.761223e-01,-3.962469e-02
GRID,688,,9.409335e-01,-2.757444e-01,1.986036e-01
GRID,689,,9.409335e-01,-2.502971e-01,5.560027e-02
GRID,690,,9.409335e-01,-2.536924e-01,-1.570754e-02
GRID,691,,9.409335e-01,-2.479799e-01,1.008102e-01
GRID,692,,9.409335e-01,-2.402934e-01,1.375555e-01
GRID,693,,9.409335e-01,-2.504882e-01,-4.270520e-02
GRID,694,,9.409335e-01,-2.502309e-01,2.035481e-01
GRID,695,,9.409335e-01,-2.271436e-01,7.294034e-03
GRID,696,,9.409335e-01,-2.346098e-01,1.699194e-01
GRID,697,,9.409335e-01,-2.248480e-01,-4.573351e-02
GRID,698,,9.409335e-01,-2.089378e-01,4.496766e-02
GRID,699,,9.409335e-01,-2.201113e-01,7.843913e-02
GRID,700,,9.409335e-01,-2.270847e-01,1.910426e-01
GRID,701,,9.409335e-01,-2.246975e-01,2.083891e-01
GRID,702,,9.409335e-01,-2.045395e-01,1.142437e-01
GRID,703,,9.409335e-01,-2.068586e-01,1.523864e-01
GRID,704,,9.409335e-01,-2.066169e-01,1.835784e-01
GRID,705,,9.409335e-01,-1.922426e-01,-2.118194e-02
GRID,706,,9.409335e-01,-1.903591e-01,1.540381e-02
GRID,707,,9.409335e-01,-1.991991e-01,-4.868818e-02
GRID,708,,9.409335e-01,-1.991348e-01,2.130742e-01
GRID,709,,9.409335e-01,-1.871283e-01,7.931753e-02
GRID,710,,9.409335e-01,-1.752400e-01,4.754367e-02
GRID,711,,9.409335e-01,-1.761300e-01,1.421648e-01
GRID,712,,9.409335e-01,-1.810813e-01,1.728174e-01
GRID,713,,9.409335e-01,-1.848500e-01,1.966466e-01
GRID,714,,9.409335e-01,-1.623935e-01,1.118645e-01
GRID,715,,9.409335e-01,-1.735372e-01,-5.152750e-02
GRID,716,,9.409335e-01,-1.735320e-01,2.175304e-01
GRID,717,,9.409335e-01,-1.526632e-01,-3.249725e-02
GRID,718,,9.409335e-01,-1.635991e-01,-5.284207e-03
GRID,719,,9.409335e-01,-1.615453e-01,2.376566e-02
GRID,720,,9.409335e-01,-1.563036e-01,7.590896e-02
GRID,721,,9.409335e-01,-1.633220e-01,1.960099e-01
GRID,722,,9.409335e-01,-1.537539e-01,1.704362e-01
GRID,723,,9.409335e-01,-1.439613e-01,1.451014e-01
GRID,724,,9.409335e-01,-1.463232e-01,4.986934e-02
GRID,725,,9.409335e-01,-1.478564e-01,-5.419173e-02
GRID,726,,9.409335e-01,-1.478770e-01,2.216830e-01
GRID,727,,9.409335e-01,-1.395034e-01,-1.378699e-02
GRID,728,,9.409335e-01,-1.414531e-01,7.580425e-03
GRID,729,,9.409335e-01,-1.399802e-01,1.976358e-01
GRID,730,,9.409335e-01,-1.378984e-01,9.571880e-02
GRID,731,,9.409335e-01,-1.221517e-01,1.228787e-01
GRID,732,,9.409335e-01,-1.387722e-01,2.922619e-02
GRID,733,,9.409335e-01,-1.221515e-01,7.159677e-02
GRID,734,,9.409335e-01,-1.221519e-01,1.741606e-01
GRID,735,,9.409335e-01,-1.221510e-01,-3.096709e-02
GRID,736,,9.409335e-01,-1.221521e-01,2.254426e-01
GRID,737,,9.409335e-01,-1.221509e-01,-5.660806e-02
GRID,738,,9.409335e-01,-1.221514e-01,4.595580e-02
GRID,739,,9.409335e-01,-1.221518e-01,1.485197e-01
GRID,740,,9.409335e-01,-1.221512e-01,-5.326125e-03
GRID,741,,9.409335e-01,-1.221512e-01,2.031484e-02
GRID,742,,9.409335e-01,-1.221520e-01,1.998016e-01
GRID,743,,9.409335e-01,-1.221516e-01,9.723774e-02
GRID,744,,9.409335e-01,-9.801999e-02,2.071414e-01
GRID,745,,9.409335e-01,-9.783301e-02,2.285401e-01
GRID,746,,9.409335e-01,-1.014729e-01,1.747177e-01
GRID,747,,9.409335e-01,-9.886484e-02,1.436848e-01
GRID,748,,9.409335e-01,-1.043170e-01,9.799527e-02
GRID,749,,9.409335e-01,-9.204401e-02,1.197430e-01
GRID,750,,9.409335e-01,-9.443268e-02,5.677597e-02
GRID,751,,9.409335e-01,-8.959469e-02,7.879182e-02
GRID,752,,9.409335e-01,-9.643970e-02,3.483662e-02
GRID,753,,9.409335e-01,-1.053015e-01,-4.729558e-03
GRID,754,,9.409335e-01,-9.827284e-02,1.592175e-02
GRID,755,,9.409335e-01,-9.775635e-02,-5.859948e-02
GRID,756,,9.409335e-01,-8.776295e-02,-4.044269e-02
GRID,757,,9.409335e-01,-8.701038e-02,-2.002495e-02
GRID,758,,9.409335e-01,-8.534521e-02,8.979521e-04
GRID,759,,9.409335e-01,-8.274306e-02,9.884373e-02
GRID,760,,9.409335e-01,-7.993273e-02,1.633150e-01
GRID,761,,9.409335e-01,-7.872073e-02,1.930040e-01
GRID,762,,9.409335e-01,-7.468730e-02,1.371795e-01
GRID,763,,9.409335e-01,-7.544962e-02,1.884309e-02
GRID,764,,9.409335e-01,-7.345151e-02,2.311110e-01
GRID,765,,9.409335e-01,-7.334560e-02,-6.023439e-02
GRID,766,,9.409335e-01,-7.003547e-02,4.079134e-02
GRID,767,,9.409335e-01,-6.578880e-02,6.418512e-02
GRID,768,,9.409335e-01,-6.703048e-02,1.119994e-01
GRID,769,,9.409335e-01,-6.480059e-02,8.802570e-02
GRID,770,,9.409335e-01,-5.809206e-02,-3.202234e-02
GRID,771,,9.409335e-01,-6.462796e-02,-3.954880e-03
GRID,772,,9.409335e-01,-5.801343e-02,1.541892e-01
GRID,773,,9.409335e-01,-6.258615e-02,1.767554e-01
GRID,774,,9.409335e-01,-5.399628e-02,2.015823e-01
GRID,775,,9.409335e-01,-5.124095e-02,2.096376e-02
GRID,776,,9.409335e-01,-5.137655e-02,1.284162e-01
GRID,777,,9.409335e-01,-4.901771e-02,2.330626e-01
GRID,778,,9.409335e-01,-4.891176e-02,-6.145865e-02
GRID,779,,9.409335e-01,-4.326020e-02,4.725183e-02
GRID,780,,9.409335e-01,-4.455914e-02,1.019316e-01
GRID,781,,9.409335e-01,-4.260668e-02,7.516030e-02
GRID,782,,9.409335e-01,-3.905085e-02,-3.417577e-03
GRID,783,,9.409335e-01,-4.112039e-02,1.738198e-01
GRID,784,,9.409335e-01,-3.018684e-02,-3.081759e-02
GRID,785,,9.409335e-01,-3.564917e-02,1.469315e-01
GRID,786,,9.409335e-01,-2.211506e-02,1.925200e-01
GRID,787,,9.409335e-01,-3.742713e-02,2.139336e-01
GRID,788,,9.409335e-01,-2.838577e-02,1.191746e-01
GRID,789,,9.409335e-01,-2.089264e-02,2.656957e-02
GRID,790,,9.409335e-01,-2.453090e-02,2.343011e-01
GRID,791,,9.409335e-01,-2.445830e-02,-6.222272e-02
GRID,792,,9.409335e-01,-2.222870e-02,9.092014e-02
GRID,793,,9.409335e-01,-1.901111e-02,6.025908e-02
GRID,794,,9.409335e-01,-1.692594e-02,1.646547e-01
GRID,795,,9.409335e-01,-1.351513e-02,-3.464633e-03
GRID,796,,9.409335e-01,-1.637200e-02,2.166305e-01
GRID,797,,9.409335e-01,-1.292672e-02,1.365494e-01
GRID,798,,9.409335e-01,-1.189277e-02,-4.344810e-02
GRID,799,,9.409335e-01,-2.801004e-03,-2.491298e-02
GRID,800,,9.409335e-01,-5.075927e-03,1.095237e-01
GRID,801,,9.409335e-01,-1.949915e-05,2.347357e-01
GRID,802,,9.409335e-01,6.600942e-06,-6.248535e-02
GRID,803,,9.409335e-01,7.604005e-04,7.956747e-02
GRID,804,,9.409335e-01,8.487151e-03,1.758309e-01
GRID,805,,9.409335e-01,5.096168e-03,2.069686e-01
GRID,806,,9.409335e-01,4.457340e-03,1.496822e-02
GRID,807,,9.409335e-01,6.756023e-03,4.605559e-02
GRID,808,,9.409335e-01,3.049279e-03,1.502046e-01
GRID,809,,9.409335e-01,7.738084e-03,-8.419616e-03
GRID,810,,9.409335e-01,1.079837e-02,1.272313e-01
GRID,811,,9.409335e-01,9.576207e-03,-4.332503e-02
GRID,812,,9.409335e-01,1.748852e-02,9.954052e-02
GRID,813,,9.409335e-01,2.073948e-02,-2.413176e-02
GRID,814,,9.409335e-01,2.449446e-02,2.343026e-01
GRID,815,,9.409335e-01,2.446995e-02,-6.222213e-02
GRID,816,,9.409335e-01,2.410328e-02,7.246339e-02
GRID,817,,9.409335e-01,2.495485e-02,1.467096e-01
GRID,818,,9.409335e-01,2.577807e-02,-2.597250e-03
GRID,819,,9.409335e-01,2.557937e-02,2.306856e-02
GRID,820,,9.409335e-01,3.041227e-02,1.955197e-01
GRID,821,,9.409335e-01,3.161025e-02,4.845664e-02
GRID,822,,9.409335e-01,3.881157e-02,1.648976e-01
GRID,823,,9.409335e-01,2.996328e-02,-4.284880e-02
GRID,824,,9.409335e-01,3.336236e-02,1.193343e-01
GRID,825,,9.409335e-01,4.042113e-02,9.297280e-02
GRID,826,,9.409335e-01,4.442590e-02,-2.530713e-02
GRID,827,,9.409335e-01,4.667753e-02,6.896873e-02
GRID,828,,9.409335e-01,4.892406e-02,-6.145853e-02
GRID,829,,9.409335e-01,5.338008e-02,2.081715e-01
GRID,830,,9.409335e-01,4.898048e-02,2.330658e-01
GRID,831,,9.409335e-01,4.864452e-02,1.376357e-01
GRID,832,,9.409335e-01,4.642151e-02,3.861654e-03
GRID,833,,9.409335e-01,4.663892e-02,2.941511e-02
GRID,834,,9.409335e-01,5.285875e-02,1.809350e-01
GRID,835,,9.409335e-01,5.258690e-02,4.936811e-02
GRID,836,,9.409335e-01,5.585871e-02,1.106679e-01
GRID,837,,9.409335e-01,6.685521e-02,1.562369e-01
GRID,838,,9.409335e-01,6.351852e-02,8.474735e-02
GRID,839,,9.409335e-01,6.775610e-02,-3.638736e-02
GRID,840,,9.409335e-01,6.808052e-02,-1.070266e-02
GRID,841,,9.409335e-01,6.788103e-02,1.444048e-02
GRID,842,,9.409335e-01,6.909422e-02,3.808554e-02
GRID,843,,9.409335e-01,7.007265e-02,6.114822e-02
GRID,844,,9.409335e-01,7.212437e-02,1.276860e-01
GRID,845,,9.409335e-01,7.335702e-02,-6.023389e-02
GRID,846,,9.409335e-01,7.341592e-02,2.311152e-01
GRID,847,,9.409335e-01,7.449073e-02,1.843178e-01
GRID,848,,9.409335e-01,8.190057e-02,2.081986e-01
GRID,849,,9.409335e-01,7.883204e-02,1.012899e-01
GRID,850,,9.409335e-01,8.849170e-02,7.527790e-02
GRID,851,,9.409335e-01,9.273032e-02,1.382393e-01
GRID,852,,9.409335e-01,9.312090e-02,1.643500e-01
GRID,853,,9.409335e-01,9.111893e-02,-4.089316e-02
GRID,854,,9.409335e-01,9.351675e-02,-2.073876e-02
GRID,855,,9.409335e-01,9.069542e-02,2.275019e-03
GRID,856,,9.409335e-01,8.547040e-02,2.523864e-02
GRID,857,,9.409335e-01,9.519715e-02,4.939135e-02
GRID,858,,9.409335e-01,9.859546e-02,1.135094e-01
GRID,859,,9.409335e-01,9.776786e-02,-5.859828e-02
GRID,860,,9.409335e-01,9.779734e-02,2.285438e-01
GRID,861,,9.409335e-01,9.901119e-02,1.889831e-01
GRID,862,,9.409335e-01,1.023379e-01,9.104357e-02
GRID,863,,9.409335e-01,1.044570e-01,2.096968e-01
GRID,864,,9.409335e-01,1.056097e-01,2.157784e-02
GRID,865,,9.409335e-01,1.221515e-01,7.159748e-02
GRID,866,,9.409335e-01,1.221511e-01,-5.325560e-03
GRID,867,,9.409335e-01,1.221509e-01,-5.660759e-02
GRID,868,,9.409335e-01,1.221510e-01,-3.096657e-02
GRID,869,,9.409335e-01,1.221517e-01,1.228795e-01
GRID,870,,9.409335e-01,1.100711e-01,1.489977e-01
GRID,871,,9.409335e-01,1.221519e-01,1.741615e-01
GRID,872,,9.409335e-01,1.221514e-01,4.595647e-02
GRID,873,,9.409335e-01,1.221521e-01,2.254436e-01
GRID,874,,9.409335e-01,1.221516e-01,9.723849e-02
GRID,875,,9.409335e-01,1.221520e-01,1.998026e-01
GRID,876,,9.409335e-01,1.221512e-01,2.031545e-02
GRID,877,,9.409335e-01,1.221518e-01,1.485205e-01
GRID,878,,9.409335e-01,1.478592e-01,-5.419149e-02
GRID,879,,9.409335e-01,1.472901e-01,-2.592633e-02
GRID,880,,9.409335e-01,1.463347e-01,1.377509e-03
GRID,881,,9.409335e-01,1.448387e-01,2.730917e-02
GRID,882,,9.409335e-01,1.426076e-01,4.912495e-02
GRID,883,,9.409335e-01,1.592604e-01,6.033176e-02
GRID,884,,9.409335e-01,1.433501e-01,1.010674e-01
GRID,885,,9.409335e-01,1.591150e-01,8.208641e-02
GRID,886,,9.409335e-01,1.486894e-01,1.280702e-01
GRID,887,,9.409335e-01,1.446988e-01,1.765338e-01
GRID,888,,9.409335e-01,1.594822e-01,1.529488e-01
GRID,889,,9.409335e-01,1.399436e-01,2.034937e-01
GRID,890,,9.409335e-01,1.478675e-01,2.216840e-01
GRID,891,,9.409335e-01,1.608945e-01,1.983324e-01
GRID,892,,9.409335e-01,1.662958e-01,3.550571e-02
GRID,893,,9.409335e-01,1.697412e-01,1.061217e-01
GRID,894,,9.409335e-01,1.738712e-01,1.750992e-01
GRID,895,,9.409335e-01,1.691052e-01,1.148944e-02
GRID,896,,9.409335e-01,1.713818e-01,-1.734142e-02
GRID,897,,9.409335e-01,1.735397e-01,-5.152749e-02
GRID,898,,9.409335e-01,1.735226e-01,2.175322e-01
GRID,899,,9.409335e-01,1.796714e-01,1.296651e-01
GRID,900,,9.409335e-01,1.817838e-01,6.620644e-02
GRID,901,,9.409335e-01,1.896320e-01,8.472715e-02
GRID,902,,9.409335e-01,1.870727e-01,4.472421e-02
GRID,903,,9.409335e-01,1.904606e-01,1.519530e-01
GRID,904,,9.409335e-01,1.858854e-01,1.957679e-01
GRID,905,,9.409335e-01,1.940462e-01,2.194778e-02
GRID,906,,9.409335e-01,1.953984e-01,-3.293690e-03
GRID,907,,9.409335e-01,1.980605e-01,1.059436e-01
GRID,908,,9.409335e-01,1.960064e-01,-2.984901e-02
GRID,909,,9.409335e-01,1.991256e-01,2.130751e-01
GRID,910,,9.409335e-01,1.992016e-01,-4.868805e-02
GRID,911,,9.409335e-01,2.012746e-01,1.731573e-01
GRID,912,,9.409335e-01,2.090373e-01,1.274973e-01
GRID,913,,9.409335e-01,2.058145e-01,6.213535e-02
GRID,914,,9.409335e-01,2.106758e-01,1.927758e-01
GRID,915,,9.409335e-01,2.162758e-01,3.802626e-02
GRID,916,,9.409335e-01,2.166122e-01,8.362708e-02
GRID,917,,9.409335e-01,2.194901e-01,1.489645e-01
GRID,918,,9.409335e-01,2.265638e-01,1.033854e-02
GRID,919,,9.409335e-01,2.173772e-01,-1.667729e-02
GRID,920,,9.409335e-01,2.248503e-01,-4.573334e-02
GRID,921,,9.409335e-01,2.226579e-01,1.042923e-01
GRID,922,,9.409335e-01,2.246884e-01,2.083906e-01
GRID,923,,9.409335e-01,2.259348e-01,1.718717e-01
GRID,924,,9.409335e-01,2.339625e-01,6.019498e-02
GRID,925,,9.409335e-01,2.414054e-01,1.193820e-01
GRID,926,,9.409335e-01,2.319845e-01,1.915854e-01
GRID,927,,9.409335e-01,2.483522e-01,3.433103e-02
GRID,928,,9.409335e-01,2.429933e-01,8.599496e-02
GRID,929,,9.409335e-01,2.416016e-01,-1.545474e-02
GRID,930,,9.409335e-01,2.452831e-01,1.503078e-01
GRID,931,,9.409335e-01,2.502218e-01,2.035497e-01
GRID,932,,9.409335e-01,2.504905e-01,-4.270506e-02
GRID,933,,9.409335e-01,2.480804e-01,1.762194e-01
GRID,934,,9.409335e-01,2.654403e-01,7.370084e-03
GRID,935,,9.409335e-01,2.630733e-01,6.044233e-02
GRID,936,,9.409335e-01,2.708026e-01,9.116774e-02
GRID,937,,9.409335e-01,2.681102e-01,1.278298e-01
GRID,938,,9.409335e-01,2.644328e-01,-2.048796e-02
GRID,939,,9.409335e-01,2.699103e-01,1.577457e-01
GRID,940,,9.409335e-01,2.677274e-01,1.804518e-01
GRID,941,,9.409335e-01,2.828427e-01,3.418034e-02
GRID,942,,9.409335e-01,2.757356e-01,1.986061e-01
GRID,943,,9.409335e-01,2.761244e-01,-3.962447e-02
GRID,944,,9.409335e-01,2.930720e-01,5.951489e-02
GRID,945,,9.409335e-01,2.883209e-01,-1.327793e-02
GRID,946,,9.409335e-01,3.025093e-01,1.159898e-02
GRID,947,,9.409335e-01,2.961613e-01,1.725387e-01
GRID,948,,9.409335e-01,2.921504e-01,1.114548e-01
GRID,949,,9.409335e-01,2.935569e-01,1.418840e-01
GRID,950,,9.409335e-01,3.026153e-01,8.390668e-02
GRID,951,,9.409335e-01,3.012383e-01,1.936062e-01
GRID,952,,9.409335e-01,3.017528e-01,-3.649813e-02
GRID,953,,9.409335e-01,3.195663e-01,3.271581e-02
GRID,954,,9.409335e-01,3.135129e-01,-1.211196e-02
GRID,955,,9.409335e-01,3.159292e-01,1.016287e-01
GRID,956,,9.409335e-01,3.165343e-01,1.251178e-01
GRID,957,,9.409335e-01,3.217349e-01,5.916388e-02
GRID,958,,9.409335e-01,3.207137e-01,1.549212e-01
GRID,959,,9.409335e-01,3.267411e-01,1.886068e-01
GRID,960,,9.409335e-01,3.273772e-01,-3.333926e-02
GRID,961,,9.409335e-01,3.355429e-01,9.294050e-04
GRID,962,,9.409335e-01,3.297127e-01,8.224696e-02
GRID,963,,9.409335e-01,3.378755e-01,1.061631e-01
GRID,964,,9.409335e-01,3.412012e-01,1.324229e-01
GRID,965,,9.409335e-01,3.554586e-01,1.885879e-02
GRID,966,,9.409335e-01,3.482354e-01,4.384317e-02
GRID,967,,9.409335e-01,3.506448e-01,1.606215e-01
GRID,968,,9.409335e-01,3.450770e-01,6.504930e-02
GRID,969,,9.409335e-01,3.522599e-01,1.836889e-01
GRID,970,,9.409335e-01,3.530018e-01,-3.018195e-02
GRID,971,,9.409335e-01,3.561460e-01,8.381738e-02
GRID,972,,9.409335e-01,3.642368e-01,-6.074875e-03
GRID,973,,9.409335e-01,3.624783e-01,1.075939e-01
GRID,974,,9.409335e-01,3.682292e-01,1.332850e-01
GRID,975,,9.409335e-01,3.701034e-01,5.913869e-02
GRID,976,,9.409335e-01,3.782902e-01,3.232280e-02
GRID,977,,9.409335e-01,3.831669e-01,1.553287e-01
GRID,978,,9.409335e-01,3.778044e-01,1.789072e-01
GRID,979,,9.409335e-01,3.786288e-01,-2.704367e-02
GRID,980,,9.409335e-01,3.892025e-01,4.865716e-03
GRID,981,,9.409335e-01,3.865676e-01,8.163055e-02
GRID,982,,9.409335e-01,3.889525e-01,1.092975e-01
GRID,983,,9.409335e-01,3.938640e-01,1.331182e-01
GRID,984,,9.409335e-01,3.985267e-01,4.877948e-02
GRID,985,,9.409335e-01,4.033833e-01,1.743129e-01
GRID,986,,9.409335e-01,4.124761e-01,2.249570e-02
GRID,987,,9.409335e-01,4.042596e-01,-2.393733e-02
GRID,988,,9.409335e-01,4.139547e-01,1.486242e-01
GRID,989,,9.409335e-01,4.163937e-01,6.649627e-02
GRID,990,,9.409335e-01,4.130843e-01,9.478435e-02
GRID,991,,9.409335e-01,4.140828e-01,1.204321e-01
GRID,992,,9.409335e-01,4.246336e-01,-2.392214e-03
GRID,993,,9.409335e-01,4.313885e-01,4.006465e-02
GRID,994,,9.409335e-01,4.290016e-01,1.699420e-01
GRID,995,,9.409335e-01,4.298957e-01,-2.087486e-02
GRID,996,,9.409335e-01,4.512143e-01,1.130417e-02
GRID,997,,9.409335e-01,4.341043e-01,8.311241e-02
GRID,998,,9.409335e-01,4.368773e-01,1.063126e-01
GRID,999,,9.409335e-01,4.380722e-01,1.293528e-01
GRID,1000,,9.409335e-01,4.399340e-01,1.502976e-01
GRID,1001,,9.409335e-01,4.469796e-01,6.021841e-02
GRID,1002,,9.409335e-01,4.555376e-01,-1.786071e-02
GRID,1003,,9.409335e-01,4.546617e-01,1.658263e-01
GRID,1004,,9.409335e-01,4.636880e-01,3.669655e-02
GRID,1005,,9.409335e-01,4.570016e-01,8.519113e-02
GRID,1006,,9.409335e-01,4.599662e-01,1.110388e-01
GRID,1007,,9.409335e-01,4.644103e-01,1.377325e-01
GRID,1008,,9.409335e-01,4.763742e-01,6.265353e-02
GRID,1009,,9.409335e-01,4.811848e-01,-1.489297e-02
GRID,1010,,9.409335e-01,4.851689e-01,1.235677e-02
GRID,1011,,9.409335e-01,4.803640e-01,1.619803e-01
GRID,1012,,9.409335e-01,4.814910e-01,8.980525e-02
GRID,1013,,9.409335e-01,4.813983e-01,1.145516e-01
GRID,1014,,9.409335e-01,4.958023e-01,3.916448e-02
GRID,1015,,9.409335e-01,4.920001e-01,1.345613e-01
GRID,1016,,9.409335e-01,5.077654e-01,7.038497e-02
GRID,1017,,9.409335e-01,5.061056e-01,1.584080e-01
GRID,1018,,9.409335e-01,5.068366e-01,-1.196466e-02
GRID,1019,,9.409335e-01,5.042122e-01,1.048091e-01
GRID,1020,,9.409335e-01,5.156096e-01,1.408112e-02
GRID,1021,,9.409335e-01,5.176237e-01,1.298889e-01
GRID,1022,,9.409335e-01,5.262416e-01,3.915735e-02
GRID,1023,,9.409335e-01,5.324483e-01,9.822550e-02
GRID,1024,,9.409335e-01,5.318854e-01,1.551282e-01
GRID,1025,,9.409335e-01,5.324923e-01,-9.070864e-03
GRID,1026,,9.409335e-01,5.381978e-01,6.441729e-02
GRID,1027,,9.409335e-01,5.458871e-01,1.519426e-02
GRID,1028,,9.409335e-01,5.434446e-01,1.292139e-01
GRID,1029,,9.409335e-01,5.558589e-01,3.865976e-02
GRID,1030,,9.409335e-01,5.577200e-01,1.522822e-01
GRID,1031,,9.409335e-01,5.600783e-01,8.308981e-02
GRID,1032,,9.409335e-01,5.621871e-01,1.099314e-01
GRID,1033,,9.409335e-01,5.581584e-01,-6.271128e-03
GRID,1034,,9.409335e-01,5.644670e-01,5.880969e-02
GRID,1035,,9.409335e-01,5.677676e-01,1.328239e-01
GRID,1036,,9.409335e-01,5.800420e-01,1.726528e-02
GRID,1037,,9.409335e-01,5.849377e-01,4.179692e-02
GRID,1038,,9.409335e-01,5.836386e-01,1.503929e-01
GRID,1039,,9.409335e-01,5.838693e-01,-3.903703e-03
GRID,1040,,9.409335e-01,5.856122e-01,6.698784e-02
GRID,1041,,9.409335e-01,5.852829e-01,9.258916e-02
GRID,1042,,9.409335e-01,5.884668e-01,1.226671e-01
GRID,1043,,9.409335e-01,6.096000e-01,2.335148e-02
GRID,1044,,9.668730e-01,6.096000e-01,1.539846e-02
GRID,1045,,9.657907e-01,6.096000e-01,-2.253078e-03
GRID,1046,,9.623994e-01,6.096000e-01,4.055530e-02
GRID,1047,,9.596650e-01,6.096000e-01,6.503284e-02
GRID,1048,,9.599532e-01,6.096000e-01,9.010774e-02
GRID,1049,,9.638570e-01,6.096000e-01,1.165993e-01
GRID,1050,,9.657694e-01,6.096000e-01,1.503290e-01
GRID,1051,,9.804987e-01,-6.096000e-01,2.403527e-02
GRID,1052,,9.757398e-01,6.096000e-01,7.932919e-02
GRID,1053,,9.809354e-01,6.096000e-01,5.955848e-02
GRID,1054,,9.810815e-01,6.096000e-01,1.007526e-01
GRID,1055,,9.876002e-01,-6.096000e-01,4.859130e-02
GRID,1056,,9.852213e-01,6.096000e-01,3.605504e-02
GRID,1057,,9.857337e-01,6.096000e-01,1.271397e-01
GRID,1058,,9.913129e-01,-6.096000e-01,1.345063e-01
GRID,1059,,9.906117e-01,-6.096000e-01,1.514075e-01
GRID,1060,,9.906117e-01,6.096000e-01,1.514075e-01
GRID,1061,,9.906501e-01,-6.096000e-01,-2.588769e-03
GRID,1062,,9.906501e-01,6.096000e-01,-2.588769e-03
GRID,1063,,9.933044e-01,6.096000e-01,1.507248e-02
GRID,1064,,9.933081e-01,-6.096000e-01,8.895151e-02
GRID,1065,,9.916267e-01,-6.096000e-01,1.119036e-01
GRID,1066,,9.960892e-01,-6.096000e-01,6.748329e-02
GRID,1067,,9.970145e-01,6.096000e-01,8.334454e-02
GRID,1068,,1.004781e+00,-6.096000e-01,2.385702e-02
GRID,1069,,1.001277e+00,6.096000e-01,5.689095e-02
GRID,1070,,9.986470e-01,6.096000e-01,1.083585e-01
GRID,1071,,1.008284e+00,6.096000e-01,3.091276e-02
GRID,1072,,1.008516e+00,6.096000e-01,1.299395e-01
GRID,1073,,1.013228e+00,-6.096000e-01,4.884784e-02
GRID,1074,,1.015462e+00,-6.096000e-01,1.522980e-01
GRID,1075,,1.015462e+00,6.096000e-01,1.522980e-01
GRID,1076,,1.015511e+00,-6.096000e-01,-2.800359e-03
GRID,1077,,1.015511e+00,6.096000e-01,-2.800359e-03
GRID,1078,,1.012189e+00,-6.096000e-01,1.254597e-01
GRID,1079,,1.017137e+00,-6.096000e-01,1.026683e-01
GRID,1080,,1.021517e+00,-6.096000e-01,7.598125e-02
GRID,1081,,1.016373e+00,6.096000e-01,1.051256e-01
GRID,1082,,1.018196e+00,6.096000e-01,7.903507e-02
GRID,1083,,1.019752e+00,6.096000e-01,5.426455e-02
GRID,1084,,1.029292e+00,-6.096000e-01,2.387897e-02
GRID,1085,,1.032226e+00,6.096000e-01,3.191179e-02
GRID,1086,,1.031096e+00,6.096000e-01,1.279972e-01
GRID,1087,,1.038069e+00,-6.096000e-01,1.238214e-01
GRID,1088,,1.037627e+00,-6.096000e-01,4.981822e-02
GRID,1089,,1.040316e+00,-6.096000e-01,1.530220e-01
GRID,1090,,1.040316e+00,6.096000e-01,1.530220e-01
GRID,1091,,1.040372e+00,-6.096000e-01,-2.908089e-03
GRID,1092,,1.040372e+00,6.096000e-01,-2.908089e-03
GRID,1093,,1.036960e+00,6.096000e-01,1.002743e-01
GRID,1094,,1.044347e+00,-6.096000e-01,9.511522e-02
GRID,1095,,1.038497e+00,6.096000e-01,6.786678e-02
GRID,1096,,1.052088e+00,-6.096000e-01,7.104129e-02
GRID,1097,,1.057237e+00,-6.096000e-01,2.546217e-02
GRID,1098,,1.057129e+00,6.096000e-01,1.220214e-01
GRID,1099,,1.058102e+00,6.096000e-01,5.239565e-02
GRID,1100,,1.054222e+00,6.096000e-01,2.269758e-02
GRID,1101,,1.059172e+00,6.096000e-01,8.639840e-02
GRID,1102,,1.060652e+00,-6.096000e-01,5.072092e-02
GRID,1103,,1.066282e+00,-6.096000e-01,1.086157e-01
GRID,1104,,1.061165e+00,-6.096000e-01,1.323634e-01
GRID,1105,,1.065176e+00,-6.096000e-01,1.535896e-01
GRID,1106,,1.065176e+00,6.096000e-01,1.535896e-01
GRID,1107,,1.065234e+00,-6.096000e-01,-2.916304e-03
GRID,1108,,1.065234e+00,6.096000e-01,-2.916304e-03
GRID,1109,,1.074288e+00,-6.096000e-01,8.585021e-02
GRID,1110,,1.079133e+00,-6.096000e-01,6.499156e-02
GRID,1111,,1.081386e+00,6.096000e-01,2.848696e-02
GRID,1112,,1.084586e+00,6.096000e-01,1.277453e-01
GRID,1113,,1.082682e+00,6.096000e-01,9.724660e-02
GRID,1114,,1.085918e+00,-6.096000e-01,1.931667e-02
GRID,1115,,1.082910e+00,-6.096000e-01,4.303085e-02
GRID,1116,,1.082703e+00,6.096000e-01,6.365979e-02
GRID,1117,,1.085428e+00,-6.096000e-01,1.207024e-01
GRID,1118,,1.080222e+00,-6.096000e-01,1.392081e-01
GRID,1119,,1.090038e+00,-6.096000e-01,1.539948e-01
GRID,1120,,1.090038e+00,6.096000e-01,1.539948e-01
GRID,1121,,1.090095e+00,-6.096000e-01,-2.819657e-03
GRID,1122,,1.090095e+00,6.096000e-01,-2.819657e-03
GRID,1123,,1.093138e+00,-6.096000e-01,9.958123e-02
GRID,1124,,1.100366e+00,-6.096000e-01,7.954413e-02
GRID,1125,,1.104637e+00,-6.096000e-01,5.907196e-02
GRID,1126,,1.100352e+00,-6.096000e-01,1.353177e-01
GRID,1127,,1.108115e+00,6.096000e-01,4.448823e-02
GRID,1128,,1.112947e+00,6.096000e-01,1.785397e-02
GRID,1129,,1.110105e+00,6.096000e-01,1.061769e-01
GRID,1130,,1.105129e+00,6.096000e-01,7.445910e-02
GRID,1131,,1.108686e+00,-6.096000e-01,3.648640e-02
GRID,1132,,1.106404e+00,6.096000e-01,1.349941e-01
GRID,1133,,1.109018e+00,-6.096000e-01,1.155674e-01
GRID,1134,,1.114660e+00,-6.096000e-01,1.484181e-02
GRID,1135,,1.114903e+00,-6.096000e-01,1.541665e-01
GRID,1136,,1.114903e+00,6.096000e-01,1.541665e-01
GRID,1137,,1.114955e+00,-6.096000e-01,-2.539323e-03
GRID,1138,,1.114955e+00,6.096000e-01,-2.539323e-03
GRID,1139,,1.118766e+00,-6.096000e-01,9.531926e-02
GRID,1140,,1.123352e+00,-6.096000e-01,1.348060e-01
GRID,1141,,1.126047e+00,-6.096000e-01,7.388387e-02
GRID,1142,,1.131478e+00,-6.096000e-01,5.124289e-02
GRID,1143,,1.127449e+00,6.096000e-01,8.054977e-02
GRID,1144,,1.132368e+00,6.096000e-01,5.443938e-02
GRID,1145,,1.128728e+00,6.096000e-01,1.295073e-01
GRID,1146,,1.138807e+00,6.096000e-01,2.654911e-02
GRID,1147,,1.136590e+00,-6.096000e-01,2.678068e-02
GRID,1148,,1.134834e+00,-6.096000e-01,1.154113e-01
GRID,1149,,1.139695e+00,6.096000e-01,1.022695e-01
GRID,1150,,1.139812e+00,6.096000e-01,-2.042700e-03
GRID,1151,,1.139812e+00,-6.096000e-01,-2.042700e-03
GRID,1152,,1.139769e+00,-6.096000e-01,1.540615e-01
GRID,1153,,1.139769e+00,6.096000e-01,1.540615e-01
GRID,1154,,1.146343e+00,-6.096000e-01,9.416119e-02
GRID,1155,,1.146393e+00,-6.096000e-01,1.368113e-01
GRID,1156,,1.153182e+00,-6.096000e-01,6.876100e-02
GRID,1157,,1.153498e+00,6.096000e-01,6.980002e-02
GRID,1158,,1.153128e+00,6.096000e-01,1.271263e-01
GRID,1159,,1.159666e+00,-6.096000e-01,4.400620e-02
GRID,1160,,1.165948e+00,6.096000e-01,3.479571e-02
GRID,1161,,1.164943e+00,-6.096000e-01,1.233271e-01
GRID,1162,,1.163477e+00,-6.096000e-01,1.812554e-02
GRID,1163,,1.164664e+00,6.096000e-01,-1.330059e-03
GRID,1164,,1.165875e+00,6.096000e-01,9.604292e-02
GRID,1165,,1.164631e+00,-6.096000e-01,1.536811e-01
GRID,1166,,1.164631e+00,6.096000e-01,1.536811e-01
GRID,1167,,1.164664e+00,-6.096000e-01,-1.330059e-03
GRID,1168,,1.173350e+00,-6.096000e-01,9.350769e-02
GRID,1169,,1.176589e+00,6.096000e-01,1.243863e-01
GRID,1170,,1.181236e+00,-6.096000e-01,6.512266e-02
GRID,1171,,1.181384e+00,6.096000e-01,6.406286e-02
GRID,1172,,1.186627e+00,-6.096000e-01,3.537594e-02
GRID,1173,,1.189510e+00,-6.096000e-01,-4.543933e-04
GRID,1174,,1.189490e+00,-6.096000e-01,1.530693e-01
GRID,1175,,1.189490e+00,6.096000e-01,1.530693e-01
GRID,1176,,1.189510e+00,6.096000e-01,-4.543933e-04
GRID,1177,,1.193906e+00,-6.096000e-01,1.215540e-01
GRID,1178,,1.191031e+00,6.096000e-01,9.256532e-02
GRID,1179,,1.196759e+00,6.096000e-01,3.161147e-02
GRID,1180,,1.199563e+00,-6.096000e-01,8.990192e-02
GRID,1181,,1.197349e+00,6.096000e-01,1.186378e-01
GRID,1182,,1.210636e+00,-6.096000e-01,6.059568e-02
GRID,1183,,1.211614e+00,6.096000e-01,6.289266e-02
GRID,1184,,1.212093e+00,-6.096000e-01,2.882176e-02
GRID,1185,,1.214343e+00,-6.096000e-01,1.522769e-01
GRID,1186,,1.214343e+00,6.096000e-01,1.522769e-01
GRID,1187,,1.216829e+00,6.096000e-01,1.267566e-01
GRID,1188,,1.214351e+00,-6.096000e-01,5.462294e-04
GRID,1189,,1.214351e+00,6.096000e-01,5.462294e-04
GRID,1190,,1.215996e+00,6.096000e-01,9.561954e-02
GRID,1191,,1.217639e+00,-6.096000e-01,1.148623e-01
GRID,1192,,1.221854e+00,6.096000e-01,2.845488e-02
GRID,1193,,1.221031e+00,-6.096000e-01,8.760271e-02
GRID,1194,,1.239189e+00,-6.096000e-01,5.154861e-02
GRID,1195,,1.239189e+00,-6.096000e-01,7.648771e-02
GRID,1196,,1.239189e+00,6.096000e-01,7.648771e-02
GRID,1197,,1.239189e+00,6.096000e-01,5.154861e-02
GRID,1198,,1.239189e+00,-6.096000e-01,2.660952e-02
GRID,1199,,1.239189e+00,-6.096000e-01,1.263659e-01
GRID,1200,,1.239189e+00,-6.096000e-01,1.513050e-01
GRID,1201,,1.239189e+00,6.096000e-01,1.513050e-01
GRID,1202,,1.239189e+00,-6.096000e-01,1.670421e-03
GRID,1203,,1.239189e+00,6.096000e-01,1.670421e-03
GRID,1204,,1.239189e+00,6.096000e-01,1.014268e-01
GRID,1205,,1.239189e+00,6.096000e-01,1.263659e-01
GRID,1206,,1.239189e+00,-6.096000e-01,1.014268e-01
GRID,1207,,1.239189e+00,6.096000e-01,2.660952e-02
GRID,1208,,1.257477e+00,-6.096000e-01,2.551015e-02
GRID,1209,,1.264072e+00,-6.096000e-01,2.914892e-03
GRID,1210,,1.239189e+00,-6.096000e-01,1.670621e-03
GRID,1211,,1.239189e+00,-5.839177e-01,7.653691e-04
GRID,1212,,1.239189e+00,-5.817233e-01,1.891087e-02
GRID,1213,,1.239189e+00,-5.716445e-01,4.766786e-02
GRID,1214,,1.264062e+00,-6.096000e-01,5.026954e-02
GRID,1215,,1.239189e+00,-5.774985e-01,8.394782e-02
GRID,1216,,1.276032e+00,-6.096000e-01,7.116174e-02
GRID,1217,,1.267740e+00,-6.096000e-01,9.565509e-02
GRID,1218,,1.239189e+00,-5.786706e-01,1.203902e-01
GRID,1219,,1.265343e+00,-6.096000e-01,1.233839e-01
GRID,1220,,1.239189e+00,-5.838178e-01,1.508997e-01
GRID,1221,,1.264096e+00,-6.096000e-01,1.501540e-01
GRID,1222,,1.239189e+00,-5.582599e-01,-6.500834e-04
GRID,1223,,1.239189e+00,-5.580430e-01,1.513409e-01
GRID,1224,,1.239189e+00,-5.497617e-01,2.109999e-02
GRID,1225,,1.239189e+00,-5.433260e-01,1.150129e-01
GRID,1226,,1.239189e+00,-5.409417e-01,7.577153e-02
GRID,1227,,1.239189e+00,-5.335955e-01,4.466555e-02
GRID,1228,,1.239189e+00,-5.326572e-01,-2.866017e-03
GRID,1229,,1.239189e+00,-5.323325e-01,1.533285e-01
GRID,1230,,1.239189e+00,-5.192678e-01,1.725788e-02
GRID,1231,,1.239189e+00,-5.073183e-01,9.895098e-02
GRID,1232,,1.239189e+00,-5.074448e-01,1.316281e-01
GRID,1233,,1.239189e+00,-5.063918e-01,6.395583e-02
GRID,1234,,1.239189e+00,-5.039619e-01,3.602925e-02
GRID,1235,,1.239189e+00,-5.070677e-01,-5.227246e-03
GRID,1236,,1.239189e+00,-5.066739e-01,1.558740e-01
GRID,1237,,1.239189e+00,-4.901877e-01,1.682906e-02
GRID,1238,,1.239189e+00,-4.749751e-01,1.232053e-01
GRID,1239,,1.239189e+00,-4.810444e-01,1.587002e-01
GRID,1240,,1.239189e+00,-4.790621e-01,8.206143e-02
GRID,1241,,1.239189e+00,-4.814797e-01,-7.605456e-03
GRID,1242,,1.239189e+00,-4.797494e-01,4.537290e-02
GRID,1243,,1.239189e+00,-4.574983e-01,1.933820e-02
GRID,1244,,1.239189e+00,-4.558921e-01,-9.987811e-03
GRID,1245,,1.239189e+00,-4.554424e-01,1.617645e-01
GRID,1246,,1.239189e+00,-4.545092e-01,5.957433e-02
GRID,1247,,1.239189e+00,-4.524132e-01,9.838114e-02
GRID,1248,,1.239189e+00,-4.430324e-01,1.337540e-01
GRID,1249,,1.239189e+00,-4.303053e-01,-1.237818e-02
GRID,1250,,1.239189e+00,-4.302043e-01,3.444176e-02
GRID,1251,,1.239189e+00,-4.298683e-01,1.650527e-01
GRID,1252,,1.239189e+00,-4.293967e-01,7.630580e-02
GRID,1253,,1.239189e+00,-4.247442e-01,1.114840e-01
GRID,1254,,1.239189e+00,-4.156987e-01,1.422212e-01
GRID,1255,,1.239189e+00,-4.047195e-01,-1.477916e-02
GRID,1256,,1.239189e+00,-4.011478e-01,1.704601e-02
GRID,1257,,1.239189e+00,-4.058917e-01,5.664462e-02
GRID,1258,,1.239189e+00,-4.043219e-01,1.685497e-01
GRID,1259,,1.239189e+00,-4.027298e-01,9.279681e-02
GRID,1260,,1.239189e+00,-3.981717e-01,1.234327e-01
GRID,1261,,1.239189e+00,-3.895297e-01,1.490971e-01
GRID,1262,,1.239189e+00,-3.803836e-01,4.210443e-02
GRID,1263,,1.239189e+00,-3.771862e-01,7.243703e-02
GRID,1264,,1.239189e+00,-3.791349e-01,-1.719335e-02
GRID,1265,,1.239189e+00,-3.788020e-01,1.722343e-01
GRID,1266,,1.239189e+00,-3.727548e-01,1.032576e-01
GRID,1267,,1.239189e+00,-3.616570e-01,1.535122e-02
GRID,1268,,1.239189e+00,-3.734325e-01,1.294626e-01
GRID,1269,,1.239189e+00,-3.623741e-01,1.494582e-01
GRID,1270,,1.239189e+00,-3.494039e-01,4.771680e-02
GRID,1271,,1.239189e+00,-3.535518e-01,-1.962314e-02
GRID,1272,,1.239189e+00,-3.533062e-01,1.760824e-01
GRID,1273,,1.239189e+00,-3.448453e-01,8.277814e-02
GRID,1274,,1.239189e+00,-3.426390e-01,1.190396e-01
GRID,1275,,1.239189e+00,-3.362720e-01,1.504070e-01
GRID,1276,,1.239189e+00,-3.403747e-01,-2.197403e-03
GRID,1277,,1.239189e+00,-3.191774e-01,1.715326e-02
GRID,1278,,1.239189e+00,-3.279710e-01,-2.207693e-02
GRID,1279,,1.239189e+00,-3.278306e-01,1.800622e-01
GRID,1280,,1.239189e+00,-3.147708e-01,5.764172e-02
GRID,1281,,1.239189e+00,-3.113992e-01,9.446644e-02
GRID,1282,,1.239189e+00,-3.051471e-01,1.309488e-01
GRID,1283,,1.239189e+00,-3.110699e-01,1.601061e-01
GRID,1284,,1.239189e+00,-3.023941e-01,-2.457150e-02
GRID,1285,,1.239189e+00,-3.023708e-01,1.841417e-01
GRID,1286,,1.239189e+00,-2.813694e-01,2.570415e-03
GRID,1287,,1.239189e+00,-2.813058e-01,3.768388e-02
GRID,1288,,1.239189e+00,-2.773444e-01,7.414396e-02
GRID,1289,,1.239189e+00,-2.792437e-01,1.066873e-01
GRID,1290,,1.239189e+00,-2.844539e-01,1.587888e-01
GRID,1291,,1.239189e+00,-2.633505e-01,1.325926e-01
GRID,1292,,1.239189e+00,-2.768247e-01,-2.714008e-02
GRID,1293,,1.239189e+00,-2.769209e-01,1.882828e-01
GRID,1294,,1.239189e+00,-2.565873e-01,1.629078e-01
GRID,1295,,1.239189e+00,-2.504648e-01,-1.060056e-02
GRID,1296,,1.239189e+00,-2.469521e-01,1.947973e-02
GRID,1297,,1.239189e+00,-2.423454e-01,5.648519e-02
GRID,1298,,1.239189e+00,-2.383824e-01,9.914861e-02
GRID,1299,,1.239189e+00,-2.514756e-01,1.924520e-01
GRID,1300,,1.239189e+00,-2.512685e-01,-2.983993e-02
GRID,1301,,1.239189e+00,-2.248192e-01,1.398116e-01
GRID,1302,,1.239189e+00,-2.343070e-01,1.738027e-01
GRID,1303,,1.239189e+00,-2.260293e-01,1.966146e-01
GRID,1304,,1.239189e+00,-2.257369e-01,-3.275890e-02
GRID,1305,,1.239189e+00,-2.204314e-01,-3.289001e-03
GRID,1306,,1.239189e+00,-2.090099e-01,3.348981e-02
GRID,1307,,1.239189e+00,-2.051874e-01,7.422752e-02
GRID,1308,,1.239189e+00,-1.935376e-01,1.122457e-01
GRID,1309,,1.239189e+00,-2.095433e-01,1.716494e-01
GRID,1310,,1.239189e+00,-2.005734e-01,2.007189e-01
GRID,1311,,1.239189e+00,-2.002425e-01,-3.599419e-02
GRID,1312,,1.239189e+00,-1.853731e-01,1.500394e-01
GRID,1313,,1.239189e+00,-1.951810e-01,1.749766e-03
GRID,1314,,1.239189e+00,-1.871591e-01,1.828726e-01
GRID,1315,,1.239189e+00,-1.755930e-01,2.300410e-02
GRID,1316,,1.239189e+00,-1.778733e-01,5.344532e-02
GRID,1317,,1.239189e+00,-1.750413e-01,8.249855e-02
GRID,1318,,1.239189e+00,-1.750972e-01,2.046924e-01
GRID,1319,,1.239189e+00,-1.747994e-01,-3.960571e-02
GRID,1320,,1.239189e+00,-1.732549e-01,-8.425661e-03
GRID,1321,,1.239189e+00,-1.527552e-01,9.837980e-02
GRID,1322,,1.239189e+00,-1.552121e-01,1.269378e-01
GRID,1323,,1.239189e+00,-1.655448e-01,1.795950e-01
GRID,1324,,1.239189e+00,-1.499452e-01,1.544472e-01
GRID,1325,,1.239189e+00,-1.492561e-01,4.132497e-02
GRID,1326,,1.239189e+00,-1.487912e-01,6.872778e-02
GRID,1327,,1.239189e+00,-1.486356e-01,1.364080e-02
GRID,1328,,1.239189e+00,-1.495877e-01,2.084512e-01
GRID,1329,,1.239189e+00,-1.494037e-01,-4.353846e-02
GRID,1330,,1.239189e+00,-1.489996e-01,-1.504893e-02
GRID,1331,,1.239189e+00,-1.439060e-01,1.783564e-01
GRID,1332,,1.239189e+00,-1.240187e-01,1.081196e-01
GRID,1333,,1.239189e+00,-1.240188e-01,1.340663e-01
GRID,1334,,1.239189e+00,-1.240186e-01,8.217278e-02
GRID,1335,,1.239189e+00,-1.240189e-01,1.600131e-01
GRID,1336,,1.239189e+00,-1.240190e-01,1.859599e-01
GRID,1337,,1.239189e+00,-1.240191e-01,2.119067e-01
GRID,1338,,1.239189e+00,-1.240182e-01,-2.161435e-02
GRID,1339,,1.239189e+00,-1.240181e-01,-4.756114e-02
GRID,1340,,1.239189e+00,-1.240184e-01,3.027921e-02
GRID,1341,,1.239189e+00,-1.240185e-01,5.622600e-02
GRID,1342,,1.239189e+00,-1.240183e-01,4.332429e-03
GRID,1343,,1.239189e+00,-9.640413e-02,1.962913e-01
GRID,1344,,1.239189e+00,-9.931321e-02,2.148518e-01
GRID,1345,,1.239189e+00,-1.240190e-01,1.795772e-01
GRID,1346,,1.239189e+00,-9.523518e-02,1.704042e-01
GRID,1347,,1.239189e+00,-9.738106e-02,1.434023e-01
GRID,1348,,1.239189e+00,-9.708427e-02,1.155660e-01
GRID,1349,,1.239189e+00,-1.059699e-01,9.341692e-02
GRID,1350,,1.239189e+00,-1.240185e-01,5.622600e-02
GRID,1351,,1.239189e+00,-1.025195e-01,6.700331e-02
GRID,1352,,1.239189e+00,-1.068909e-01,4.119144e-02
GRID,1353,,1.239189e+00,-9.213819e-02,1.749603e-02
GRID,1354,,1.239189e+00,-9.834178e-02,-1.416679e-02
GRID,1355,,1.239189e+00,-9.936524e-02,-5.122261e-02
GRID,1356,,1.239189e+00,-8.897761e-02,4.502997e-02
GRID,1357,,1.239189e+00,-8.561918e-02,8.799706e-02
GRID,1358,,1.239189e+00,-7.672755e-02,6.467428e-02
GRID,1359,,1.239189e+00,-7.577908e-02,-2.860106e-02
GRID,1360,,1.239189e+00,-7.463596e-02,-5.434219e-02
GRID,1361,,1.239189e+00,-7.455386e-02,2.173193e-01
GRID,1362,,1.239189e+00,-7.506115e-02,-3.500350e-03
GRID,1363,,1.239189e+00,-7.642124e-02,1.283126e-01
GRID,1364,,1.239189e+00,-6.780537e-02,1.516814e-01
GRID,1365,,1.239189e+00,-6.939021e-02,1.057607e-01
GRID,1366,,1.239189e+00,-6.492201e-02,1.837776e-01
GRID,1367,,1.239189e+00,-6.062636e-02,1.614907e-02
GRID,1368,,1.239189e+00,-6.690701e-02,3.971752e-02
GRID,1369,,1.239189e+00,-6.125278e-02,8.174756e-02
GRID,1370,,1.239189e+00,-5.126152e-02,5.717071e-02
GRID,1371,,1.239189e+00,-5.384559e-02,1.232746e-01
GRID,1372,,1.239189e+00,-5.267464e-02,-3.559559e-02
GRID,1373,,1.239189e+00,-5.397105e-02,-1.006248e-02
GRID,1374,,1.239189e+00,-4.982979e-02,-5.670110e-02
GRID,1375,,1.239189e+00,-4.427554e-02,2.030163e-01
GRID,1376,,1.239189e+00,-4.974774e-02,2.192039e-01
GRID,1377,,1.239189e+00,-4.563089e-02,9.855622e-02
GRID,1378,,1.239189e+00,-3.850782e-02,1.395135e-01
GRID,1379,,1.239189e+00,-4.381479e-02,1.630629e-01
GRID,1380,,1.239189e+00,-3.586859e-02,3.173687e-02
GRID,1381,,1.239189e+00,-3.216025e-02,1.817775e-01
GRID,1382,,1.239189e+00,-3.674451e-02,7.456342e-02
GRID,1383,,1.239189e+00,-3.371850e-02,5.525382e-03
GRID,1384,,1.239189e+00,-3.170343e-02,-1.938581e-02
GRID,1385,,1.239189e+00,-2.857801e-02,1.150677e-01
GRID,1386,,1.239189e+00,-2.732221e-02,-4.054071e-02
GRID,1387,,1.239189e+00,-2.855750e-02,5.413255e-02
GRID,1388,,1.239189e+00,-2.494511e-02,-5.816609e-02
GRID,1389,,1.239189e+00,-2.489333e-02,2.204052e-01
GRID,1390,,1.239189e+00,-2.116803e-02,9.140601e-02
GRID,1391,,1.239189e+00,-1.587199e-02,1.990671e-01
GRID,1392,,1.239189e+00,-2.241050e-02,1.566134e-01
GRID,1393,,1.239189e+00,-1.308421e-02,1.327602e-01
GRID,1394,,1.239189e+00,-1.263940e-02,6.672712e-02
GRID,1395,,1.239189e+00,-5.906292e-03,1.496244e-02
GRID,1396,,1.239189e+00,-7.788385e-03,4.191897e-02
GRID,1397,,1.239189e+00,-1.346185e-02,-7.886377e-03
GRID,1398,,1.239189e+00,-6.534233e-03,1.743491e-01
GRID,1399,,1.239189e+00,-7.829900e-03,-3.018712e-02
GRID,1400,,1.239189e+00,1.986179e-03,1.091551e-01
GRID,1401,,1.239189e+00,-2.678981e-05,-5.866467e-02
GRID,1402,,1.239189e+00,-1.623778e-05,2.208280e-01
GRID,1403,,1.239189e+00,-1.239940e-03,1.514413e-01
GRID,1404,,1.239189e+00,8.555703e-04,8.324054e-02
GRID,1405,,1.239189e+00,9.671981e-03,1.938480e-01
GRID,1406,,1.239189e+00,8.417423e-03,-1.304430e-02
GRID,1407,,1.239189e+00,1.426235e-02,1.332863e-01
GRID,1408,,1.239189e+00,1.322043e-02,6.166833e-02
GRID,1409,,1.239189e+00,1.244000e-02,-3.796568e-02
GRID,1410,,1.239189e+00,1.568315e-02,3.284551e-02
GRID,1411,,1.239189e+00,2.029742e-02,1.629966e-01
GRID,1412,,1.239189e+00,2.304346e-02,4.772129e-03
GRID,1413,,1.239189e+00,2.489521e-02,-5.816808e-02
GRID,1414,,1.239189e+00,2.486299e-02,2.204067e-01
GRID,1415,,1.239189e+00,2.207103e-02,8.853722e-02
GRID,1416,,1.239189e+00,3.499088e-02,1.129905e-01
GRID,1417,,1.239189e+00,3.223351e-02,-2.812896e-02
GRID,1418,,1.239189e+00,3.549010e-02,1.918086e-01
GRID,1419,,1.239189e+00,3.533247e-02,4.772374e-02
GRID,1420,,1.239189e+00,3.830153e-02,7.076617e-02
GRID,1421,,1.239189e+00,4.054353e-02,1.404310e-01
GRID,1422,,1.239189e+00,3.882482e-02,2.358671e-02
GRID,1423,,1.239189e+00,4.982574e-02,1.670143e-01
GRID,1424,,1.239189e+00,4.441460e-02,9.094138e-02
GRID,1425,,1.239189e+00,4.645228e-02,-1.739564e-03
GRID,1426,,1.239189e+00,4.971674e-02,2.192060e-01
GRID,1427,,1.239189e+00,4.977886e-02,-5.670504e-02
GRID,1428,,1.239189e+00,5.265414e-02,-2.575285e-02
GRID,1429,,1.239189e+00,6.428097e-02,1.021918e-01
GRID,1430,,1.239189e+00,6.288457e-02,1.241225e-01
GRID,1431,,1.239189e+00,5.426171e-02,3.646053e-02
GRID,1432,,1.239189e+00,5.864310e-02,5.721245e-02
GRID,1433,,1.239189e+00,6.360682e-02,1.931291e-01
GRID,1434,,1.239189e+00,6.250211e-02,7.874079e-02
GRID,1435,,1.239189e+00,6.400165e-02,1.688704e-02
GRID,1436,,1.239189e+00,6.782867e-02,1.483901e-01
GRID,1437,,1.239189e+00,7.125630e-02,-6.482531e-03
GRID,1438,,1.239189e+00,7.452446e-02,2.173215e-01
GRID,1439,,1.239189e+00,7.267833e-02,-3.184770e-02
GRID,1440,,1.239189e+00,7.458797e-02,-5.434785e-02
GRID,1441,,1.239189e+00,7.859210e-02,1.718287e-01
GRID,1442,,1.239189e+00,7.683258e-02,3.832234e-02
GRID,1443,,1.239189e+00,8.214552e-02,6.256342e-02
GRID,1444,,1.239189e+00,8.576112e-02,8.725492e-02
GRID,1445,,1.239189e+00,9.226356e-02,1.131652e-01
GRID,1446,,1.239189e+00,8.494753e-02,1.342840e-01
GRID,1447,,1.239189e+00,9.501725e-02,1.948566e-01
GRID,1448,,1.239189e+00,9.455286e-02,1.583911e-02
GRID,1449,,1.239189e+00,9.440242e-02,1.539159e-01
GRID,1450,,1.239189e+00,9.686261e-02,-1.193875e-02
GRID,1451,,1.239189e+00,9.771313e-02,-3.420795e-02
GRID,1452,,1.239189e+00,9.928423e-02,2.148563e-01
GRID,1453,,1.239189e+00,9.931735e-02,-5.122917e-02
GRID,1454,,1.239189e+00,1.011026e-01,4.464068e-02
GRID,1455,,1.239189e+00,1.041221e-01,1.746243e-01
GRID,1456,,1.239189e+00,1.045412e-01,6.979781e-02
GRID,1457,,1.239189e+00,1.078471e-01,1.341204e-01
GRID,1458,,1.239189e+00,1.067710e-01,9.268613e-02
GRID,1459,,1.239189e+00,1.240187e-01,1.081195e-01
GRID,1460,,1.239189e+00,1.240189e-01,1.600131e-01
GRID,1461,,1.239189e+00,1.240183e-01,4.332235e-03
GRID,1462,,1.239189e+00,1.240184e-01,3.027905e-02
GRID,1463,,1.239189e+00,1.240190e-01,1.859599e-01
GRID,1464,,1.239189e+00,1.240191e-01,2.119067e-01
GRID,1465,,1.239189e+00,1.240182e-01,-2.161458e-02
GRID,1466,,1.239189e+00,1.240181e-01,-4.756139e-02
GRID,1467,,1.239189e+00,1.240185e-01,5.622586e-02
GRID,1468,,1.239189e+00,1.240190e-01,1.795632e-01
GRID,1469,,1.239189e+00,1.240186e-01,8.217267e-02
GRID,1470,,1.239189e+00,1.240188e-01,1.340663e-01
GRID,1471,,1.239189e+00,1.494169e-01,-4.353620e-02
GRID,1472,,1.239189e+00,1.565854e-01,-2.376535e-02
GRID,1473,,1.239189e+00,1.497047e-01,-3.097400e-03
GRID,1474,,1.239189e+00,1.427608e-01,1.788783e-02
GRID,1475,,1.239189e+00,1.510428e-01,3.948635e-02
GRID,1476,,1.239189e+00,1.240185e-01,5.622586e-02
GRID,1477,,1.239189e+00,1.448766e-01,6.625417e-02
GRID,1478,,1.239189e+00,1.428602e-01,9.040530e-02
GRID,1479,,1.239189e+00,1.528128e-01,1.129177e-01
GRID,1480,,1.239189e+00,1.457332e-01,1.423687e-01
GRID,1481,,1.239189e+00,1.405009e-01,1.674369e-01
GRID,1482,,1.239189e+00,1.493073e-01,1.874847e-01
GRID,1483,,1.239189e+00,1.495723e-01,2.084538e-01
GRID,1484,,1.239189e+00,1.611209e-01,1.602652e-01
GRID,1485,,1.239189e+00,1.716187e-01,1.508811e-02
GRID,1486,,1.239189e+00,1.666443e-01,8.342506e-02
GRID,1487,,1.239189e+00,1.661068e-01,5.814543e-02
GRID,1488,,1.239189e+00,1.742813e-01,1.316169e-01
GRID,1489,,1.239189e+00,1.786703e-01,1.803353e-01
GRID,1490,,1.239189e+00,1.750817e-01,2.046942e-01
GRID,1491,,1.239189e+00,1.748118e-01,-3.960417e-02
GRID,1492,,1.239189e+00,1.839260e-01,-1.129268e-02
GRID,1493,,1.239189e+00,1.842398e-01,3.696419e-02
GRID,1494,,1.239189e+00,1.936904e-01,1.010008e-01
GRID,1495,,1.239189e+00,1.851973e-01,1.560233e-01
GRID,1496,,1.239189e+00,1.907372e-01,6.543541e-02
GRID,1497,,1.239189e+00,2.076954e-01,1.211201e-02
GRID,1498,,1.239189e+00,2.115085e-01,1.350358e-01
GRID,1499,,1.239189e+00,2.002540e-01,-3.599270e-02
GRID,1500,,1.239189e+00,2.005585e-01,2.007213e-01
GRID,1501,,1.239189e+00,2.061770e-01,1.717821e-01
GRID,1502,,1.239189e+00,2.188429e-01,-1.424100e-02
GRID,1503,,1.239189e+00,2.090461e-01,4.070384e-02
GRID,1504,,1.239189e+00,2.200430e-01,6.919668e-02
GRID,1505,,1.239189e+00,2.327123e-01,1.010561e-01
GRID,1506,,1.239189e+00,2.257475e-01,-3.275760e-02
GRID,1507,,1.239189e+00,2.260146e-01,1.966168e-01
GRID,1508,,1.239189e+00,2.332348e-01,1.661344e-01
GRID,1509,,1.239189e+00,2.444049e-01,-5.486380e-04
GRID,1510,,1.239189e+00,2.344800e-01,3.364059e-02
GRID,1511,,1.239189e+00,2.490870e-01,1.320809e-01
GRID,1512,,1.239189e+00,2.512785e-01,-2.983883e-02
GRID,1513,,1.239189e+00,2.529232e-01,6.419170e-02
GRID,1514,,1.239189e+00,2.514612e-01,1.924542e-01
GRID,1515,,1.239189e+00,2.766157e-01,9.586153e-02
GRID,1516,,1.239189e+00,2.623274e-01,1.635987e-01
GRID,1517,,1.239189e+00,2.659057e-01,2.032387e-02
GRID,1518,,1.239189e+00,2.768338e-01,-2.713917e-02
GRID,1519,,1.239189e+00,2.851050e-01,1.349789e-01
GRID,1520,,1.239189e+00,2.769067e-01,1.882852e-01
GRID,1521,,1.239189e+00,2.871313e-01,4.840425e-02
GRID,1522,,1.239189e+00,2.892211e-01,1.661848e-01
GRID,1523,,1.239189e+00,2.964660e-01,4.552578e-03
GRID,1524,,1.239189e+00,3.157274e-01,7.222483e-02
GRID,1525,,1.239189e+00,3.163574e-01,1.127788e-01
GRID,1526,,1.239189e+00,3.024026e-01,-2.457066e-02
GRID,1527,,1.239189e+00,3.023567e-01,1.841440e-01
GRID,1528,,1.239189e+00,3.182306e-01,1.500740e-01
GRID,1529,,1.239189e+00,3.198367e-01,2.645612e-02
GRID,1530,,1.239189e+00,3.279786e-01,-2.207619e-02
GRID,1531,,1.239189e+00,3.278168e-01,1.800644e-01
GRID,1532,,1.239189e+00,3.518694e-01,4.668449e-02
GRID,1533,,1.239189e+00,3.522593e-01,8.757272e-02
GRID,1534,,1.239189e+00,3.506029e-01,1.274634e-01
GRID,1535,,1.239189e+00,3.510937e-01,1.574713e-01
GRID,1536,,1.239189e+00,3.499556e-01,7.012418e-03
GRID,1537,,1.239189e+00,3.532925e-01,1.760843e-01
GRID,1538,,1.239189e+00,3.535586e-01,-1.962250e-02
GRID,1539,,1.239189e+00,3.791409e-01,-1.719275e-02
GRID,1540,,1.239189e+00,3.807462e-01,1.873763e-02
GRID,1541,,1.239189e+00,3.850587e-01,1.076542e-01
GRID,1542,,1.239189e+00,3.822418e-01,1.440411e-01
GRID,1543,,1.239189e+00,3.787886e-01,1.722366e-01
GRID,1544,,1.239189e+00,3.904374e-01,6.273386e-02
GRID,1545,,1.239189e+00,4.043088e-01,1.685517e-01
GRID,1546,,1.239189e+00,4.047247e-01,-1.477867e-02
GRID,1547,,1.239189e+00,4.123618e-01,2.314325e-02
GRID,1548,,1.239189e+00,4.146997e-01,1.338486e-01
GRID,1549,,1.239189e+00,4.193717e-01,9.313163e-02
GRID,1550,,1.239189e+00,4.309884e-01,5.519244e-02
GRID,1551,,1.239189e+00,4.298553e-01,1.650542e-01
GRID,1552,,1.239189e+00,4.303097e-01,-1.237780e-02
GRID,1553,,1.239189e+00,4.447297e-01,1.991819e-02
GRID,1554,,1.239189e+00,4.471704e-01,1.157994e-01
GRID,1555,,1.239189e+00,4.424991e-01,1.437761e-01
GRID,1556,,1.239189e+00,4.571483e-01,8.414145e-02
GRID,1557,,1.239189e+00,4.554297e-01,1.617658e-01
GRID,1558,,1.239189e+00,4.558957e-01,-9.987505e-03
GRID,1559,,1.239189e+00,4.658195e-01,4.959633e-02
GRID,1560,,1.239189e+00,4.674567e-01,1.369355e-01
GRID,1561,,1.239189e+00,4.744659e-01,1.846723e-02
GRID,1562,,1.239189e+00,4.871963e-01,1.095715e-01
GRID,1563,,1.239189e+00,4.810317e-01,1.587018e-01
GRID,1564,,1.239189e+00,4.814825e-01,-7.605157e-03
GRID,1565,,1.239189e+00,4.938145e-01,7.591093e-02
GRID,1566,,1.239189e+00,4.973169e-01,4.415036e-02
GRID,1567,,1.239189e+00,4.921424e-01,1.386382e-01
GRID,1568,,1.239189e+00,5.009727e-01,1.670630e-02
GRID,1569,,1.239189e+00,5.066614e-01,1.558754e-01
GRID,1570,,1.239189e+00,5.070696e-01,-5.227065e-03
GRID,1571,,1.239189e+00,5.307781e-01,9.756290e-02
GRID,1572,,1.239189e+00,5.193723e-01,1.281348e-01
GRID,1573,,1.239189e+00,5.257664e-01,6.289351e-02
GRID,1574,,1.239189e+00,5.239543e-01,3.487177e-02
GRID,1575,,1.239189e+00,5.219771e-01,1.232669e-02
GRID,1576,,1.239189e+00,5.323186e-01,1.533299e-01
GRID,1577,,1.239189e+00,5.326583e-01,-2.865919e-03
GRID,1578,,1.239189e+00,5.541635e-01,1.271518e-01
GRID,1579,,1.239189e+00,5.448289e-01,1.998339e-02
GRID,1580,,1.239189e+00,5.520292e-01,4.628076e-02
GRID,1581,,1.239189e+00,5.586465e-01,7.481328e-02
GRID,1582,,1.239189e+00,5.718150e-01,1.018391e-01
GRID,1583,,1.239189e+00,5.580315e-01,1.513412e-01
GRID,1584,,1.239189e+00,5.582601e-01,-6.502733e-04
GRID,1585,,1.239189e+00,5.730948e-01,2.596843e-02
GRID,1586,,1.239189e+00,5.825697e-01,5.113799e-02
GRID,1587,,1.239189e+00,5.878948e-01,1.259456e-01
GRID,1588,,1.239189e+00,5.838113e-01,1.508996e-01
GRID,1589,,1.239189e+00,5.839241e-01,7.656633e-04
GRID,1590,,1.239189e+00,5.899359e-01,7.756267e-02
GRID,1591,,1.239189e+00,6.096000e-01,1.670633e-03
GRID,1592,,1.257851e+00,6.096000e-01,1.885905e-02
GRID,1593,,1.264072e+00,6.096000e-01,2.914878e-03
GRID,1594,,1.268093e+00,6.096000e-01,3.999353e-02
GRID,1595,,1.273729e+00,6.096000e-01,6.318496e-02
GRID,1596,,1.275432e+00,6.096000e-01,9.064729e-02
GRID,1597,,1.267128e+00,6.096000e-01,1.171110e-01
GRID,1598,,1.264097e+00,6.096000e-01,1.501539e-01
GRID,1599,,1.280087e+00,-6.096000e-01,2.614646e-02
GRID,1600,,1.279427e+00,6.096000e-01,2.242943e-02
GRID,1601,,1.291349e+00,-6.096000e-01,4.826611e-02
GRID,1602,,1.288949e+00,6.096000e-01,4.266217e-03
GRID,1603,,1.288949e+00,-6.096000e-01,4.266234e-03
GRID,1604,,1.288994e+00,-6.096000e-01,1.488381e-01
GRID,1605,,1.285469e+00,6.096000e-01,1.310054e-01
GRID,1606,,1.288995e+00,6.096000e-01,1.488380e-01
GRID,1607,,1.291162e+00,-6.096000e-01,1.196724e-01
GRID,1608,,1.296261e+00,6.096000e-01,1.125211e-01
GRID,1609,,1.294912e+00,-6.096000e-01,9.257410e-02
GRID,1610,,1.302331e+00,6.096000e-01,4.017495e-02
GRID,1611,,1.306457e+00,6.096000e-01,7.262222e-02
GRID,1612,,1.310048e+00,6.096000e-01,9.581123e-02
GRID,1613,,1.304657e+00,-6.096000e-01,6.900139e-02
GRID,1614,,1.305008e+00,-6.096000e-01,2.690156e-02
GRID,1615,,1.310980e+00,6.096000e-01,1.314539e-01
GRID,1616,,1.313820e+00,6.096000e-01,5.724540e-03
GRID,1617,,1.313820e+00,-6.096000e-01,5.724556e-03
GRID,1618,,1.313884e+00,-6.096000e-01,1.473575e-01
GRID,1619,,1.313885e+00,6.096000e-01,1.473574e-01
GRID,1620,,1.316357e+00,-6.096000e-01,1.169699e-01
GRID,1621,,1.318952e+00,-6.096000e-01,4.893874e-02
GRID,1622,,1.317473e+00,-6.096000e-01,9.008466e-02
GRID,1623,,1.327399e+00,6.096000e-01,1.150714e-01
GRID,1624,,1.331596e+00,6.096000e-01,5.726318e-02
GRID,1625,,1.332353e+00,6.096000e-01,2.793974e-02
GRID,1626,,1.332078e+00,-6.096000e-01,7.288451e-02
GRID,1627,,1.332673e+00,-6.096000e-01,2.654835e-02
GRID,1628,,1.339253e+00,6.096000e-01,8.964151e-02
GRID,1629,,1.338764e+00,6.096000e-01,1.457185e-01
GRID,1630,,1.338684e+00,6.096000e-01,7.281178e-03
GRID,1631,,1.338685e+00,-6.096000e-01,7.281194e-03
GRID,1632,,1.338763e+00,-6.096000e-01,1.457186e-01
GRID,1633,,1.340843e+00,-6.096000e-01,1.062733e-01
GRID,1634,,1.352617e+00,-6.096000e-01,4.709591e-02
GRID,1635,,1.352892e+00,6.096000e-01,1.198846e-01
GRID,1636,,1.360056e+00,6.096000e-01,6.999355e-02
GRID,1637,,1.352744e+00,6.096000e-01,4.092357e-02
GRID,1638,,1.360102e+00,-6.096000e-01,8.326302e-02
GRID,1639,,1.363545e+00,6.096000e-01,8.910550e-03
GRID,1640,,1.363545e+00,-6.096000e-01,8.910566e-03
GRID,1641,,1.363633e+00,-6.096000e-01,1.439489e-01
GRID,1642,,1.363634e+00,6.096000e-01,1.439489e-01
GRID,1643,,1.369781e+00,6.096000e-01,1.001797e-01
GRID,1644,,1.369818e+00,-6.096000e-01,1.162883e-01
GRID,1645,,1.386789e+00,-6.096000e-01,3.537846e-02
GRID,1646,,1.378333e+00,-6.096000e-01,6.167613e-02
GRID,1647,,1.378600e+00,6.096000e-01,4.618623e-02
GRID,1648,,1.376113e+00,6.096000e-01,1.246384e-01
GRID,1649,,1.388718e+00,6.096000e-01,8.159431e-02
GRID,1650,,1.392025e+00,-6.096000e-01,8.837148e-02
GRID,1651,,1.388400e+00,6.096000e-01,1.061050e-02
GRID,1652,,1.388400e+00,-6.096000e-01,1.061052e-02
GRID,1653,,1.388494e+00,-6.096000e-01,1.420510e-01
GRID,1654,,1.388495e+00,6.096000e-01,1.420509e-01
GRID,1655,,1.399448e+00,6.096000e-01,1.136393e-01
GRID,1656,,1.408709e+00,-6.096000e-01,1.128520e-01
GRID,1657,,1.408656e+00,-6.096000e-01,6.153571e-02
GRID,1658,,1.406771e+00,6.096000e-01,6.257299e-02
GRID,1659,,1.399044e+00,6.096000e-01,3.519948e-02
GRID,1660,,1.413251e+00,-6.096000e-01,1.237949e-02
GRID,1661,,1.417970e+00,-6.096000e-01,3.551385e-02
GRID,1662,,1.413251e+00,6.096000e-01,1.237947e-02
GRID,1663,,1.413345e+00,-6.096000e-01,1.400267e-01
GRID,1664,,1.413346e+00,6.096000e-01,1.400266e-01
GRID,1665,,1.417085e+00,6.096000e-01,9.080504e-02
GRID,1666,,1.427019e+00,-6.096000e-01,8.223135e-02
GRID,1667,,1.422486e+00,6.096000e-01,3.960753e-02
GRID,1668,,1.427214e+00,6.096000e-01,1.151941e-01
GRID,1669,,1.431904e+00,6.096000e-01,6.825822e-02
GRID,1670,,1.442090e+00,-6.096000e-01,4.805055e-02
GRID,1671,,1.444757e+00,-6.096000e-01,1.001546e-01
GRID,1672,,1.438240e+00,-6.096000e-01,1.230689e-01
GRID,1673,,1.438097e+00,6.096000e-01,1.420780e-02
GRID,1674,,1.438098e+00,-6.096000e-01,1.420782e-02
GRID,1675,,1.438185e+00,-6.096000e-01,1.378812e-01
GRID,1676,,1.438187e+00,6.096000e-01,1.378811e-01
GRID,1677,,1.441854e+00,6.096000e-01,9.293848e-02
GRID,1678,,1.446643e+00,6.096000e-01,4.441480e-02
GRID,1679,,1.458411e+00,-6.096000e-01,7.187991e-02
GRID,1680,,1.451683e+00,6.096000e-01,1.150483e-01
GRID,1681,,1.455985e+00,6.096000e-01,7.321080e-02
GRID,1682,,1.462939e+00,6.096000e-01,1.609320e-02
GRID,1683,,1.462940e+00,-6.096000e-01,1.609322e-02
GRID,1684,,1.463016e+00,-6.096000e-01,1.356167e-01
GRID,1685,,1.463016e+00,6.096000e-01,1.356166e-01
GRID,1686,,1.466215e+00,-6.096000e-01,1.149469e-01
GRID,1687,,1.462442e+00,6.096000e-01,9.470951e-02
GRID,1688,,1.474343e+00,-6.096000e-01,4.535756e-02
GRID,1689,,1.475007e+00,-6.096000e-01,9.099443e-02
GRID,1690,,1.470331e+00,6.096000e-01,5.318417e-02
GRID,1691,,1.475330e+00,6.096000e-01,1.088959e-01
GRID,1692,,1.483432e+00,6.096000e-01,8.269316e-02
GRID,1693,,1.488936e+00,-6.096000e-01,6.880779e-02
GRID,1694,,1.484866e+00,6.096000e-01,3.792227e-02
GRID,1695,,1.487777e+00,6.096000e-01,1.803443e-02
GRID,1696,,1.487777e+00,-6.096000e-01,1.803445e-02
GRID,1697,,1.487835e+00,-6.096000e-01,1.332338e-01
GRID,1698,,1.487836e+00,6.096000e-01,1.332337e-01
GRID,1699,,1.488577e+00,6.096000e-01,1.213055e-01
GRID,1700,,1.488396e+00,-6.096000e-01,1.090669e-01
GRID,1701,,1.496444e+00,6.096000e-01,6.029531e-02
GRID,1702,,1.503884e+00,-6.096000e-01,4.595227e-02
GRID,1703,,1.503106e+00,-6.096000e-01,9.121348e-02
GRID,1704,,1.503364e+00,6.096000e-01,1.038100e-01
GRID,1705,,1.513137e+00,6.096000e-01,8.153301e-02
GRID,1706,,1.507052e+00,6.096000e-01,4.001493e-02
GRID,1707,,1.512612e+00,6.096000e-01,2.001247e-02
GRID,1708,,1.512612e+00,-6.096000e-01,2.001249e-02
GRID,1709,,1.510666e+00,-6.096000e-01,1.136439e-01
GRID,1710,,1.512644e+00,-6.096000e-01,1.307508e-01
GRID,1711,,1.512645e+00,6.096000e-01,1.307507e-01
GRID,1712,,1.517495e+00,-6.096000e-01,7.199615e-02
GRID,1713,,1.518836e+00,6.096000e-01,6.069897e-02
GRID,1714,,1.537445e+00,-6.096000e-01,1.016395e-01
GRID,1715,,1.537445e+00,6.096000e-01,1.016395e-01
GRID,1716,,1.537445e+00,-6.096000e-01,4.855918e-02
GRID,1717,,1.537445e+00,6.096000e-01,4.855918e-02
GRID,1718,,1.537445e+00,6.096000e-01,2.201900e-02
GRID,1719,,1.537445e+00,-6.096000e-01,1.281797e-01
GRID,1720,,1.537445e+00,-6.096000e-01,2.201900e-02
GRID,1721,,1.537445e+00,6.096000e-01,1.281797e-01
GRID,1722,,1.537445e+00,6.096000e-01,7.509937e-02
GRID,1723,,1.537445e+00,-6.096000e-01,7.509937e-02
GRID,1724,,1.561583e+00,-6.096000e-01,4.079617e-02
GRID,1725,,1.562297e+00,-6.096000e-01,2.405616e-02
GRID,1726,,1.537445e+00,-5.904648e-01,4.729422e-02
GRID,1727,,1.537445e+00,-5.838234e-01,2.159545e-02
GRID,1728,,1.561686e+00,-6.096000e-01,6.637914e-02
GRID,1729,,1.537445e+00,-5.746532e-01,6.907027e-02
GRID,1730,,1.537445e+00,-5.866375e-01,9.032951e-02
GRID,1731,,1.537445e+00,-6.096000e-01,1.016394e-01
GRID,1732,,1.562718e+00,-6.096000e-01,9.464714e-02
GRID,1733,,1.537445e+00,-5.843173e-01,1.108556e-01
GRID,1734,,1.537445e+00,-6.096000e-01,1.281795e-01
GRID,1735,,1.556507e+00,-6.096000e-01,1.130174e-01
GRID,1736,,1.537445e+00,-5.839791e-01,1.268893e-01
GRID,1737,,1.562344e+00,-6.096000e-01,1.255078e-01
GRID,1738,,1.537445e+00,-5.573574e-01,4.274006e-02
GRID,1739,,1.537445e+00,-5.564432e-01,9.931850e-02
GRID,1740,,1.537445e+00,-5.583065e-01,1.267085e-01
GRID,1741,,1.537445e+00,-5.581417e-01,2.052337e-02
GRID,1742,,1.537445e+00,-5.427270e-01,7.294765e-02
GRID,1743,,1.537445e+00,-5.327137e-01,1.285308e-01
GRID,1744,,1.537445e+00,-5.325212e-01,1.842558e-02
GRID,1745,,1.537445e+00,-5.248410e-01,4.677620e-02
GRID,1746,,1.537445e+00,-5.248273e-01,1.009189e-01
GRID,1747,,1.537445e+00,-5.110074e-01,7.459251e-02
GRID,1748,,1.537445e+00,-5.071704e-01,1.309624e-01
GRID,1749,,1.537445e+00,-5.069162e-01,1.616641e-02
GRID,1750,,1.537445e+00,-4.895793e-01,4.785808e-02
GRID,1751,,1.537445e+00,-4.997046e-01,1.014744e-01
GRID,1752,,1.537445e+00,-4.813265e-01,8.264207e-02
GRID,1753,,1.537445e+00,-4.790585e-01,1.141721e-01
GRID,1754,,1.537445e+00,-4.816517e-01,1.336359e-01
GRID,1755,,1.537445e+00,-4.813098e-01,1.391845e-02
GRID,1756,,1.537445e+00,-4.546722e-01,3.525068e-02
GRID,1757,,1.537445e+00,-4.588528e-01,6.656574e-02
GRID,1758,,1.537445e+00,-4.561533e-01,1.364991e-01
GRID,1759,,1.537445e+00,-4.550566e-01,1.046054e-01
GRID,1760,,1.537445e+00,-4.557010e-01,1.169815e-02
GRID,1761,,1.537445e+00,-4.315777e-01,5.805614e-02
GRID,1762,,1.537445e+00,-4.335198e-01,9.476460e-02
GRID,1763,,1.537445e+00,-4.306757e-01,1.395403e-01
GRID,1764,,1.537445e+00,-4.300903e-01,9.499387e-03
GRID,1765,,1.537445e+00,-4.247221e-01,2.942635e-02
GRID,1766,,1.537445e+00,-4.115942e-01,7.552147e-02
GRID,1767,,1.537445e+00,-4.122766e-01,1.096386e-01
GRID,1768,,1.537445e+00,-4.073780e-01,4.259885e-02
GRID,1769,,1.537445e+00,-4.052185e-01,1.427491e-01
GRID,1770,,1.537445e+00,-4.044784e-01,7.315761e-03
GRID,1771,,1.537445e+00,-3.913721e-01,8.882365e-02
GRID,1772,,1.537445e+00,-3.881385e-01,1.185205e-01
GRID,1773,,1.537445e+00,-3.933025e-01,6.151901e-02
GRID,1774,,1.537445e+00,-3.868686e-01,3.412655e-02
GRID,1775,,1.537445e+00,-3.797814e-01,1.461126e-01
GRID,1776,,1.537445e+00,-3.788659e-01,5.138299e-03
GRID,1777,,1.537445e+00,-3.736071e-01,6.274135e-02
GRID,1778,,1.537445e+00,-3.659735e-01,9.234949e-02
GRID,1779,,1.537445e+00,-3.595068e-01,1.222609e-01
GRID,1780,,1.537445e+00,-3.638794e-01,3.205949e-02
GRID,1781,,1.537445e+00,-3.543633e-01,1.496170e-01
GRID,1782,,1.537445e+00,-3.532538e-01,2.955622e-03
GRID,1783,,1.537445e+00,-3.462403e-01,6.063783e-02
GRID,1784,,1.537445e+00,-3.388951e-01,9.435389e-02
GRID,1785,,1.537445e+00,-3.425530e-01,2.623574e-02
GRID,1786,,1.537445e+00,-3.345101e-01,1.247053e-01
GRID,1787,,1.537445e+00,-3.289624e-01,1.532443e-01
GRID,1788,,1.537445e+00,-3.276440e-01,7.468717e-04
GRID,1789,,1.537445e+00,-3.212761e-01,3.209065e-02
GRID,1790,,1.537445e+00,-3.167351e-01,6.670818e-02
GRID,1791,,1.537445e+00,-3.107992e-01,9.939383e-02
GRID,1792,,1.537445e+00,-3.111529e-01,1.292406e-01
GRID,1793,,1.537445e+00,-3.035767e-01,1.569759e-01
GRID,1794,,1.537445e+00,-3.020397e-01,-1.525063e-03
GRID,1795,,1.537445e+00,-2.984911e-01,3.990744e-02
GRID,1796,,1.537445e+00,-2.836224e-01,7.292259e-02
GRID,1797,,1.537445e+00,-2.835602e-01,1.196887e-01
GRID,1798,,1.537445e+00,-2.782031e-01,1.607894e-01
GRID,1799,,1.537445e+00,-2.768256e-01,2.835254e-02
GRID,1800,,1.537445e+00,-2.764475e-01,-3.930595e-03
GRID,1801,,1.537445e+00,-2.536238e-01,4.701661e-02
GRID,1802,,1.537445e+00,-2.563664e-01,9.313776e-02
GRID,1803,,1.537445e+00,-2.492893e-01,1.346817e-01
GRID,1804,,1.537445e+00,-2.528387e-01,1.646632e-01
GRID,1805,,1.537445e+00,-2.508815e-01,-6.599126e-03
GRID,1806,,1.537445e+00,-2.289125e-01,7.106198e-02
GRID,1807,,1.537445e+00,-2.288972e-01,1.071789e-01
GRID,1808,,1.537445e+00,-2.240506e-01,2.728368e-02
GRID,1809,,1.537445e+00,-2.274799e-01,1.685736e-01
GRID,1810,,1.537445e+00,-2.253721e-01,-9.769666e-03
GRID,1811,,1.537445e+00,-2.073037e-01,1.333341e-01
GRID,1812,,1.537445e+00,-1.969094e-01,5.324329e-02
GRID,1813,,1.537445e+00,-2.005020e-01,9.063979e-02
GRID,1814,,1.537445e+00,-2.021197e-01,1.724745e-01
GRID,1815,,1.537445e+00,-1.999849e-01,-1.383273e-02
GRID,1816,,1.537445e+00,-1.983962e-01,2.313968e-03
GRID,1817,,1.537445e+00,-1.919900e-01,2.313856e-02
GRID,1818,,1.537445e+00,-1.717266e-01,1.047622e-01
GRID,1819,,1.537445e+00,-1.779641e-01,1.400112e-01
GRID,1820,,1.537445e+00,-1.712942e-01,1.621065e-01
GRID,1821,,1.537445e+00,-1.767471e-01,1.762917e-01
GRID,1822,,1.537445e+00,-1.641127e-01,6.837643e-02
GRID,1823,,1.537445e+00,-1.748774e-01,-1.930597e-02
GRID,1824,,1.537445e+00,-1.696604e-01,2.091678e-03
GRID,1825,,1.537445e+00,-1.684705e-01,3.182163e-02
GRID,1826,,1.537445e+00,-1.495254e-01,1.224740e-01
GRID,1827,,1.537445e+00,-1.493912e-01,1.508686e-01
GRID,1828,,1.537445e+00,-1.513488e-01,1.799390e-01
GRID,1829,,1.537445e+00,-1.501842e-01,-2.650167e-02
GRID,1830,,1.537445e+00,-1.258857e-01,8.635194e-02
GRID,1831,,1.537445e+00,-1.470607e-01,5.843349e-03
GRID,1832,,1.537445e+00,-1.456772e-01,3.788326e-02
GRID,1833,,1.537445e+00,-1.258856e-01,6.210846e-02
GRID,1834,,1.537445e+00,-1.258860e-01,1.590824e-01
GRID,1835,,1.537445e+00,-1.258861e-01,1.833258e-01
GRID,1836,,1.537445e+00,-1.258853e-01,-1.062197e-02
GRID,1837,,1.537445e+00,-1.258852e-01,-3.486544e-02
GRID,1838,,1.537445e+00,-1.258859e-01,1.348389e-01
GRID,1839,,1.537445e+00,-1.258858e-01,1.105954e-01
GRID,1840,,1.537445e+00,-1.258854e-01,1.362151e-02
GRID,1841,,1.537445e+00,-1.258855e-01,3.786499e-02
GRID,1842,,1.537445e+00,-9.920515e-02,1.659102e-01
GRID,1843,,1.537445e+00,-1.007821e-01,1.862940e-01
GRID,1844,,1.537445e+00,-9.697903e-02,1.435170e-01
GRID,1845,,1.537445e+00,-9.591980e-02,1.167236e-01
GRID,1846,,1.537445e+00,-1.026804e-01,8.277660e-02
GRID,1847,,1.537445e+00,-9.740075e-02,5.299432e-02
GRID,1848,,1.537445e+00,-9.464921e-02,2.138435e-02
GRID,1849,,1.537445e+00,-1.015800e-01,-4.019040e-03
GRID,1850,,1.537445e+00,-1.073599e-01,-2.470508e-02
GRID,1851,,1.537445e+00,-1.014839e-01,-4.317634e-02
GRID,1852,,1.537445e+00,-8.465038e-02,-2.582394e-02
GRID,1853,,1.537445e+00,-6.940791e-02,6.992011e-02
GRID,1854,,1.537445e+00,-7.877615e-02,9.456153e-02
GRID,1855,,1.537445e+00,-7.313249e-02,-4.076641e-03
GRID,1856,,1.537445e+00,-7.669456e-02,-5.029309e-02
GRID,1857,,1.537445e+00,-7.330647e-02,1.716770e-01
GRID,1858,,1.537445e+00,-7.564965e-02,1.887905e-01
GRID,1859,,1.537445e+00,-7.152880e-02,1.526042e-01
GRID,1860,,1.537445e+00,-6.993098e-02,4.227872e-02
GRID,1861,,1.537445e+00,-7.088699e-02,1.318134e-01
GRID,1862,,1.537445e+00,-6.286003e-02,1.106859e-01
GRID,1863,,1.537445e+00,-6.130332e-02,1.783877e-02
GRID,1864,,1.537445e+00,-5.651004e-02,-2.792876e-02
GRID,1865,,1.537445e+00,-5.125935e-02,9.052451e-02
GRID,1866,,1.537445e+00,-5.149158e-02,-5.559229e-02
GRID,1867,,1.537445e+00,-4.820206e-02,1.786903e-01
GRID,1868,,1.537445e+00,-5.046751e-02,1.907053e-01
GRID,1869,,1.537445e+00,-4.593781e-02,1.603878e-01
GRID,1870,,1.537445e+00,-4.324702e-02,-3.072757e-03
GRID,1871,,1.537445e+00,-4.720305e-02,1.409130e-01
GRID,1872,,1.537445e+00,-4.812265e-02,1.229807e-01
GRID,1873,,1.537445e+00,-4.602243e-02,3.471180e-02
GRID,1874,,1.537445e+00,-4.300199e-02,5.411217e-02
GRID,1875,,1.537445e+00,-3.486292e-02,7.357194e-02
GRID,1876,,1.537445e+00,-3.637942e-02,1.079877e-01
GRID,1877,,1.537445e+00,-3.152693e-02,1.731427e-02
GRID,1878,,1.537445e+00,-3.513183e-02,-3.938476e-02
GRID,1879,,1.537445e+00,-2.779150e-02,-2.053257e-02
GRID,1880,,1.537445e+00,-2.589445e-02,-5.883832e-02
GRID,1881,,1.537445e+00,-2.351921e-02,9.201237e-02
GRID,1882,,1.537445e+00,-2.524022e-02,1.919274e-01
GRID,1883,,1.537445e+00,-2.109736e-02,1.720861e-01
GRID,1884,,1.537445e+00,-2.751273e-02,1.274714e-01
GRID,1885,,1.537445e+00,-2.192144e-02,1.489216e-01
GRID,1886,,1.537445e+00,-2.175637e-02,3.775226e-02
GRID,1887,,1.537445e+00,-1.115751e-02,-9.842325e-04
GRID,1888,,1.537445e+00,-1.452980e-02,5.740690e-02
GRID,1889,,1.537445e+00,-1.254463e-02,1.113345e-01
GRID,1890,,1.537445e+00,-1.355702e-02,-3.929998e-02
GRID,1891,,1.537445e+00,-1.133815e-02,7.635719e-02
GRID,1892,,1.537445e+00,-3.325483e-03,2.045518e-02
GRID,1893,,1.537445e+00,-5.167645e-03,-2.225129e-02
GRID,1894,,1.537445e+00,-4.269359e-03,1.340152e-01
GRID,1895,,1.537445e+00,-1.373595e-04,-5.993490e-02
GRID,1896,,1.537445e+00,1.386309e-05,1.923578e-01
GRID,1897,,1.537445e+00,1.788681e-03,9.300081e-02
GRID,1898,,1.537445e+00,3.780671e-03,1.623533e-01
GRID,1899,,1.537445e+00,4.067921e-03,4.292142e-02
GRID,1900,,1.537445e+00,1.150883e-02,6.917368e-02
GRID,1901,,1.537445e+00,9.140978e-03,-3.910232e-02
GRID,1902,,1.537445e+00,1.065781e-02,1.153287e-01
GRID,1903,,1.537445e+00,1.320777e-02,-1.766557e-02
GRID,1904,,1.537445e+00,1.736556e-02,2.998769e-03
GRID,1905,,1.537445e+00,1.763590e-02,1.385307e-01
GRID,1906,,1.537445e+00,2.334535e-02,2.500524e-02
GRID,1907,,1.537445e+00,2.563320e-02,-5.886112e-02
GRID,1908,,1.537445e+00,2.526552e-02,1.919276e-01
GRID,1909,,1.537445e+00,2.582162e-02,9.605724e-02
GRID,1910,,1.537445e+00,3.120263e-02,1.650762e-01
GRID,1911,,1.537445e+00,2.765525e-02,4.839285e-02
GRID,1912,,1.537445e+00,3.126969e-02,-3.578688e-02
GRID,1913,,1.537445e+00,3.240153e-02,1.212708e-01
GRID,1914,,1.537445e+00,3.554681e-02,7.150582e-02
GRID,1915,,1.537445e+00,3.249937e-02,-1.509476e-02
GRID,1916,,1.537445e+00,4.488499e-02,4.814688e-03
GRID,1917,,1.537445e+00,3.783626e-02,1.425846e-01
GRID,1918,,1.537445e+00,4.599987e-02,3.227791e-02
GRID,1919,,1.537445e+00,5.049445e-02,1.907023e-01
GRID,1920,,1.537445e+00,5.122758e-02,-5.563619e-02
GRID,1921,,1.537445e+00,4.696881e-02,8.996174e-02
GRID,1922,,1.537445e+00,4.931610e-02,1.090210e-01
GRID,1923,,1.537445e+00,5.046489e-02,5.417054e-02
GRID,1924,,1.537445e+00,5.863927e-02,1.603445e-01
GRID,1925,,1.537445e+00,5.556652e-02,-2.494683e-02
GRID,1926,,1.537445e+00,5.566618e-02,1.313144e-01
GRID,1927,,1.537445e+00,5.880520e-02,7.451776e-02
GRID,1928,,1.537445e+00,7.517656e-02,-1.466924e-03
GRID,1929,,1.537445e+00,6.322862e-02,1.985360e-02
GRID,1930,,1.537445e+00,6.707158e-02,4.023127e-02
GRID,1931,,1.537445e+00,6.683827e-02,9.467125e-02
GRID,1932,,1.537445e+00,7.280812e-02,1.165841e-01
GRID,1933,,1.537445e+00,7.031942e-02,5.874902e-02
GRID,1934,,1.537445e+00,7.567390e-02,1.887876e-01
GRID,1935,,1.537445e+00,7.644513e-02,-5.035503e-02
GRID,1936,,1.537445e+00,8.141089e-02,-2.583184e-02
GRID,1937,,1.537445e+00,7.852883e-02,1.389090e-01
GRID,1938,,1.537445e+00,9.061897e-02,1.638387e-01
GRID,1939,,1.537445e+00,8.440289e-02,7.475187e-02
GRID,1940,,1.537445e+00,8.400443e-02,2.505156e-02
GRID,1941,,1.537445e+00,9.268618e-02,1.014065e-01
GRID,1942,,1.537445e+00,8.741189e-02,4.820671e-02
GRID,1943,,1.537445e+00,1.000372e-01,1.236894e-01
GRID,1944,,1.537445e+00,1.019235e-01,-1.594337e-02
GRID,1945,,1.537445e+00,1.022410e-01,8.520917e-03
GRID,1946,,1.537445e+00,1.008069e-01,1.862909e-01
GRID,1947,,1.537445e+00,1.012397e-01,-4.325426e-02
GRID,1948,,1.537445e+00,1.033305e-01,1.442274e-01
GRID,1949,,1.537445e+00,1.053431e-01,3.213970e-02
GRID,1950,,1.537445e+00,1.053366e-01,5.856821e-02
GRID,1951,,1.537445e+00,1.070997e-01,8.507126e-02
GRID,1952,,1.537445e+00,1.258860e-01,1.590816e-01
GRID,1953,,1.537445e+00,1.258858e-01,1.105948e-01
GRID,1954,,1.537445e+00,1.258859e-01,1.348382e-01
GRID,1955,,1.537445e+00,1.258861e-01,1.833250e-01
GRID,1956,,1.537445e+00,1.258852e-01,-3.486565e-02
GRID,1957,,1.537445e+00,1.258853e-01,-1.062225e-02
GRID,1958,,1.537445e+00,1.258854e-01,1.362116e-02
GRID,1959,,1.537445e+00,1.258855e-01,3.786457e-02
GRID,1960,,1.537445e+00,1.258856e-01,6.210798e-02
GRID,1961,,1.537445e+00,1.258857e-01,8.635139e-02
GRID,1962,,1.537445e+00,1.502211e-01,-2.648989e-02
GRID,1963,,1.537445e+00,1.489965e-01,-8.274437e-04
GRID,1964,,1.537445e+00,1.467655e-01,2.366858e-02
GRID,1965,,1.537445e+00,1.460580e-01,6.889205e-02
GRID,1966,,1.537445e+00,1.634789e-01,4.858979e-02
GRID,1967,,1.537445e+00,1.476564e-01,9.936668e-02
GRID,1968,,1.537445e+00,1.461992e-01,1.246812e-01
GRID,1969,,1.537445e+00,1.468415e-01,1.507933e-01
GRID,1970,,1.537445e+00,1.513207e-01,1.799429e-01
GRID,1971,,1.537445e+00,1.709244e-01,8.510223e-02
GRID,1972,,1.537445e+00,1.698459e-01,1.165470e-01
GRID,1973,,1.537445e+00,1.637412e-01,1.376941e-01
GRID,1974,,1.537445e+00,1.683969e-01,1.614861e-02
GRID,1975,,1.537445e+00,1.720246e-01,1.587050e-01
GRID,1976,,1.537445e+00,1.748999e-01,-1.930047e-02
GRID,1977,,1.537445e+00,1.767184e-01,1.762957e-01
GRID,1978,,1.537445e+00,1.904939e-01,3.518265e-02
GRID,1979,,1.537445e+00,1.942882e-01,6.901438e-02
GRID,1980,,1.537445e+00,1.885021e-01,1.397421e-01
GRID,1981,,1.537445e+00,1.886826e-01,6.913198e-03
GRID,1982,,1.537445e+00,1.991571e-01,1.068815e-01
GRID,1983,,1.537445e+00,2.020910e-01,1.724786e-01
GRID,1984,,1.537445e+00,2.000293e-01,-1.382447e-02
GRID,1985,,1.537445e+00,2.124017e-01,1.403760e-01
GRID,1986,,1.537445e+00,2.118944e-01,1.534430e-02
GRID,1987,,1.537445e+00,2.194156e-01,4.705566e-02
GRID,1988,,1.537445e+00,2.248689e-01,8.289952e-02
GRID,1989,,1.537445e+00,2.326246e-01,1.169531e-01
GRID,1990,,1.537445e+00,2.254121e-01,-9.764046e-03
GRID,1991,,1.537445e+00,2.274509e-01,1.685781e-01
GRID,1992,,1.537445e+00,2.443859e-01,2.061940e-02
GRID,1993,,1.537445e+00,2.371846e-01,1.446549e-01
GRID,1994,,1.537445e+00,2.502092e-01,5.844379e-02
GRID,1995,,1.537445e+00,2.592511e-01,9.532237e-02
GRID,1996,,1.537445e+00,2.509257e-01,-6.594128e-03
GRID,1997,,1.537445e+00,2.528093e-01,1.646677e-01
GRID,1998,,1.537445e+00,2.659154e-01,1.311223e-01
GRID,1999,,1.537445e+00,2.764914e-01,-3.926268e-03
GRID,2000,,1.537445e+00,2.741884e-01,3.459959e-02
GRID,2001,,1.537445e+00,2.834164e-01,7.088674e-02
GRID,2002,,1.537445e+00,2.781733e-01,1.607938e-01
GRID,2003,,1.537445e+00,2.981625e-01,1.057646e-01
GRID,2004,,1.537445e+00,2.991092e-01,1.373058e-01
GRID,2005,,1.537445e+00,2.953401e-01,1.911744e-02
GRID,2006,,1.537445e+00,3.051852e-01,4.587429e-02
GRID,2007,,1.537445e+00,3.020858e-01,-1.520859e-03
GRID,2008,,1.537445e+00,3.035464e-01,1.569803e-01
GRID,2009,,1.537445e+00,3.224980e-01,7.369357e-02
GRID,2010,,1.537445e+00,3.212173e-01,2.010044e-02
GRID,2011,,1.537445e+00,3.416315e-01,9.988544e-02
GRID,2012,,1.537445e+00,3.296891e-01,1.282471e-01
GRID,2013,,1.537445e+00,3.289318e-01,1.532487e-01
GRID,2014,,1.537445e+00,3.276925e-01,7.511038e-04
GRID,2015,,1.537445e+00,3.401074e-01,4.182577e-02
GRID,2016,,1.537445e+00,3.533046e-01,2.959982e-03
GRID,2017,,1.537445e+00,3.644456e-01,6.861166e-02
GRID,2018,,1.537445e+00,3.543322e-01,1.496213e-01
GRID,2019,,1.537445e+00,3.627422e-01,1.236441e-01
GRID,2020,,1.537445e+00,3.705706e-01,3.341962e-02
GRID,2021,,1.537445e+00,3.779023e-01,9.780680e-02
GRID,2022,,1.537445e+00,3.789190e-01,5.142775e-03
GRID,2023,,1.537445e+00,3.797498e-01,1.461169e-01
GRID,2024,,1.537445e+00,3.953376e-01,1.211197e-01
GRID,2025,,1.537445e+00,3.972176e-01,5.025769e-02
GRID,2026,,1.537445e+00,4.009456e-01,7.718476e-02
GRID,2027,,1.537445e+00,3.957687e-01,2.533368e-02
GRID,2028,,1.537445e+00,4.077310e-01,1.012841e-01
GRID,2029,,1.537445e+00,4.045338e-01,7.320503e-03
GRID,2030,,1.537445e+00,4.051866e-01,1.427533e-01
GRID,2031,,1.537445e+00,4.277449e-01,1.189558e-01
GRID,2032,,1.537445e+00,4.194930e-01,3.172581e-02
GRID,2033,,1.537445e+00,4.262159e-01,5.991126e-02
GRID,2034,,1.537445e+00,4.293292e-01,8.920160e-02
GRID,2035,,1.537445e+00,4.301481e-01,9.504395e-03
GRID,2036,,1.537445e+00,4.306432e-01,1.395441e-01
GRID,2037,,1.537445e+00,4.519382e-01,3.741786e-02
GRID,2038,,1.537445e+00,4.540881e-01,7.271384e-02
GRID,2039,,1.537445e+00,4.539682e-01,1.055575e-01
GRID,2040,,1.537445e+00,4.561205e-01,1.365029e-01
GRID,2041,,1.537445e+00,4.557611e-01,1.170337e-02
GRID,2042,,1.537445e+00,4.813722e-01,1.392387e-02
GRID,2043,,1.537445e+00,4.798095e-01,5.321126e-02
GRID,2044,,1.537445e+00,4.788091e-01,8.617890e-02
GRID,2045,,1.537445e+00,4.787933e-01,1.152073e-01
GRID,2046,,1.537445e+00,4.816185e-01,1.336395e-01
GRID,2047,,1.537445e+00,4.983878e-01,1.027482e-01
GRID,2048,,1.537445e+00,5.071365e-01,1.309659e-01
GRID,2049,,1.537445e+00,5.074497e-01,7.294100e-02
GRID,2050,,1.537445e+00,5.057127e-01,3.886089e-02
GRID,2051,,1.537445e+00,5.069810e-01,1.617212e-02
GRID,2052,,1.537445e+00,5.203042e-01,1.035759e-01
GRID,2053,,1.537445e+00,5.325887e-01,1.843152e-02
GRID,2054,,1.537445e+00,5.335378e-01,4.842735e-02
GRID,2055,,1.537445e+00,5.326796e-01,1.285336e-01
GRID,2056,,1.537445e+00,5.386689e-01,7.764256e-02
GRID,2057,,1.537445e+00,5.431014e-01,1.055342e-01
GRID,2058,,1.537445e+00,5.582102e-01,2.052827e-02
GRID,2059,,1.537445e+00,5.582570e-01,1.267103e-01
GRID,2060,,1.537445e+00,5.639461e-01,5.287202e-02
GRID,2061,,1.537445e+00,5.659566e-01,8.897478e-02
GRID,2062,,1.537445e+00,5.838983e-01,2.159708e-02
GRID,2063,,1.537445e+00,5.853281e-01,1.083684e-01
GRID,2064,,1.537445e+00,5.839274e-01,1.268869e-01
GRID,2065,,1.537445e+00,5.906320e-01,4.160500e-02
GRID,2066,,1.537445e+00,5.872244e-01,6.501529e-02
GRID,2067,,1.537445e+00,5.918525e-01,8.820571e-02
GRID,2068,,1.537445e+00,6.096000e-01,1.016394e-01
GRID,2069,,1.560087e+00,6.096000e-01,3.881053e-02
GRID,2070,,1.562297e+00,6.096000e-01,2.405616e-02
GRID,2071,,1.568260e+00,6.096000e-01,5.840372e-02
GRID,2072,,1.563361e+00,6.096000e-01,8.669693e-02
GRID,2073,,1.562129e+00,6.096000e-01,1.092388e-01
GRID,2074,,1.562344e+00,6.096000e-01,1.255078e-01
GRID,2075,,1.587233e+00,-6.096000e-01,1.227519e-01
GRID,2076,,1.587147e+00,6.096000e-01,2.611146e-02
GRID,2077,,1.587147e+00,-6.096000e-01,2.611146e-02
GRID,2078,,1.583237e+00,-6.096000e-01,5.438757e-02
GRID,2079,,1.585415e+00,-6.096000e-01,8.428497e-02
GRID,2080,,1.587233e+00,6.096000e-01,1.227519e-01
GRID,2081,,1.587354e+00,6.096000e-01,1.002554e-01
GRID,2082,,1.587480e+00,6.096000e-01,7.509226e-02
GRID,2083,,1.596396e+00,6.096000e-01,5.001330e-02
GRID,2084,,1.602386e+00,-6.096000e-01,4.485584e-02
GRID,2085,,1.605083e+00,-6.096000e-01,6.746645e-02
GRID,2086,,1.610976e+00,-6.096000e-01,9.563380e-02
GRID,2087,,1.611997e+00,-6.096000e-01,2.817873e-02
GRID,2088,,1.611997e+00,6.096000e-01,2.817873e-02
GRID,2089,,1.612113e+00,-6.096000e-01,1.199157e-01
GRID,2090,,1.612113e+00,6.096000e-01,1.199157e-01
GRID,2091,,1.608784e+00,6.096000e-01,9.121075e-02
GRID,2092,,1.607940e+00,6.096000e-01,6.795710e-02
GRID,2093,,1.620647e+00,6.096000e-01,4.864491e-02
GRID,2094,,1.621882e+00,-6.096000e-01,4.913821e-02
GRID,2095,,1.628961e+00,-6.096000e-01,7.224876e-02
GRID,2096,,1.627306e+00,6.096000e-01,7.243947e-02
GRID,2097,,1.631415e+00,6.096000e-01,9.598386e-02
GRID,2098,,1.642346e+00,-6.096000e-01,9.366956e-02
GRID,2099,,1.636984e+00,-6.096000e-01,1.169996e-01
GRID,2100,,1.636845e+00,-6.096000e-01,3.025728e-02
GRID,2101,,1.636845e+00,6.096000e-01,3.025728e-02
GRID,2102,,1.636984e+00,6.096000e-01,1.169996e-01
GRID,2103,,1.644038e+00,6.096000e-01,5.203376e-02
GRID,2104,,1.643259e+00,-6.096000e-01,5.100518e-02
GRID,2105,,1.650139e+00,6.096000e-01,7.573355e-02
GRID,2106,,1.655093e+00,-6.096000e-01,7.103413e-02
GRID,2107,,1.657242e+00,6.096000e-01,9.840824e-02
GRID,2108,,1.661693e+00,-6.096000e-01,3.233720e-02
GRID,2109,,1.661693e+00,6.096000e-01,3.233720e-02
GRID,2110,,1.661846e+00,-6.096000e-01,1.140086e-01
GRID,2111,,1.661846e+00,6.096000e-01,1.140086e-01
GRID,2112,,1.670627e+00,-6.096000e-01,9.002012e-02
GRID,2113,,1.665015e+00,-6.096000e-01,5.023554e-02
GRID,2114,,1.669016e+00,6.096000e-01,5.603858e-02
GRID,2115,,1.676042e+00,6.096000e-01,8.147981e-02
GRID,2116,,1.681566e+00,-6.096000e-01,6.523754e-02
GRID,2117,,1.686700e+00,6.096000e-01,1.109505e-01
GRID,2118,,1.686542e+00,-6.096000e-01,3.440305e-02
GRID,2119,,1.686542e+00,6.096000e-01,3.440305e-02
GRID,2120,,1.686700e+00,-6.096000e-01,1.109505e-01
GRID,2121,,1.694222e+00,6.096000e-01,5.978492e-02
GRID,2122,,1.699201e+00,-6.096000e-01,8.534875e-02
GRID,2123,,1.702332e+00,6.096000e-01,8.498222e-02
GRID,2124,,1.707923e+00,-6.096000e-01,5.972808e-02
GRID,2125,,1.711393e+00,-6.096000e-01,3.645412e-02
GRID,2126,,1.711393e+00,6.096000e-01,3.645412e-02
GRID,2127,,1.711546e+00,-6.096000e-01,1.078274e-01
GRID,2128,,1.711546e+00,6.096000e-01,1.078274e-01
GRID,2129,,1.719415e+00,6.096000e-01,6.378746e-02
GRID,2130,,1.731636e+00,-6.096000e-01,8.167999e-02
GRID,2131,,1.731218e+00,6.096000e-01,8.566019e-02
GRID,2132,,1.735687e+00,-6.096000e-01,5.555985e-02
GRID,2133,,1.736246e+00,-6.096000e-01,3.848162e-02
GRID,2134,,1.735527e+00,6.096000e-01,5.178324e-02
GRID,2135,,1.736246e+00,6.096000e-01,3.848162e-02
GRID,2136,,1.736384e+00,-6.096000e-01,1.046452e-01
GRID,2137,,1.736384e+00,6.096000e-01,1.046452e-01
GRID,2138,,1.748628e+00,6.096000e-01,6.962805e-02
GRID,2139,,1.761219e+00,6.096000e-01,1.014301e-01
GRID,2140,,1.761028e+00,-6.096000e-01,7.226118e-02
GRID,2141,,1.761219e+00,-6.096000e-01,1.014301e-01
GRID,2142,,1.761102e+00,6.096000e-01,4.045974e-02
GRID,2143,,1.761102e+00,-6.096000e-01,4.045974e-02
GRID,2144,,1.772545e+00,6.096000e-01,7.000153e-02
GRID,2145,,1.786666e+00,-6.096000e-01,6.773437e-02
GRID,2146,,1.786049e+00,-6.096000e-01,9.818621e-02
GRID,2147,,1.785963e+00,-6.096000e-01,4.238599e-02
GRID,2148,,1.785963e+00,6.096000e-01,4.238599e-02
GRID,2149,,1.786049e+00,6.096000e-01,9.818621e-02
GRID,2150,,1.793739e+00,6.096000e-01,6.973785e-02
GRID,2151,,1.810828e+00,-6.096000e-01,4.425291e-02
GRID,2152,,1.810828e+00,6.096000e-01,4.425291e-02
GRID,2153,,1.810875e+00,-6.096000e-01,9.491436e-02
GRID,2154,,1.810875e+00,6.096000e-01,9.491436e-02
GRID,2155,,1.815268e+00,-6.096000e-01,6.919742e-02
GRID,2156,,1.817003e+00,6.096000e-01,6.936346e-02
GRID,2157,,1.835701e+00,-6.096000e-01,4.601125e-02
GRID,2158,,1.835701e+00,6.096000e-01,4.601125e-02
GRID,2159,,1.835701e+00,-6.096000e-01,9.163225e-02
GRID,2160,,1.835701e+00,6.096000e-01,9.163225e-02
GRID,2161,,1.835701e+00,-6.096000e-01,6.882175e-02
GRID,2162,,1.835701e+00,6.096000e-01,6.882175e-02
GRID,2163,,1.835701e+00,-5.836934e-01,4.548418e-02
GRID,2164,,1.864293e+00,-6.096000e-01,4.788389e-02
GRID,2165,,1.835701e+00,-5.840568e-01,9.004910e-02
GRID,2166,,1.835701e+00,-5.751835e-01,6.781021e-02
GRID,2167,,1.871372e+00,-6.096000e-01,6.760820e-02
GRID,2168,,1.864302e+00,-6.096000e-01,8.784275e-02
GRID,2169,,1.835701e+00,-5.584765e-01,8.973456e-02
GRID,2170,,1.835701e+00,-5.579391e-01,4.446938e-02
GRID,2171,,1.835701e+00,-5.460743e-01,6.712829e-02
GRID,2172,,1.835701e+00,-5.329508e-01,9.159860e-02
GRID,2173,,1.835701e+00,-5.322291e-01,4.261234e-02
GRID,2174,,1.835701e+00,-5.203363e-01,6.659282e-02
GRID,2175,,1.835701e+00,-5.074782e-01,9.405289e-02
GRID,2176,,1.835701e+00,-5.065318e-01,4.061364e-02
GRID,2177,,1.835701e+00,-4.940875e-01,6.586426e-02
GRID,2178,,1.835701e+00,-4.820257e-01,9.671160e-02
GRID,2179,,1.835701e+00,-4.808336e-01,3.861938e-02
GRID,2180,,1.835701e+00,-4.678167e-01,6.791307e-02
GRID,2181,,1.835701e+00,-4.565896e-01,9.952185e-02
GRID,2182,,1.835701e+00,-4.551339e-01,3.664510e-02
GRID,2183,,1.835701e+00,-4.405248e-01,5.733812e-02
GRID,2184,,1.835701e+00,-4.435617e-01,8.006905e-02
GRID,2185,,1.835701e+00,-4.311698e-01,1.024752e-01
GRID,2186,,1.835701e+00,-4.294325e-01,3.469263e-02
GRID,2187,,1.835701e+00,-4.190490e-01,7.703040e-02
GRID,2188,,1.835701e+00,-4.121434e-01,5.333063e-02
GRID,2189,,1.835701e+00,-4.057660e-01,1.055637e-01
GRID,2190,,1.835701e+00,-4.037295e-01,3.276100e-02
GRID,2191,,1.835701e+00,-3.930992e-01,6.851062e-02
GRID,2192,,1.835701e+00,-3.959000e-01,8.750165e-02
GRID,2193,,1.835701e+00,-3.853954e-01,4.852480e-02
GRID,2194,,1.835701e+00,-3.803784e-01,1.087822e-01
GRID,2195,,1.835701e+00,-3.780258e-01,3.083809e-02
GRID,2196,,1.835701e+00,-3.728012e-01,8.460743e-02
GRID,2197,,1.835701e+00,-3.714070e-01,6.321745e-02
GRID,2198,,1.835701e+00,-3.532509e-01,4.774948e-02
GRID,2199,,1.835701e+00,-3.550072e-01,1.121282e-01
GRID,2200,,1.835701e+00,-3.523226e-01,2.890976e-02
GRID,2201,,1.835701e+00,-3.466931e-01,7.777099e-02
GRID,2202,,1.835701e+00,-3.296529e-01,1.155990e-01
GRID,2203,,1.835701e+00,-3.266216e-01,2.695098e-02
GRID,2204,,1.835701e+00,-3.232942e-01,5.984963e-02
GRID,2205,,1.835701e+00,-3.178256e-01,9.163157e-02
GRID,2206,,1.835701e+00,-3.043163e-01,1.191976e-01
GRID,2207,,1.835701e+00,-3.028827e-01,4.187433e-02
GRID,2208,,1.835701e+00,-3.009265e-01,2.491715e-02
GRID,2209,,1.835701e+00,-2.880210e-01,6.256297e-02
GRID,2210,,1.835701e+00,-2.773889e-01,9.387132e-02
GRID,2211,,1.835701e+00,-2.789998e-01,1.229337e-01
GRID,2212,,1.835701e+00,-2.752446e-01,2.272275e-02
GRID,2213,,1.835701e+00,-2.586101e-01,4.342359e-02
GRID,2214,,1.835701e+00,-2.514619e-01,6.697406e-02
GRID,2215,,1.835701e+00,-2.499050e-01,1.111609e-01
GRID,2216,,1.835701e+00,-2.537074e-01,1.268317e-01
GRID,2217,,1.835701e+00,-2.425678e-01,9.024781e-02
GRID,2218,,1.835701e+00,-2.495919e-01,2.020331e-02
GRID,2219,,1.835701e+00,-2.239219e-01,4.165666e-02
GRID,2220,,1.835701e+00,-2.284472e-01,1.309308e-01
GRID,2221,,1.835701e+00,-2.183801e-01,7.253145e-02
GRID,2222,,1.835701e+00,-2.162751e-01,1.054362e-01
GRID,2223,,1.835701e+00,-2.240090e-01,1.703346e-02
GRID,2224,,1.835701e+00,-2.032255e-01,1.352631e-01
GRID,2225,,1.835701e+00,-1.986187e-01,1.259948e-02
GRID,2226,,1.835701e+00,-1.901072e-01,4.988943e-02
GRID,2227,,1.835701e+00,-1.915366e-01,8.565660e-02
GRID,2228,,1.835701e+00,-1.874539e-01,1.152689e-01
GRID,2229,,1.835701e+00,-1.780458e-01,1.398313e-01
GRID,2230,,1.835701e+00,-1.737817e-01,2.703569e-02
GRID,2231,,1.835701e+00,-1.737405e-01,5.843131e-03
GRID,2232,,1.835701e+00,-1.674110e-01,7.113829e-02
GRID,2233,,1.835701e+00,-1.674379e-01,9.878257e-02
GRID,2234,,1.835701e+00,-1.549595e-01,4.479035e-02
GRID,2235,,1.835701e+00,-1.657873e-01,1.235936e-01
GRID,2236,,1.835701e+00,-1.529027e-01,1.445979e-01
GRID,2237,,1.835701e+00,-1.506687e-01,1.863598e-02
GRID,2238,,1.835701e+00,-1.500215e-01,-4.331807e-03
GRID,2239,,1.835701e+00,-1.468875e-01,8.886098e-02
GRID,2240,,1.835701e+00,-1.461688e-01,1.145474e-01
GRID,2241,,1.835701e+00,-1.444544e-01,6.684152e-02
GRID,2242,,1.835701e+00,-1.277526e-01,3.029434e-02
GRID,2243,,1.835701e+00,-1.277527e-01,5.412431e-02
GRID,2244,,1.835701e+00,-1.277530e-01,1.256142e-01
GRID,2245,,1.835701e+00,-1.277531e-01,1.494442e-01
GRID,2246,,1.835701e+00,-1.277525e-01,6.464363e-03
GRID,2247,,1.835701e+00,-1.277524e-01,-1.736561e-02
GRID,2248,,1.835701e+00,-1.277528e-01,7.795429e-02
GRID,2249,,1.835701e+00,-1.277529e-01,1.017843e-01
GRID,2250,,1.835701e+00,-1.101769e-01,1.267707e-01
GRID,2251,,1.835701e+00,-1.024262e-01,1.541586e-01
GRID,2252,,1.835701e+00,-9.932800e-02,1.000572e-01
GRID,2253,,1.835701e+00,-9.762825e-02,6.642415e-02
GRID,2254,,1.835701e+00,-1.056986e-01,4.173889e-02
GRID,2255,,1.835701e+00,-1.019865e-01,2.111993e-02
GRID,2256,,1.835701e+00,-1.018239e-01,-2.981857e-03
GRID,2257,,1.835701e+00,-1.066221e-01,-3.045815e-02
GRID,2258,,1.835701e+00,-8.768292e-02,1.311825e-01
GRID,2259,,1.835701e+00,-8.465959e-02,-4.220084e-02
GRID,2260,,1.835701e+00,-7.876316e-02,-1.543982e-02
GRID,2261,,1.835701e+00,-8.026504e-02,4.162880e-02
GRID,2262,,1.835701e+00,-7.700800e-02,1.583723e-01
GRID,2263,,1.835701e+00,-7.236522e-02,1.474361e-02
GRID,2264,,1.835701e+00,-7.743515e-02,8.577259e-02
GRID,2265,,1.835701e+00,-7.061094e-02,1.106737e-01
GRID,2266,,1.835701e+00,-6.434361e-02,6.641309e-02
GRID,2267,,1.835701e+00,-6.638465e-02,1.380379e-01
GRID,2268,,1.835701e+00,-6.165199e-02,-5.146913e-02
GRID,2269,,1.835701e+00,-5.721412e-02,-3.085114e-02
GRID,2270,,1.835701e+00,-5.232768e-02,4.303677e-02
GRID,2271,,1.835701e+00,-5.151536e-02,-5.118145e-03
GRID,2272,,1.835701e+00,-4.719023e-02,9.420837e-02
GRID,2273,,1.835701e+00,-5.147370e-02,1.617212e-01
GRID,2274,,1.835701e+00,-4.049492e-02,1.943829e-02
GRID,2275,,1.835701e+00,-4.748060e-02,1.265022e-01
GRID,2276,,1.835701e+00,-3.466282e-02,6.858257e-02
GRID,2277,,1.835701e+00,-3.757223e-02,-5.784916e-02
GRID,2278,,1.835701e+00,-3.481903e-02,-2.461899e-02
GRID,2279,,1.835701e+00,-2.569133e-02,4.347218e-02
GRID,2280,,1.835701e+00,-2.386467e-02,-7.304815e-05
GRID,2281,,1.835701e+00,-2.914464e-02,1.405277e-01
GRID,2282,,1.835701e+00,-2.579303e-02,1.638890e-01
GRID,2283,,1.835701e+00,-2.462112e-02,1.149302e-01
GRID,2284,,1.835701e+00,-1.456095e-02,9.043257e-02
GRID,2285,,1.835701e+00,-1.260166e-02,2.151031e-02
GRID,2286,,1.835701e+00,-1.993372e-02,-3.978903e-02
GRID,2287,,1.835701e+00,-1.286907e-02,-6.109885e-02
GRID,2288,,1.835701e+00,-1.127238e-02,-1.916351e-02
GRID,2289,,1.835701e+00,-9.670020e-03,6.361179e-02
GRID,2290,,1.835701e+00,-5.609804e-03,1.297220e-01
GRID,2291,,1.835701e+00,-1.014936e-02,1.483590e-01
GRID,2292,,1.835701e+00,-4.275500e-05,1.646468e-01
GRID,2293,,1.835701e+00,-4.517884e-03,4.137737e-02
GRID,2294,,1.835701e+00,-2.361827e-03,1.112356e-01
GRID,2295,,1.835701e+00,4.522005e-03,1.686848e-03
GRID,2296,,1.835701e+00,3.659864e-04,-4.021171e-02
GRID,2297,,1.835701e+00,8.932918e-03,7.727306e-02
GRID,2298,,1.835701e+00,1.317804e-02,9.959702e-02
GRID,2299,,1.835701e+00,1.192046e-02,-6.115962e-02
GRID,2300,,1.835701e+00,1.185933e-02,2.686803e-02
GRID,2301,,1.835701e+00,8.843966e-03,-2.095291e-02
GRID,2302,,1.835701e+00,1.156721e-02,1.430287e-01
GRID,2303,,1.835701e+00,1.219633e-02,5.197962e-02
GRID,2304,,1.835701e+00,2.264476e-02,1.201249e-01
GRID,2305,,1.835701e+00,2.572079e-02,1.638944e-01
GRID,2306,,1.835701e+00,2.313695e-02,-3.727668e-02
GRID,2307,,1.835701e+00,3.011769e-02,-1.091192e-02
GRID,2308,,1.835701e+00,3.282898e-02,1.303966e-02
GRID,2309,,1.835701e+00,2.973647e-02,6.506056e-02
GRID,2310,,1.835701e+00,2.808504e-02,8.396617e-02
GRID,2311,,1.835701e+00,3.854243e-02,1.396778e-01
GRID,2312,,1.835701e+00,3.279055e-02,4.034115e-02
GRID,2313,,1.835701e+00,3.664894e-02,-5.802912e-02
GRID,2314,,1.835701e+00,4.011892e-02,9.838974e-02
GRID,2315,,1.835701e+00,5.536696e-02,1.166772e-01
GRID,2316,,1.835701e+00,4.560015e-02,-3.167090e-02
GRID,2317,,1.835701e+00,5.139698e-02,1.617294e-01
GRID,2318,,1.835701e+00,4.962329e-02,7.706491e-02
GRID,2319,,1.835701e+00,5.251055e-02,5.377157e-02
GRID,2320,,1.835701e+00,5.783415e-02,-3.547712e-03
GRID,2321,,1.835701e+00,5.622245e-02,2.641644e-02
GRID,2322,,1.835701e+00,6.074980e-02,-5.176852e-02
GRID,2323,,1.835701e+00,6.907956e-02,1.367062e-01
GRID,2324,,1.835701e+00,6.846480e-02,9.408595e-02
GRID,2325,,1.835701e+00,6.731680e-02,-2.961876e-02
GRID,2326,,1.835701e+00,7.396885e-02,6.912637e-02
GRID,2327,,1.835701e+00,7.693990e-02,1.583832e-01
GRID,2328,,1.835701e+00,7.746628e-02,4.325662e-02
GRID,2329,,1.835701e+00,9.339007e-02,1.171059e-01
GRID,2330,,1.835701e+00,8.424350e-02,1.411940e-02
GRID,2331,,1.835701e+00,8.471192e-02,-1.542485e-02
GRID,2332,,1.835701e+00,8.384988e-02,-4.258065e-02
GRID,2333,,1.835701e+00,9.791116e-02,8.717122e-02
GRID,2334,,1.835701e+00,1.023575e-01,1.541696e-01
GRID,2335,,1.835701e+00,1.012562e-01,6.174697e-02
GRID,2336,,1.835701e+00,1.029155e-01,3.744530e-02
GRID,2337,,1.835701e+00,1.058487e-01,-3.091433e-02
GRID,2338,,1.835701e+00,1.065550e-01,-4.959622e-03
GRID,2339,,1.835701e+00,1.098715e-01,1.687782e-02
GRID,2340,,1.835701e+00,1.277529e-01,1.017851e-01
GRID,2341,,1.835701e+00,1.277530e-01,1.256152e-01
GRID,2342,,1.835701e+00,1.277528e-01,7.795508e-02
GRID,2343,,1.835701e+00,1.277527e-01,5.412502e-02
GRID,2344,,1.835701e+00,1.277531e-01,1.494452e-01
GRID,2345,,1.835701e+00,1.277526e-01,3.029497e-02
GRID,2346,,1.835701e+00,1.277524e-01,-1.736513e-02
GRID,2347,,1.835701e+00,1.277525e-01,6.464924e-03
GRID,2348,,1.835701e+00,1.500617e-01,-4.311100e-03
GRID,2349,,1.835701e+00,1.527065e-01,2.252319e-02
GRID,2350,,1.835701e+00,1.523592e-01,5.505357e-02
GRID,2351,,1.835701e+00,1.542141e-01,8.792693e-02
GRID,2352,,1.835701e+00,1.531739e-01,1.174953e-01
GRID,2353,,1.835701e+00,1.528768e-01,1.446019e-01
GRID,2354,,1.835701e+00,1.737481e-01,5.845984e-03
GRID,2355,,1.835701e+00,1.805367e-01,3.739919e-02
GRID,2356,,1.835701e+00,1.870782e-01,7.122329e-02
GRID,2357,,1.835701e+00,1.780158e-01,1.398375e-01
GRID,2358,,1.835701e+00,1.780344e-01,1.058333e-01
GRID,2359,,1.835701e+00,1.986656e-01,1.260928e-02
GRID,2360,,1.835701e+00,2.009176e-01,1.189735e-01
GRID,2361,,1.835701e+00,2.031908e-01,1.352693e-01
GRID,2362,,1.835701e+00,2.041021e-01,9.557520e-02
GRID,2363,,1.835701e+00,2.167241e-01,4.439030e-02
GRID,2364,,1.835701e+00,2.295720e-01,7.756693e-02
GRID,2365,,1.835701e+00,2.240581e-01,1.704058e-02
GRID,2366,,1.835701e+00,2.281311e-01,1.081851e-01
GRID,2367,,1.835701e+00,2.284081e-01,1.309375e-01
GRID,2368,,1.835701e+00,2.496488e-01,2.020954e-02
GRID,2369,,1.835701e+00,2.526941e-01,4.940569e-02
GRID,2370,,1.835701e+00,2.565952e-01,1.015617e-01
GRID,2371,,1.835701e+00,2.536640e-01,1.268385e-01
GRID,2372,,1.835701e+00,2.679594e-01,7.574805e-02
GRID,2373,,1.835701e+00,2.753015e-01,2.272789e-02
GRID,2374,,1.835701e+00,2.856100e-01,4.886825e-02
GRID,2375,,1.835701e+00,2.789518e-01,1.229409e-01
GRID,2376,,1.835701e+00,2.870405e-01,9.673657e-02
GRID,2377,,1.835701e+00,3.010607e-01,7.116227e-02
GRID,2378,,1.835701e+00,3.009898e-01,2.492233e-02
GRID,2379,,1.835701e+00,3.042642e-01,1.192051e-01
GRID,2380,,1.835701e+00,3.168702e-01,4.716531e-02
GRID,2381,,1.835701e+00,3.161740e-01,9.191925e-02
GRID,2382,,1.835701e+00,3.266909e-01,2.695634e-02
GRID,2383,,1.835701e+00,3.334684e-01,6.728642e-02
GRID,2384,,1.835701e+00,3.295963e-01,1.156069e-01
GRID,2385,,1.835701e+00,3.458754e-01,8.842904e-02
GRID,2386,,1.835701e+00,3.483582e-01,4.669787e-02
GRID,2387,,1.835701e+00,3.523980e-01,2.891546e-02
GRID,2388,,1.835701e+00,3.549462e-01,1.121363e-01
GRID,2389,,1.835701e+00,3.674799e-01,6.519897e-02
GRID,2390,,1.835701e+00,3.772829e-01,8.986320e-02
GRID,2391,,1.835701e+00,3.781073e-01,3.084415e-02
GRID,2392,,1.835701e+00,3.803130e-01,1.087907e-01
GRID,2393,,1.835701e+00,3.995676e-01,6.784499e-02
GRID,2394,,1.835701e+00,4.056961e-01,1.055723e-01
GRID,2395,,1.835701e+00,4.038171e-01,3.276758e-02
GRID,2396,,1.835701e+00,4.173938e-01,4.992572e-02
GRID,2397,,1.835701e+00,4.327855e-01,6.495338e-02
GRID,2398,,1.835701e+00,4.302365e-01,8.489872e-02
GRID,2399,,1.835701e+00,4.295262e-01,3.469975e-02
GRID,2400,,1.835701e+00,4.310955e-01,1.024840e-01
GRID,2401,,1.835701e+00,4.389367e-01,4.855392e-02
GRID,2402,,1.835701e+00,4.552337e-01,3.665277e-02
GRID,2403,,1.835701e+00,4.568215e-01,7.881157e-02
GRID,2404,,1.835701e+00,4.565109e-01,9.953074e-02
GRID,2405,,1.835701e+00,4.583846e-01,5.614440e-02
GRID,2406,,1.835701e+00,4.809395e-01,3.862754e-02
GRID,2407,,1.835701e+00,4.819425e-01,9.672054e-02
GRID,2408,,1.835701e+00,4.759241e-01,6.769080e-02
GRID,2409,,1.835701e+00,4.975456e-01,6.682194e-02
GRID,2410,,1.835701e+00,5.066438e-01,4.062238e-02
GRID,2411,,1.835701e+00,5.073904e-01,9.406182e-02
GRID,2412,,1.835701e+00,5.205879e-01,6.669147e-02
GRID,2413,,1.835701e+00,5.323478e-01,4.262151e-02
GRID,2414,,1.835701e+00,5.328589e-01,9.160669e-02
GRID,2415,,1.835701e+00,5.438405e-01,6.659752e-02
GRID,2416,,1.835701e+00,5.580626e-01,4.447711e-02
GRID,2417,,1.835701e+00,5.583588e-01,8.973994e-02
GRID,2418,,1.835701e+00,5.674070e-01,6.680280e-02
GRID,2419,,1.835701e+00,5.838237e-01,4.548715e-02
GRID,2420,,1.835701e+00,5.839609e-01,9.004412e-02
GRID,2421,,1.835701e+00,5.900568e-01,6.775847e-02
GRID,2422,,1.855803e+00,6.096000e-01,6.391233e-02
GRID,2423,,1.864293e+00,6.096000e-01,4.788389e-02
GRID,2424,,1.864302e+00,6.096000e-01,8.784275e-02
GRID,2425,,1.878522e+00,6.096000e-01,6.666434e-02
GRID,2426,,1.892896e+00,-6.096000e-01,4.959133e-02
GRID,2427,,1.892896e+00,6.096000e-01,4.959133e-02
GRID,2428,,1.892903e+00,-6.096000e-01,8.405200e-02
GRID,2429,,1.892903e+00,6.096000e-01,8.405200e-02
GRID,2430,,1.899078e+00,-6.096000e-01,6.667775e-02
GRID,2431,,1.903066e+00,6.096000e-01,6.610368e-02
GRID,2432,,1.921510e+00,-6.096000e-01,5.108859e-02
GRID,2433,,1.921510e+00,6.096000e-01,5.108859e-02
GRID,2434,,1.921510e+00,-6.096000e-01,8.031097e-02
GRID,2435,,1.921510e+00,6.096000e-01,8.031097e-02
GRID,2436,,1.921510e+00,-6.096000e-01,5.108812e-02
GRID,2437,,1.921510e+00,-5.968270e-01,6.503690e-02
GRID,2438,,1.921510e+00,-5.838276e-01,5.041464e-02
GRID,2439,,1.946937e+00,-6.096000e-01,5.223344e-02
GRID,2440,,1.947427e+00,-6.096000e-01,7.697613e-02
GRID,2441,,1.921510e+00,-5.840368e-01,7.874515e-02
GRID,2442,,1.921510e+00,-5.584468e-01,7.843555e-02
GRID,2443,,1.921510e+00,-5.580659e-01,4.942742e-02
GRID,2444,,1.921510e+00,-5.329092e-01,8.023744e-02
GRID,2445,,1.921510e+00,-5.323334e-01,4.783877e-02
GRID,2446,,1.921510e+00,-5.074264e-01,8.261639e-02
GRID,2447,,1.921510e+00,-5.066090e-01,4.612887e-02
GRID,2448,,1.921510e+00,-4.873231e-01,6.460139e-02
GRID,2449,,1.921510e+00,-4.819631e-01,8.520511e-02
GRID,2450,,1.921510e+00,-4.808856e-01,4.440277e-02
GRID,2451,,1.921510e+00,-4.549907e-01,6.432485e-02
GRID,2452,,1.921510e+00,-4.565162e-01,8.795042e-02
GRID,2453,,1.921510e+00,-4.551623e-01,4.267630e-02
GRID,2454,,1.921510e+00,-4.310847e-01,9.083448e-02
GRID,2455,,1.921510e+00,-4.294387e-01,4.095330e-02
GRID,2456,,1.921510e+00,-4.233045e-01,6.572729e-02
GRID,2457,,1.921510e+00,-4.056686e-01,9.385135e-02
GRID,2458,,1.921510e+00,-4.037151e-01,3.923011e-02
GRID,2459,,1.921510e+00,-3.951034e-01,6.695589e-02
GRID,2460,,1.921510e+00,-3.802682e-01,9.699718e-02
GRID,2461,,1.921510e+00,-3.779922e-01,3.749715e-02
GRID,2462,,1.921510e+00,-3.674873e-01,6.640710e-02
GRID,2463,,1.921510e+00,-3.548842e-01,1.002729e-01
GRID,2464,,1.921510e+00,-3.522708e-01,3.574178e-02
GRID,2465,,1.921510e+00,-3.399470e-01,7.804500e-02
GRID,2466,,1.921510e+00,-3.411423e-01,5.461074e-02
GRID,2467,,1.921510e+00,-3.295174e-01,1.036788e-01
GRID,2468,,1.921510e+00,-3.265526e-01,3.393988e-02
GRID,2469,,1.921510e+00,-3.172450e-01,5.754842e-02
GRID,2470,,1.921510e+00,-3.147106e-01,8.149630e-02
GRID,2471,,1.921510e+00,-3.041699e-01,1.072258e-01
GRID,2472,,1.921510e+00,-3.008413e-01,3.204781e-02
GRID,2473,,1.921510e+00,-2.898211e-01,6.913741e-02
GRID,2474,,1.921510e+00,-2.788459e-01,1.109384e-01
GRID,2475,,1.921510e+00,-2.748437e-01,9.228899e-02
GRID,2476,,1.921510e+00,-2.744565e-01,4.929277e-02
GRID,2477,,1.921510e+00,-2.751428e-01,2.998005e-02
GRID,2478,,1.921510e+00,-2.523165e-01,7.861250e-02
GRID,2479,,1.921510e+00,-2.535548e-01,1.148658e-01
GRID,2480,,1.921510e+00,-2.498485e-01,4.790910e-02
GRID,2481,,1.921510e+00,-2.494740e-01,2.757339e-02
GRID,2482,,1.921510e+00,-2.283111e-01,1.190917e-01
GRID,2483,,1.921510e+00,-2.076880e-01,8.275562e-02
GRID,2484,,1.921510e+00,-2.278154e-01,6.688500e-02
GRID,2485,,1.921510e+00,-2.238725e-01,2.449804e-02
GRID,2486,,1.921510e+00,-2.031386e-01,1.237245e-01
GRID,2487,,1.921510e+00,-1.966131e-01,1.047658e-01
GRID,2488,,1.921510e+00,-2.050892e-01,4.917769e-02
GRID,2489,,1.921510e+00,-1.984734e-01,2.010785e-02
GRID,2490,,1.921510e+00,-1.825742e-01,8.351099e-02
GRID,2491,,1.921510e+00,-1.881088e-01,6.356850e-02
GRID,2492,,1.921510e+00,-1.802023e-01,4.109689e-02
GRID,2493,,1.921510e+00,-1.780691e-01,1.288720e-01
GRID,2494,,1.921510e+00,-1.737097e-01,1.326033e-02
GRID,2495,,1.921510e+00,-1.703261e-01,1.068531e-01
GRID,2496,,1.921510e+00,-1.682939e-01,6.321259e-02
GRID,2497,,1.921510e+00,-1.622636e-01,8.522236e-02
GRID,2498,,1.921510e+00,-1.528086e-01,3.947226e-02
GRID,2499,,1.921510e+00,-1.531224e-01,1.345996e-01
GRID,2500,,1.921510e+00,-1.501559e-01,2.561041e-03
GRID,2501,,1.921510e+00,-1.478439e-01,1.017754e-01
GRID,2502,,1.921510e+00,-1.472226e-01,7.322983e-02
GRID,2503,,1.921510e+00,-1.282902e-01,1.407995e-01
GRID,2504,,1.921510e+00,-1.282901e-01,1.154017e-01
GRID,2505,,1.921510e+00,-1.282899e-01,6.460607e-02
GRID,2506,,1.921510e+00,-1.282898e-01,3.920824e-02
GRID,2507,,1.921510e+00,-1.282897e-01,1.381042e-02
GRID,2508,,1.921510e+00,-1.282896e-01,-1.158741e-02
GRID,2509,,1.921510e+00,-1.282900e-01,9.000390e-02
GRID,2510,,1.921510e+00,-1.095805e-01,1.240426e-01
GRID,2511,,1.921510e+00,-1.028957e-01,1.472512e-01
GRID,2512,,1.921510e+00,-1.052262e-01,1.012894e-01
GRID,2513,,1.921510e+00,-1.032856e-01,7.712730e-02
GRID,2514,,1.921510e+00,-1.016690e-01,5.233096e-02
GRID,2515,,1.921510e+00,-1.015016e-01,2.716073e-02
GRID,2516,,1.921510e+00,-1.030490e-01,1.136793e-03
GRID,2517,,1.921510e+00,-1.075241e-01,-2.616615e-02
GRID,2518,,1.921510e+00,-8.441928e-02,1.214441e-01
GRID,2519,,1.921510e+00,-7.880697e-02,-1.221237e-02
GRID,2520,,1.921510e+00,-8.579465e-02,-3.937901e-02
GRID,2521,,1.921510e+00,-8.125618e-02,9.170535e-02
GRID,2522,,1.921510e+00,-8.004642e-02,6.683572e-02
GRID,2523,,1.921510e+00,-7.444944e-02,1.540290e-02
GRID,2524,,1.921510e+00,-7.750404e-02,1.531590e-01
GRID,2525,,1.921510e+00,-7.566512e-02,4.163998e-02
GRID,2526,,1.921510e+00,-5.721141e-02,-2.893012e-02
GRID,2527,,1.921510e+00,-6.277866e-02,-4.988688e-02
GRID,2528,,1.921510e+00,-5.925913e-02,1.314044e-01
GRID,2529,,1.921510e+00,-6.018885e-02,1.056588e-01
GRID,2530,,1.921510e+00,-5.865994e-02,8.012050e-02
GRID,2531,,1.921510e+00,-5.897601e-02,5.916096e-02
GRID,2532,,1.921510e+00,-4.658895e-02,1.094264e-03
GRID,2533,,1.921510e+00,-5.187677e-02,1.579099e-01
GRID,2534,,1.921510e+00,-4.501680e-02,3.605107e-02
GRID,2535,,1.921510e+00,-3.839634e-02,-5.717983e-02
GRID,2536,,1.921510e+00,-3.771703e-02,1.156055e-01
GRID,2537,,1.921510e+00,-3.840532e-02,9.212432e-02
GRID,2538,,1.921510e+00,-3.914394e-02,1.389500e-01
GRID,2539,,1.921510e+00,-3.799895e-02,6.673003e-02
GRID,2540,,1.921510e+00,-3.480222e-02,-2.610013e-02
GRID,2541,,1.921510e+00,-2.598063e-02,1.609851e-01
GRID,2542,,1.921510e+00,-1.689637e-02,2.459041e-02
GRID,2543,,1.921510e+00,-1.630443e-02,-6.562211e-03
GRID,2544,,1.921510e+00,-1.431226e-02,5.652584e-02
GRID,2545,,1.921510e+00,-1.859324e-02,1.297483e-01
GRID,2546,,1.921510e+00,-1.583511e-02,1.026247e-01
GRID,2547,,1.921510e+00,-1.902727e-02,8.100188e-02
GRID,2548,,1.921510e+00,-1.428055e-02,-3.540989e-02
GRID,2549,,1.921510e+00,-1.322327e-02,-6.091174e-02
GRID,2550,,1.921510e+00,7.793593e-05,1.620489e-01
GRID,2551,,1.921510e+00,1.118867e-03,1.428365e-01
GRID,2552,,1.921510e+00,7.200856e-03,8.349268e-02
GRID,2553,,1.921510e+00,4.122775e-03,1.153108e-01
GRID,2554,,1.921510e+00,1.503095e-02,4.748530e-02
GRID,2555,,1.921510e+00,1.046273e-02,1.152273e-02
GRID,2556,,1.921510e+00,9.973583e-03,-1.864145e-02
GRID,2557,,1.921510e+00,1.092304e-02,-4.347662e-02
GRID,2558,,1.921510e+00,1.205804e-02,-6.099541e-02
GRID,2559,,1.921510e+00,2.612521e-02,1.609737e-01
GRID,2560,,1.921510e+00,2.435938e-02,1.316136e-01
GRID,2561,,1.921510e+00,2.839256e-02,1.042347e-01
GRID,2562,,1.921510e+00,3.736631e-02,7.622082e-02
GRID,2563,,1.921510e+00,3.512893e-02,-6.316372e-03
GRID,2564,,1.921510e+00,3.577810e-02,-3.315059e-02
GRID,2565,,1.921510e+00,3.830708e-02,2.185506e-02
GRID,2566,,1.921510e+00,3.725705e-02,-5.742992e-02
GRID,2567,,1.921510e+00,4.923347e-02,4.769893e-02
GRID,2568,,1.921510e+00,4.807505e-02,1.402931e-01
GRID,2569,,1.921510e+00,4.564453e-02,1.202973e-01
GRID,2570,,1.921510e+00,5.202568e-02,1.578872e-01
GRID,2571,,1.921510e+00,5.902306e-02,9.851247e-02
GRID,2572,,1.921510e+00,6.255775e-02,2.394142e-03
GRID,2573,,1.921510e+00,6.008474e-02,-2.329089e-02
GRID,2574,,1.921510e+00,6.166623e-02,-5.030313e-02
GRID,2575,,1.921510e+00,6.753771e-02,6.869165e-02
GRID,2576,,1.921510e+00,6.437421e-02,2.463195e-02
GRID,2577,,1.921510e+00,6.755907e-02,1.261175e-01
GRID,2578,,1.921510e+00,7.763587e-02,1.531318e-01
GRID,2579,,1.921510e+00,7.798882e-02,4.048934e-02
GRID,2580,,1.921510e+00,8.538206e-02,1.095381e-01
GRID,2581,,1.921510e+00,8.647462e-02,8.508499e-02
GRID,2582,,1.921510e+00,8.491088e-02,-1.346815e-02
GRID,2583,,1.921510e+00,8.481538e-02,-3.990162e-02
GRID,2584,,1.921510e+00,9.101778e-02,1.353617e-02
GRID,2585,,1.921510e+00,9.210007e-02,5.857846e-02
GRID,2586,,1.921510e+00,8.760138e-02,1.320191e-01
GRID,2587,,1.921510e+00,1.030282e-01,1.472175e-01
GRID,2588,,1.921510e+00,1.050369e-01,3.333085e-02
GRID,2589,,1.921510e+00,1.065946e-01,-2.678868e-02
GRID,2590,,1.921510e+00,1.086512e-01,-4.476803e-03
GRID,2591,,1.921510e+00,1.067104e-01,1.231607e-01
GRID,2592,,1.921510e+00,1.077334e-01,9.957234e-02
GRID,2593,,1.921510e+00,1.092962e-01,7.527190e-02
GRID,2594,,1.921510e+00,1.282897e-01,1.381061e-02
GRID,2595,,1.921510e+00,1.122008e-01,5.304583e-02
GRID,2596,,1.921510e+00,1.282902e-01,1.408005e-01
GRID,2597,,1.921510e+00,1.282898e-01,3.920859e-02
GRID,2598,,1.921510e+00,1.282896e-01,-1.158737e-02
GRID,2599,,1.921510e+00,1.282901e-01,1.154025e-01
GRID,2600,,1.921510e+00,1.282900e-01,9.000454e-02
GRID,2601,,1.921510e+00,1.282899e-01,6.460656e-02
GRID,2602,,1.921510e+00,1.498999e-01,2.416466e-03
GRID,2603,,1.921510e+00,1.479287e-01,3.209093e-02
GRID,2604,,1.921510e+00,1.523462e-01,7.977451e-02
GRID,2605,,1.921510e+00,1.688138e-01,4.802283e-02
GRID,2606,,1.921510e+00,1.457592e-01,1.065276e-01
GRID,2607,,1.921510e+00,1.531444e-01,1.345935e-01
GRID,2608,,1.921510e+00,1.664762e-01,1.036079e-01
GRID,2609,,1.921510e+00,1.734167e-01,1.315572e-02
GRID,2610,,1.921510e+00,1.798820e-01,7.457545e-02
GRID,2611,,1.921510e+00,1.780909e-01,1.288679e-01
GRID,2612,,1.921510e+00,1.910479e-01,1.003750e-01
GRID,2613,,1.921510e+00,2.038866e-01,5.048981e-02
GRID,2614,,1.921510e+00,1.982276e-01,2.005454e-02
GRID,2615,,1.921510e+00,2.031628e-01,1.237197e-01
GRID,2616,,1.921510e+00,2.043226e-01,7.832702e-02
GRID,2617,,1.921510e+00,2.240310e-01,9.701347e-02
GRID,2618,,1.921510e+00,2.236298e-01,2.446423e-02
GRID,2619,,1.921510e+00,2.283345e-01,1.190877e-01
GRID,2620,,1.921510e+00,2.268178e-01,7.070390e-02
GRID,2621,,1.921510e+00,2.375801e-01,4.984562e-02
GRID,2622,,1.921510e+00,2.492140e-01,2.754617e-02
GRID,2623,,1.921510e+00,2.535783e-01,1.148620e-01
GRID,2624,,1.921510e+00,2.556316e-01,8.075769e-02
GRID,2625,,1.921510e+00,2.683915e-01,4.906261e-02
GRID,2626,,1.921510e+00,2.748728e-01,2.995694e-02
GRID,2627,,1.921510e+00,2.788697e-01,1.109347e-01
GRID,2628,,1.921510e+00,2.865309e-01,7.335977e-02
GRID,2629,,1.921510e+00,3.005606e-01,3.202639e-02
GRID,2630,,1.921510e+00,3.041937e-01,1.072224e-01
GRID,2631,,1.921510e+00,3.126765e-01,6.476037e-02
GRID,2632,,1.921510e+00,3.262619e-01,3.391910e-02
GRID,2633,,1.921510e+00,3.273107e-01,8.360905e-02
GRID,2634,,1.921510e+00,3.295413e-01,1.036755e-01
GRID,2635,,1.921510e+00,3.402991e-01,6.000780e-02
GRID,2636,,1.921510e+00,3.519698e-01,3.572104e-02
GRID,2637,,1.921510e+00,3.513555e-01,8.287328e-02
GRID,2638,,1.921510e+00,3.549083e-01,1.002697e-01
GRID,2639,,1.921510e+00,3.669404e-01,6.418721e-02
GRID,2640,,1.921510e+00,3.802924e-01,9.699416e-02
GRID,2641,,1.921510e+00,3.776809e-01,3.747605e-02
GRID,2642,,1.921510e+00,3.912288e-01,6.664172e-02
GRID,2643,,1.921510e+00,4.033935e-01,3.920853e-02
GRID,2644,,1.921510e+00,4.056930e-01,9.384839e-02
GRID,2645,,1.921510e+00,4.166730e-01,6.608508e-02
GRID,2646,,1.921510e+00,4.291068e-01,4.093111e-02
GRID,2647,,1.921510e+00,4.311092e-01,9.083163e-02
GRID,2648,,1.921510e+00,4.409171e-01,6.567041e-02
GRID,2649,,1.921510e+00,4.548201e-01,4.265338e-02
GRID,2650,,1.921510e+00,4.565409e-01,8.794768e-02
GRID,2651,,1.921510e+00,4.636986e-01,6.510883e-02
GRID,2652,,1.921510e+00,4.805331e-01,4.437912e-02
GRID,2653,,1.921510e+00,4.819878e-01,8.520251e-02
GRID,2654,,1.921510e+00,5.062462e-01,4.610459e-02
GRID,2655,,1.921510e+00,5.074513e-01,8.261391e-02
GRID,2656,,1.921510e+00,5.319603e-01,4.781425e-02
GRID,2657,,1.921510e+00,5.329351e-01,8.023527e-02
GRID,2658,,1.921510e+00,5.576827e-01,4.940667e-02
GRID,2659,,1.921510e+00,5.584692e-01,7.843484e-02
GRID,2660,,1.921510e+00,5.834338e-01,5.040392e-02
GRID,2661,,1.921510e+00,5.840528e-01,7.874593e-02
GRID,2662,,1.921510e+00,6.096000e-01,5.108810e-02
GRID,2663,,1.934209e+00,6.096000e-01,6.471841e-02
GRID,2664,,1.946937e+00,6.096000e-01,5.223344e-02
GRID,2665,,1.947411e+00,6.096000e-01,7.697816e-02
GRID,2666,,1.972372e+00,-6.096000e-01,5.315911e-02
GRID,2667,,1.973351e+00,-6.096000e-01,7.369053e-02
GRID,2668,,1.973351e+00,6.096000e-01,7.369053e-02
GRID,2669,,1.972372e+00,6.096000e-01,5.315911e-02
GRID,2670,,1.998415e+00,-6.096000e-01,5.360478e-02
GRID,2671,,1.999296e+00,-6.096000e-01,7.044746e-02
GRID,2672,,1.999296e+00,6.096000e-01,7.044746e-02
GRID,2673,,1.998415e+00,6.096000e-01,5.360478e-02
GRID,2674,,2.025164e+00,-6.096000e-01,5.349472e-02
GRID,2675,,2.025798e+00,-6.096000e-01,6.718079e-02
GRID,2676,,2.025798e+00,6.096000e-01,6.718079e-02
GRID,2677,,2.025164e+00,6.096000e-01,5.349472e-02
GRID,2678,,2.051905e+00,-6.096000e-01,5.280969e-02
GRID,2679,,2.052305e+00,-6.096000e-01,6.395984e-02
GRID,2680,,2.052305e+00,6.096000e-01,6.395984e-02
GRID,2681,,2.051905e+00,6.096000e-01,5.280969e-02
GRID,2682,,2.072464e+00,-6.096000e-01,5.210463e-02
GRID,2683,,2.072464e+00,6.096000e-01,5.210463e-02
$
$ MATERIAL (Aluminum 7075-T6)
MAT1,1,7.1700e+10,,0.33,2810.0
$
$ SHELL PROPERTY
PSHELL,1,1,0.0020,1,,1
$
$ ELEMENTS
CTRIA3,1,1,1,2,3
CTRIA3,2,1,1,3,4
CTRIA3,3,1,5,6,7
CTRIA3,4,1,5,7,8
CTRIA3,5,1,2,9,3
CTRIA3,6,1,8,7,10
CTRIA3,7,1,4,3,11
CTRIA3,8,1,4,11,12
CTRIA3,9,1,6,13,7
CTRIA3,10,1,3,9,11
CTRIA3,11,1,7,13,14
CTRIA3,12,1,7,14,15
CTRIA3,13,1,7,15,10
CTRIA3,14,1,9,16,11
CTRIA3,15,1,9,17,16
CTRIA3,16,1,10,15,18
CTRIA3,17,1,12,11,19
CTRIA3,18,1,12,19,20
CTRIA3,19,1,13,21,14
CTRIA3,20,1,11,16,19
CTRIA3,21,1,16,17,22
CTRIA3,22,1,16,22,19
CTRIA3,23,1,14,21,23
CTRIA3,24,1,14,24,15
CTRIA3,25,1,14,23,24
CTRIA3,26,1,15,24,25
CTRIA3,27,1,15,25,18
CTRIA3,28,1,17,26,22
CTRIA3,29,1,19,22,27
CTRIA3,30,1,19,27,20
CTRIA3,31,1,20,27,28
CTRIA3,32,1,21,29,23
CTRIA3,33,1,22,26,30
CTRIA3,34,1,22,30,27
CTRIA3,35,1,24,23,31
CTRIA3,36,1,24,31,32
CTRIA3,37,1,24,32,25
CTRIA3,38,1,26,33,30
CTRIA3,39,1,25,32,34
CTRIA3,40,1,23,29,35
CTRIA3,41,1,23,35,31
CTRIA3,42,1,28,27,36
CTRIA3,43,1,28,36,37
CTRIA3,44,1,29,38,35
CTRIA3,45,1,27,30,39
CTRIA3,46,1,27,39,36
CTRIA3,47,1,30,33,40
CTRIA3,48,1,30,40,39
CTRIA3,49,1,31,35,41
CTRIA3,50,1,31,41,32
CTRIA3,51,1,32,42,34
CTRIA3,52,1,32,41,42
CTRIA3,53,1,33,43,40
CTRIA3,54,1,34,42,44
CTRIA3,55,1,37,36,45
CTRIA3,56,1,38,46,47
CTRIA3,57,1,38,47,35
CTRIA3,58,1,35,47,41
CTRIA3,59,1,36,39,48
CTRIA3,60,1,36,48,49
CTRIA3,61,1,36,49,45
CTRIA3,62,1,39,40,50
CTRIA3,63,1,39,50,48
CTRIA3,64,1,40,43,50
CTRIA3,65,1,42,41,51
CTRIA3,66,1,42,51,44
CTRIA3,67,1,41,47,52
CTRIA3,68,1,41,52,51
CTRIA3,69,1,43,53,54
CTRIA3,70,1,43,54,50
CTRIA3,71,1,44,51,55
CTRIA3,72,1,48,50,56
CTRIA3,73,1,48,56,49
CTRIA3,74,1,45,49,57
CTRIA3,75,1,46,58,47
CTRIA3,76,1,46,59,58
CTRIA3,77,1,50,54,56
CTRIA3,78,1,47,58,52
CTRIA3,79,1,49,60,57
CTRIA3,80,1,49,56,60
CTRIA3,81,1,53,61,54
CTRIA3,82,1,54,61,62
CTRIA3,83,1,54,62,56
CTRIA3,84,1,60,56,63
CTRIA3,85,1,60,64,57
CTRIA3,86,1,60,63,65
CTRIA3,87,1,60,65,64
CTRIA3,88,1,55,51,66
CTRIA3,89,1,55,66,67
CTRIA3,90,1,51,52,66
CTRIA3,91,1,58,59,68
CTRIA3,92,1,58,68,69
CTRIA3,93,1,58,70,52
CTRIA3,94,1,58,69,70
CTRIA3,95,1,53,71,54
CTRIA3,96,1,53,72,71
CTRIA3,97,1,54,71,73
CTRIA3,98,1,54,73,74
CTRIA3,99,1,74,73,75
CTRIA3,100,1,74,75,60
CTRIA3,101,1,56,62,63
CTRIA3,102,1,60,75,76
CTRIA3,103,1,60,76,77
CTRIA3,104,1,77,76,78
CTRIA3,105,1,71,72,79
CTRIA3,106,1,71,79,73
CTRIA3,107,1,73,79,80
CTRIA3,108,1,73,80,75
CTRIA3,109,1,75,80,81
CTRIA3,110,1,75,81,76
CTRIA3,111,1,78,76,82
CTRIA3,112,1,72,83,79
CTRIA3,113,1,76,81,84
CTRIA3,114,1,76,84,82
CTRIA3,115,1,79,83,85
CTRIA3,116,1,79,85,80
CTRIA3,117,1,80,85,86
CTRIA3,118,1,80,86,81
CTRIA3,119,1,81,86,84
CTRIA3,120,1,82,84,87
CTRIA3,121,1,82,87,88
CTRIA3,122,1,83,89,85
CTRIA3,123,1,84,86,90
CTRIA3,124,1,84,90,87
CTRIA3,125,1,85,89,91
CTRIA3,126,1,85,91,86
CTRIA3,127,1,86,91,90
CTRIA3,128,1,88,87,92
CTRIA3,129,1,89,93,91
CTRIA3,130,1,89,94,93
CTRIA3,131,1,87,90,95
CTRIA3,132,1,87,95,92
CTRIA3,133,1,91,93,96
CTRIA3,134,1,91,96,90
CTRIA3,135,1,90,96,97
CTRIA3,136,1,90,97,95
CTRIA3,137,1,92,95,98
CTRIA3,138,1,93,94,99
CTRIA3,139,1,93,99,96
CTRIA3,140,1,94,100,99
CTRIA3,141,1,95,97,101
CTRIA3,142,1,95,101,98
CTRIA3,143,1,96,99,102
CTRIA3,144,1,96,102,97
CTRIA3,145,1,98,101,103
CTRIA3,146,1,98,103,104
CTRIA3,147,1,99,100,105
CTRIA3,148,1,99,105,102
CTRIA3,149,1,100,106,105
CTRIA3,150,1,97,102,107
CTRIA3,151,1,97,107,101
CTRIA3,152,1,104,103,108
CTRIA3,153,1,101,109,103
CTRIA3,154,1,101,107,109
CTRIA3,155,1,105,106,110
CTRIA3,156,1,105,111,102
CTRIA3,157,1,105,110,111
CTRIA3,158,1,106,112,110
CTRIA3,159,1,103,109,108
CTRIA3,160,1,102,111,113
CTRIA3,161,1,102,113,107
CTRIA3,162,1,108,109,114
CTRIA3,163,1,111,110,115
CTRIA3,164,1,111,115,113
CTRIA3,165,1,109,107,116
CTRIA3,166,1,109,116,114
CTRIA3,167,1,110,112,117
CTRIA3,168,1,110,117,115
CTRIA3,169,1,107,113,118
CTRIA3,170,1,107,118,116
CTRIA3,171,1,113,115,119
CTRIA3,172,1,113,119,118
CTRIA3,173,1,114,116,120
CTRIA3,174,1,115,117,121
CTRIA3,175,1,115,121,119
CTRIA3,176,1,117,122,121
CTRIA3,177,1,116,118,123
CTRIA3,178,1,116,124,120
CTRIA3,179,1,116,123,124
CTRIA3,180,1,120,124,125
CTRIA3,181,1,119,121,126
CTRIA3,182,1,119,126,127
CTRIA3,183,1,119,127,118
CTRIA3,184,1,121,122,128
CTRIA3,185,1,121,128,126
CTRIA3,186,1,118,127,129
CTRIA3,187,1,118,129,123
CTRIA3,188,1,122,130,128
CTRIA3,189,1,124,123,131
CTRIA3,190,1,124,131,125
CTRIA3,191,1,125,131,132
CTRIA3,192,1,128,130,133
CTRIA3,193,1,128,133,134
CTRIA3,194,1,128,134,126
CTRIA3,195,1,126,134,135
CTRIA3,196,1,126,135,127
CTRIA3,197,1,123,129,136
CTRIA3,198,1,123,136,131
CTRIA3,199,1,127,135,137
CTRIA3,200,1,127,137,129
CTRIA3,201,1,130,138,133
CTRIA3,202,1,133,138,139
CTRIA3,203,1,133,139,134
CTRIA3,204,1,129,137,140
CTRIA3,205,1,129,140,136
CTRIA3,206,1,132,131,141
CTRIA3,207,1,131,136,142
CTRIA3,208,1,131,142,141
CTRIA3,209,1,134,139,143
CTRIA3,210,1,134,143,144
CTRIA3,211,1,134,144,135
CTRIA3,212,1,135,145,137
CTRIA3,213,1,135,144,145
CTRIA3,214,1,138,146,139
CTRIA3,215,1,137,145,140
CTRIA3,216,1,136,140,147
CTRIA3,217,1,136,147,142
CTRIA3,218,1,139,146,148
CTRIA3,219,1,139,148,143
CTRIA3,220,1,141,142,149
CTRIA3,221,1,140,145,150
CTRIA3,222,1,140,151,147
CTRIA3,223,1,140,150,151
CTRIA3,224,1,146,152,148
CTRIA3,225,1,143,148,153
CTRIA3,226,1,143,153,144
CTRIA3,227,1,142,147,154
CTRIA3,228,1,142,155,149
CTRIA3,229,1,142,154,155
CTRIA3,230,1,145,144,156
CTRIA3,231,1,145,156,150
CTRIA3,232,1,144,153,156
CTRIA3,233,1,147,151,154
CTRIA3,234,1,148,152,157
CTRIA3,235,1,148,157,153
CTRIA3,236,1,152,158,157
CTRIA3,237,1,151,150,159
CTRIA3,238,1,151,159,154
CTRIA3,239,1,155,154,160
CTRIA3,240,1,155,160,161
CTRIA3,241,1,150,156,159
CTRIA3,242,1,153,157,162
CTRIA3,243,1,153,162,156
CTRIA3,244,1,154,159,163
CTRIA3,245,1,154,163,160
CTRIA3,246,1,157,158,164
CTRIA3,247,1,157,164,162
CTRIA3,248,1,158,165,164
CTRIA3,249,1,156,162,166
CTRIA3,250,1,156,167,159
CTRIA3,251,1,156,166,167
CTRIA3,252,1,161,160,168
CTRIA3,253,1,159,167,169
CTRIA3,254,1,159,169,163
CTRIA3,255,1,160,163,170
CTRIA3,256,1,160,170,168
CTRIA3,257,1,162,164,171
CTRIA3,258,1,162,171,172
CTRIA3,259,1,162,172,166
CTRIA3,260,1,164,165,173
CTRIA3,261,1,164,173,171
CTRIA3,262,1,165,174,173
CTRIA3,263,1,163,169,175
CTRIA3,264,1,163,175,170
CTRIA3,265,1,168,170,176
CTRIA3,266,1,168,176,177
CTRIA3,267,1,167,166,178
CTRIA3,268,1,167,179,169
CTRIA3,269,1,167,178,179
CTRIA3,270,1,169,179,175
CTRIA3,271,1,166,172,180
CTRIA3,272,1,166,180,178
CTRIA3,273,1,170,175,181
CTRIA3,274,1,170,181,176
CTRIA3,275,1,173,174,182
CTRIA3,276,1,173,183,171
CTRIA3,277,1,173,182,183
CTRIA3,278,1,171,183,184
CTRIA3,279,1,171,184,172
CTRIA3,280,1,174,185,182
CTRIA3,281,1,176,181,177
CTRIA3,282,1,177,181,186
CTRIA3,283,1,172,184,187
CTRIA3,284,1,172,187,180
CTRIA3,285,1,175,179,188
CTRIA3,286,1,175,188,181
CTRIA3,287,1,183,182,189
CTRIA3,288,1,183,190,184
CTRIA3,289,1,183,189,190
CTRIA3,290,1,182,185,191
CTRIA3,291,1,182,191,189
CTRIA3,292,1,184,190,187
CTRIA3,293,1,179,178,192
CTRIA3,294,1,179,192,188
CTRIA3,295,1,185,193,191
CTRIA3,296,1,178,180,194
CTRIA3,297,1,178,194,195
CTRIA3,298,1,178,195,192
CTRIA3,299,1,180,187,196
CTRIA3,300,1,180,196,194
CTRIA3,301,1,181,188,197
CTRIA3,302,1,181,197,186
CTRIA3,303,1,186,197,198
CTRIA3,304,1,187,190,199
CTRIA3,305,1,187,199,196
CTRIA3,306,1,190,189,200
CTRIA3,307,1,190,200,199
CTRIA3,308,1,189,191,201
CTRIA3,309,1,189,201,200
CTRIA3,310,1,191,193,201
CTRIA3,311,1,188,192,202
CTRIA3,312,1,188,203,197
CTRIA3,313,1,188,202,203
CTRIA3,314,1,192,195,204
CTRIA3,315,1,192,204,202
CTRIA3,316,1,193,205,201
CTRIA3,317,1,193,206,205
CTRIA3,318,1,194,196,207
CTRIA3,319,1,194,208,195
CTRIA3,320,1,194,207,208
CTRIA3,321,1,198,197,209
CTRIA3,322,1,198,209,210
CTRIA3,323,1,197,203,209
CTRIA3,324,1,196,199,211
CTRIA3,325,1,196,211,207
CTRIA3,326,1,199,200,212
CTRIA3,327,1,199,212,211
CTRIA3,328,1,195,208,204
CTRIA3,329,1,201,213,200
CTRIA3,330,1,201,205,213
CTRIA3,331,1,200,213,212
CTRIA3,332,1,210,209,214
CTRIA3,333,1,210,214,215
CTRIA3,334,1,209,203,216
CTRIA3,335,1,209,216,214
CTRIA3,336,1,203,202,217
CTRIA3,337,1,203,217,216
CTRIA3,338,1,202,204,218
CTRIA3,339,1,202,218,217
CTRIA3,340,1,204,208,219
CTRIA3,341,1,204,219,218
CTRIA3,342,1,208,207,220
CTRIA3,343,1,208,220,221
CTRIA3,344,1,208,221,219
CTRIA3,345,1,207,211,222
CTRIA3,346,1,207,222,220
CTRIA3,347,1,211,212,223
CTRIA3,348,1,211,223,222
CTRIA3,349,1,212,213,223
CTRIA3,350,1,213,205,224
CTRIA3,351,1,213,224,225
CTRIA3,352,1,213,226,223
CTRIA3,353,1,213,225,226
CTRIA3,354,1,205,206,224
CTRIA3,355,1,206,227,224
CTRIA3,356,1,223,226,222
CTRIA3,357,1,217,218,228
CTRIA3,358,1,217,228,229
CTRIA3,359,1,217,229,216
CTRIA3,360,1,224,227,230
CTRIA3,361,1,224,230,225
CTRIA3,362,1,218,219,231
CTRIA3,363,1,218,231,228
CTRIA3,364,1,222,226,232
CTRIA3,365,1,222,232,220
CTRIA3,366,1,216,229,233
CTRIA3,367,1,216,233,214
CTRIA3,368,1,215,214,234
CTRIA3,369,1,227,235,230
CTRIA3,370,1,214,233,234
CTRIA3,371,1,220,232,236
CTRIA3,372,1,220,236,221
CTRIA3,373,1,226,225,237
CTRIA3,374,1,226,237,232
CTRIA3,375,1,219,221,238
CTRIA3,376,1,219,238,231
CTRIA3,377,1,225,230,239
CTRIA3,378,1,225,239,237
CTRIA3,379,1,228,231,240
CTRIA3,380,1,228,240,229
CTRIA3,381,1,221,236,241
CTRIA3,382,1,221,241,238
CTRIA3,383,1,229,240,242
CTRIA3,384,1,229,242,233
CTRIA3,385,1,230,235,243
CTRIA3,386,1,230,243,239
CTRIA3,387,1,232,237,244
CTRIA3,388,1,232,244,236
CTRIA3,389,1,231,238,245
CTRIA3,390,1,231,245,240
CTRIA3,391,1,233,242,246
CTRIA3,392,1,233,246,234
CTRIA3,393,1,234,246,247
CTRIA3,394,1,235,248,243
CTRIA3,395,1,237,239,249
CTRIA3,396,1,237,249,244
CTRIA3,397,1,238,241,250
CTRIA3,398,1,238,250,245
CTRIA3,399,1,236,244,251
CTRIA3,400,1,236,251,241
CTRIA3,401,1,240,245,252
CTRIA3,402,1,240,252,242
CTRIA3,403,1,239,243,253
CTRIA3,404,1,239,253,249
CTRIA3,405,1,243,248,254
CTRIA3,406,1,243,254,253
CTRIA3,407,1,242,252,255
CTRIA3,408,1,242,256,246
CTRIA3,409,1,242,255,256
CTRIA3,410,1,245,250,257
CTRIA3,411,1,245,257,252
CTRIA3,412,1,244,249,258
CTRIA3,413,1,244,258,251
CTRIA3,414,1,241,251,259
CTRIA3,415,1,241,259,250
CTRIA3,416,1,246,260,247
CTRIA3,417,1,246,256,260
CTRIA3,418,1,247,260,261
CTRIA3,419,1,248,262,254
CTRIA3,420,1,249,253,263
CTRIA3,421,1,249,263,258
CTRIA3,422,1,251,258,264
CTRIA3,423,1,251,264,259
CTRIA3,424,1,250,259,265
CTRIA3,425,1,250,265,257
CTRIA3,426,1,252,257,266
CTRIA3,427,1,252,266,255
CTRIA3,428,1,253,254,267
CTRIA3,429,1,253,267,263
CTRIA3,430,1,254,262,267
CTRIA3,431,1,260,256,268
CTRIA3,432,1,260,268,261
CTRIA3,433,1,256,255,269
CTRIA3,434,1,256,269,268
CTRIA3,435,1,258,263,270
CTRIA3,436,1,258,270,264
CTRIA3,437,1,259,264,271
CTRIA3,438,1,259,271,265
CTRIA3,439,1,255,266,272
CTRIA3,440,1,255,272,269
CTRIA3,441,1,257,265,273
CTRIA3,442,1,257,273,266
CTRIA3,443,1,263,267,274
CTRIA3,444,1,263,274,270
CTRIA3,445,1,261,268,275
CTRIA3,446,1,262,276,267
CTRIA3,447,1,262,277,276
CTRIA3,448,1,267,276,274
CTRIA3,449,1,264,270,278
CTRIA3,450,1,264,278,271
CTRIA3,451,1,268,269,279
CTRIA3,452,1,268,279,275
CTRIA3,453,1,265,271,280
CTRIA3,454,1,265,280,273
CTRIA3,455,1,266,273,281
CTRIA3,456,1,266,282,272
CTRIA3,457,1,266,281,282
CTRIA3,458,1,269,272,283
CTRIA3,459,1,269,283,279
CTRIA3,460,1,270,274,284
CTRIA3,461,1,270,284,278
CTRIA3,462,1,271,278,285
CTRIA3,463,1,271,285,280
CTRIA3,464,1,274,276,286
CTRIA3,465,1,274,286,284
CTRIA3,466,1,272,282,287
CTRIA3,467,1,272,287,283
CTRIA3,468,1,276,277,288
CTRIA3,469,1,276,288,286
CTRIA3,470,1,273,280,289
CTRIA3,471,1,273,289,281
CTRIA3,472,1,279,283,290
CTRIA3,473,1,279,290,275
CTRIA3,474,1,277,291,288
CTRIA3,475,1,275,290,292
CTRIA3,476,1,280,285,293
CTRIA3,477,1,280,293,289
CTRIA3,478,1,278,284,294
CTRIA3,479,1,278,295,285
CTRIA3,480,1,278,294,295
CTRIA3,481,1,282,281,296
CTRIA3,482,1,282,296,287
CTRIA3,483,1,283,287,297
CTRIA3,484,1,283,297,290
CTRIA3,485,1,281,289,298
CTRIA3,486,1,281,298,296
CTRIA3,487,1,284,286,299
CTRIA3,488,1,284,299,294
CTRIA3,489,1,285,295,293
CTRIA3,490,1,288,291,300
CTRIA3,491,1,288,300,286
CTRIA3,492,1,286,300,299
CTRIA3,493,1,289,293,301
CTRIA3,494,1,289,301,298
CTRIA3,495,1,287,296,302
CTRIA3,496,1,287,302,297
CTRIA3,497,1,290,297,303
CTRIA3,498,1,290,304,292
CTRIA3,499,1,290,303,304
CTRIA3,500,1,291,305,300
CTRIA3,501,1,293,295,306
CTRIA3,502,1,293,306,301
CTRIA3,503,1,296,298,307
CTRIA3,504,1,296,307,302
CTRIA3,505,1,298,301,307
CTRIA3,506,1,295,294,308
CTRIA3,507,1,295,308,306
CTRIA3,508,1,294,299,309
CTRIA3,509,1,294,309,308
CTRIA3,510,1,300,305,310
CTRIA3,511,1,300,310,299
CTRIA3,512,1,299,310,311
CTRIA3,513,1,299,311,309
CTRIA3,514,1,297,302,312
CTRIA3,515,1,297,312,303
CTRIA3,516,1,301,306,313
CTRIA3,517,1,301,313,307
CTRIA3,518,1,302,307,314
CTRIA3,519,1,302,314,315
CTRIA3,520,1,302,315,312
CTRIA3,521,1,305,316,310
CTRIA3,522,1,305,317,316
CTRIA3,523,1,304,303,318
CTRIA3,524,1,306,308,319
CTRIA3,525,1,306,319,313
CTRIA3,526,1,307,313,314
CTRIA3,527,1,310,316,320
CTRIA3,528,1,310,320,311
CTRIA3,529,1,303,312,321
CTRIA3,530,1,303,321,318
CTRIA3,531,1,308,309,322
CTRIA3,532,1,308,322,319
CTRIA3,533,1,309,311,323
CTRIA3,534,1,309,323,322
CTRIA3,535,1,311,320,323
CTRIA3,536,1,312,315,324
CTRIA3,537,1,312,324,321
CTRIA3,538,1,316,317,325
CTRIA3,539,1,316,325,326
CTRIA3,540,1,316,326,320
CTRIA3,541,1,313,319,327
CTRIA3,542,1,313,327,328
CTRIA3,543,1,313,328,314
CTRIA3,544,1,314,328,329
CTRIA3,545,1,314,329,315
CTRIA3,546,1,318,321,330
CTRIA3,547,1,318,330,331
CTRIA3,548,1,319,322,332
CTRIA3,549,1,319,332,327
CTRIA3,550,1,315,329,333
CTRIA3,551,1,315,333,324
CTRIA3,552,1,322,323,334
CTRIA3,553,1,322,334,332
CTRIA3,554,1,321,324,335
CTRIA3,555,1,321,335,330
CTRIA3,556,1,320,326,336
CTRIA3,557,1,320,336,323
CTRIA3,558,1,323,336,334
CTRIA3,559,1,324,333,335
CTRIA3,560,1,325,337,326
CTRIA3,561,1,326,338,336
CTRIA3,562,1,326,337,339
CTRIA3,563,1,326,339,338
CTRIA3,564,1,336,340,334
CTRIA3,565,1,336,338,340
CTRIA3,566,1,334,340,332
CTRIA3,567,1,332,340,341
CTRIA3,568,1,332,341,327
CTRIA3,569,1,327,341,342
CTRIA3,570,1,327,342,328
CTRIA3,571,1,328,343,329
CTRIA3,572,1,328,342,344
CTRIA3,573,1,328,344,343
CTRIA3,574,1,329,343,333
CTRIA3,575,1,333,343,345
CTRIA3,576,1,333,345,335
CTRIA3,577,1,335,345,346
CTRIA3,578,1,335,346,330
CTRIA3,579,1,330,347,331
CTRIA3,580,1,330,346,347
CTRIA3,581,1,340,338,348
CTRIA3,582,1,340,348,341
CTRIA3,583,1,343,344,349
CTRIA3,584,1,343,349,345
CTRIA3,585,1,345,349,350
CTRIA3,586,1,345,350,346
CTRIA3,587,1,347,346,351
CTRIA3,588,1,346,350,351
CTRIA3,589,1,338,339,352
CTRIA3,590,1,338,352,348
CTRIA3,591,1,337,353,339
CTRIA3,592,1,341,348,354
CTRIA3,593,1,341,355,342
CTRIA3,594,1,341,354,355
CTRIA3,595,1,339,353,352
CTRIA3,596,1,342,355,356
CTRIA3,597,1,342,356,344
CTRIA3,598,1,344,357,349
CTRIA3,599,1,344,356,357
CTRIA3,600,1,348,352,358
CTRIA3,601,1,348,358,354
CTRIA3,602,1,349,357,359
CTRIA3,603,1,349,359,350
CTRIA3,604,1,350,360,351
CTRIA3,605,1,350,359,360
CTRIA3,606,1,351,360,361
CTRIA3,607,1,353,362,352
CTRIA3,608,1,352,362,363
CTRIA3,609,1,352,363,358
CTRIA3,610,1,355,354,364
CTRIA3,611,1,355,364,365
CTRIA3,612,1,355,365,356
CTRIA3,613,1,354,358,366
CTRIA3,614,1,354,366,364
CTRIA3,615,1,360,359,367
CTRIA3,616,1,360,367,361
CTRIA3,617,1,357,356,368
CTRIA3,618,1,357,368,369
CTRIA3,619,1,357,369,359
CTRIA3,620,1,356,365,370
CTRIA3,621,1,356,370,368
CTRIA3,622,1,359,369,367
CTRIA3,623,1,362,371,363
CTRIA3,624,1,358,363,372
CTRIA3,625,1,358,372,373
CTRIA3,626,1,358,373,366
CTRIA3,627,1,363,371,372
CTRIA3,628,1,364,366,374
CTRIA3,629,1,364,374,365
CTRIA3,630,1,367,369,375
CTRIA3,631,1,368,370,376
CTRIA3,632,1,368,376,369
CTRIA3,633,1,365,374,377
CTRIA3,634,1,365,377,370
CTRIA3,635,1,366,373,378
CTRIA3,636,1,366,378,374
CTRIA3,637,1,371,379,372
CTRIA3,638,1,369,376,380
CTRIA3,639,1,369,380,375
CTRIA3,640,1,372,379,381
CTRIA3,641,1,372,381,373
CTRIA3,642,1,370,377,382
CTRIA3,643,1,370,382,376
CTRIA3,644,1,373,381,383
CTRIA3,645,1,373,383,378
CTRIA3,646,1,374,378,384
CTRIA3,647,1,374,384,377
CTRIA3,648,1,375,380,385
CTRIA3,649,1,376,382,386
CTRIA3,650,1,376,386,380
CTRIA3,651,1,379,387,381
CTRIA3,652,1,377,384,388
CTRIA3,653,1,377,388,382
CTRIA3,654,1,380,386,389
CTRIA3,655,1,380,389,385
CTRIA3,656,1,378,383,390
CTRIA3,657,1,378,390,384
CTRIA3,658,1,381,387,391
CTRIA3,659,1,381,391,383
CTRIA3,660,1,382,388,392
CTRIA3,661,1,382,392,386
CTRIA3,662,1,387,393,391
CTRIA3,663,1,383,391,394
CTRIA3,664,1,383,394,390
CTRIA3,665,1,384,390,395
CTRIA3,666,1,384,395,388
CTRIA3,667,1,386,392,396
CTRIA3,668,1,386,396,389
CTRIA3,669,1,391,393,397
CTRIA3,670,1,391,397,394
CTRIA3,671,1,388,395,398
CTRIA3,672,1,388,398,392
CTRIA3,673,1,390,394,399
CTRIA3,674,1,390,399,395
CTRIA3,675,1,392,398,400
CTRIA3,676,1,392,400,396
CTRIA3,677,1,394,397,401
CTRIA3,678,1,394,401,399
CTRIA3,679,1,396,400,402
CTRIA3,680,1,395,399,403
CTRIA3,681,1,395,404,398
CTRIA3,682,1,395,403,404
CTRIA3,683,1,397,405,401
CTRIA3,684,1,398,404,406
CTRIA3,685,1,398,406,400
CTRIA3,686,1,400,406,407
CTRIA3,687,1,400,407,402
CTRIA3,688,1,401,405,408
CTRIA3,689,1,401,408,399
CTRIA3,690,1,399,408,409
CTRIA3,691,1,399,409,403
CTRIA3,692,1,402,407,410
CTRIA3,693,1,405,411,408
CTRIA3,694,1,404,403,412
CTRIA3,695,1,404,413,406
CTRIA3,696,1,404,412,413
CTRIA3,697,1,406,414,407
CTRIA3,698,1,406,413,414
CTRIA3,699,1,407,414,415
CTRIA3,700,1,407,415,410
CTRIA3,701,1,403,409,416
CTRIA3,702,1,403,416,412
CTRIA3,703,1,408,411,417
CTRIA3,704,1,408,417,409
CTRIA3,705,1,411,418,417
CTRIA3,706,1,409,417,419
CTRIA3,707,1,409,419,416
CTRIA3,708,1,414,413,420
CTRIA3,709,1,414,421,415
CTRIA3,710,1,414,420,421
CTRIA3,711,1,413,412,422
CTRIA3,712,1,413,422,420
CTRIA3,713,1,417,418,423
CTRIA3,714,1,417,423,419
CTRIA3,715,1,412,416,424
CTRIA3,716,1,412,424,422
CTRIA3,717,1,416,419,425
CTRIA3,718,1,416,425,424
CTRIA3,719,1,418,426,423
CTRIA3,720,1,419,423,427
CTRIA3,721,1,419,427,425
CTRIA3,722,1,421,420,428
CTRIA3,723,1,422,424,429
CTRIA3,724,1,422,429,420
CTRIA3,725,1,420,429,428
CTRIA3,726,1,423,426,430
CTRIA3,727,1,423,430,427
CTRIA3,728,1,424,425,431
CTRIA3,729,1,424,431,429
CTRIA3,730,1,426,432,430
CTRIA3,731,1,425,427,433
CTRIA3,732,1,425,433,431
CTRIA3,733,1,428,429,434
CTRIA3,734,1,427,430,435
CTRIA3,735,1,427,435,433
CTRIA3,736,1,429,431,436
CTRIA3,737,1,429,436,434
CTRIA3,738,1,430,432,437
CTRIA3,739,1,430,437,435
CTRIA3,740,1,432,438,437
CTRIA3,741,1,434,436,439
CTRIA3,742,1,431,433,440
CTRIA3,743,1,431,440,441
CTRIA3,744,1,431,441,436
CTRIA3,745,1,433,435,442
CTRIA3,746,1,433,442,440
CTRIA3,747,1,435,437,443
CTRIA3,748,1,435,443,442
CTRIA3,749,1,437,438,443
CTRIA3,750,1,436,441,444
CTRIA3,751,1,436,444,439
CTRIA3,752,1,438,445,443
CTRIA3,753,1,443,445,446
CTRIA3,754,1,443,446,442
CTRIA3,755,1,442,446,447
CTRIA3,756,1,442,447,440
CTRIA3,757,1,440,447,448
CTRIA3,758,1,440,448,441
CTRIA3,759,1,441,448,449
CTRIA3,760,1,441,449,444
CTRIA3,761,1,445,450,446
CTRIA3,762,1,444,449,451
CTRIA3,763,1,446,450,452
CTRIA3,764,1,446,452,447
CTRIA3,765,1,447,452,453
CTRIA3,766,1,447,453,448
CTRIA3,767,1,450,454,452
CTRIA3,768,1,448,455,449
CTRIA3,769,1,448,453,455
CTRIA3,770,1,449,456,451
CTRIA3,771,1,449,455,456
CTRIA3,772,1,451,456,457
CTRIA3,773,1,452,454,453
CTRIA3,774,1,454,458,453
CTRIA3,775,1,456,455,459
CTRIA3,776,1,456,459,460
CTRIA3,777,1,456,460,457
CTRIA3,778,1,455,453,461
CTRIA3,779,1,455,461,459
CTRIA3,780,1,457,460,462
CTRIA3,781,1,453,458,463
CTRIA3,782,1,453,463,461
CTRIA3,783,1,459,461,464
CTRIA3,784,1,459,464,58
CTRIA3,785,1,459,58,460
CTRIA3,786,1,458,55,463
CTRIA3,787,1,460,58,465
CTRIA3,788,1,460,465,462
CTRIA3,789,1,461,463,51
CTRIA3,790,1,461,51,464
CTRIA3,791,1,463,55,51
CTRIA3,792,1,52,70,66
CTRIA3,793,1,66,70,466
CTRIA3,794,1,66,466,67
CTRIA3,795,1,64,65,467
CTRIA3,796,1,64,467,468
CTRIA3,797,1,68,469,69
CTRIA3,798,1,67,466,470
CTRIA3,799,1,61,471,62
CTRIA3,800,1,61,472,471
CTRIA3,801,1,62,471,473
CTRIA3,802,1,62,473,63
CTRIA3,803,1,63,473,474
CTRIA3,804,1,63,474,65
CTRIA3,805,1,70,69,475
CTRIA3,806,1,70,475,466
CTRIA3,807,1,65,474,476
CTRIA3,808,1,65,476,467
CTRIA3,809,1,69,469,477
CTRIA3,810,1,69,477,475
CTRIA3,811,1,471,472,478
CTRIA3,812,1,471,478,473
CTRIA3,813,1,466,475,479
CTRIA3,814,1,466,480,470
CTRIA3,815,1,466,479,480
CTRIA3,816,1,468,467,481
CTRIA3,817,1,469,482,477
CTRIA3,818,1,470,480,483
CTRIA3,819,1,472,484,478
CTRIA3,820,1,473,478,485
CTRIA3,821,1,473,485,474
CTRIA3,822,1,467,476,481
CTRIA3,823,1,475,477,486
CTRIA3,824,1,475,486,479
CTRIA3,825,1,474,485,487
CTRIA3,826,1,474,487,476
CTRIA3,827,1,477,482,488
CTRIA3,828,1,477,488,486
CTRIA3,829,1,476,487,489
CTRIA3,830,1,476,489,481
CTRIA3,831,1,478,484,490
CTRIA3,832,1,478,490,485
CTRIA3,833,1,481,489,491
CTRIA3,834,1,482,492,488
CTRIA3,835,1,483,480,493
CTRIA3,836,1,484,494,490
CTRIA3,837,1,480,479,495
CTRIA3,838,1,480,495,493
CTRIA3,839,1,479,486,496
CTRIA3,840,1,479,496,495
CTRIA3,841,1,485,490,497
CTRIA3,842,1,485,497,487
CTRIA3,843,1,486,488,498
CTRIA3,844,1,486,498,496
CTRIA3,845,1,487,497,499
CTRIA3,846,1,487,499,489
CTRIA3,847,1,488,492,500
CTRIA3,848,1,488,500,498
CTRIA3,849,1,489,499,501
CTRIA3,850,1,489,501,491
CTRIA3,851,1,490,494,502
CTRIA3,852,1,490,502,497
CTRIA3,853,1,491,501,503
CTRIA3,854,1,492,504,500
CTRIA3,855,1,493,495,505
CTRIA3,856,1,495,496,506
CTRIA3,857,1,495,506,505
CTRIA3,858,1,498,500,507
CTRIA3,859,1,498,507,496
CTRIA3,860,1,496,507,506
CTRIA3,861,1,497,502,508
CTRIA3,862,1,497,509,499
CTRIA3,863,1,497,508,509
CTRIA3,864,1,500,504,510
CTRIA3,865,1,500,510,507
CTRIA3,866,1,499,509,511
CTRIA3,867,1,499,511,501
CTRIA3,868,1,501,511,512
CTRIA3,869,1,501,512,503
CTRIA3,870,1,503,512,513
CTRIA3,871,1,504,514,510
CTRIA3,872,1,505,506,515
CTRIA3,873,1,505,515,516
CTRIA3,874,1,502,517,508
CTRIA3,875,1,507,510,518
CTRIA3,876,1,507,518,506
CTRIA3,877,1,506,518,519
CTRIA3,878,1,506,519,515
CTRIA3,879,1,509,508,520
CTRIA3,880,1,509,520,521
CTRIA3,881,1,509,521,511
CTRIA3,882,1,508,517,522
CTRIA3,883,1,508,522,520
CTRIA3,884,1,510,514,523
CTRIA3,885,1,510,523,518
CTRIA3,886,1,515,519,524
CTRIA3,887,1,515,524,516
CTRIA3,888,1,511,521,525
CTRIA3,889,1,511,525,512
CTRIA3,890,1,513,512,526
CTRIA3,891,1,514,527,528
CTRIA3,892,1,514,528,523
CTRIA3,893,1,516,524,529
CTRIA3,894,1,517,530,522
CTRIA3,895,1,512,531,526
CTRIA3,896,1,512,525,531
CTRIA3,897,1,518,523,532
CTRIA3,898,1,518,532,519
CTRIA3,899,1,520,522,533
CTRIA3,900,1,520,533,521
CTRIA3,901,1,519,532,534
CTRIA3,902,1,519,534,524
CTRIA3,903,1,522,530,535
CTRIA3,904,1,522,535,533
CTRIA3,905,1,523,528,536
CTRIA3,906,1,523,536,532
CTRIA3,907,1,521,533,537
CTRIA3,908,1,521,537,525
CTRIA3,909,1,524,534,538
CTRIA3,910,1,524,538,529
CTRIA3,911,1,526,531,539
CTRIA3,912,1,527,540,528
CTRIA3,913,1,530,541,535
CTRIA3,914,1,531,525,542
CTRIA3,915,1,531,542,539
CTRIA3,916,1,532,536,543
CTRIA3,917,1,532,543,534
CTRIA3,918,1,525,537,544
CTRIA3,919,1,525,544,542
CTRIA3,920,1,533,535,545
CTRIA3,921,1,533,545,537
CTRIA3,922,1,528,540,546
CTRIA3,923,1,528,546,547
CTRIA3,924,1,528,547,536
CTRIA3,925,1,535,541,548
CTRIA3,926,1,535,548,545
CTRIA3,927,1,534,543,549
CTRIA3,928,1,534,549,538
CTRIA3,929,1,536,547,550
CTRIA3,930,1,536,550,543
CTRIA3,931,1,539,542,551
CTRIA3,932,1,540,552,546
CTRIA3,933,1,538,549,553
CTRIA3,934,1,541,554,548
CTRIA3,935,1,537,545,555
CTRIA3,936,1,537,555,556
CTRIA3,937,1,537,556,544
CTRIA3,938,1,546,552,557
CTRIA3,939,1,546,557,547
CTRIA3,940,1,542,544,558
CTRIA3,941,1,542,558,551
CTRIA3,942,1,545,548,559
CTRIA3,943,1,545,559,555
CTRIA3,944,1,543,550,560
CTRIA3,945,1,543,560,549
CTRIA3,946,1,544,556,561
CTRIA3,947,1,544,561,558
CTRIA3,948,1,547,557,562
CTRIA3,949,1,547,562,550
CTRIA3,950,1,548,554,563
CTRIA3,951,1,548,563,559
CTRIA3,952,1,549,560,564
CTRIA3,953,1,549,564,553
CTRIA3,954,1,551,558,565
CTRIA3,955,1,552,566,557
CTRIA3,956,1,553,564,567
CTRIA3,957,1,554,568,563
CTRIA3,958,1,555,559,569
CTRIA3,959,1,555,570,556
CTRIA3,960,1,555,569,570
CTRIA3,961,1,556,570,561
CTRIA3,962,1,550,562,571
CTRIA3,963,1,550,571,560
CTRIA3,964,1,559,563,572
CTRIA3,965,1,559,572,569
CTRIA3,966,1,558,561,573
CTRIA3,967,1,558,573,565
CTRIA3,968,1,557,566,574
CTRIA3,969,1,557,574,562
CTRIA3,970,1,563,568,575
CTRIA3,971,1,563,575,572
CTRIA3,972,1,560,571,576
CTRIA3,973,1,560,577,564
CTRIA3,974,1,560,576,577
CTRIA3,975,1,561,570,578
CTRIA3,976,1,561,578,573
CTRIA3,977,1,564,579,567
CTRIA3,978,1,564,577,579
CTRIA3,979,1,562,574,580
CTRIA3,980,1,562,580,571
CTRIA3,981,1,565,573,581
CTRIA3,982,1,566,582,574
CTRIA3,983,1,567,579,583
CTRIA3,984,1,568,584,575
CTRIA3,985,1,572,575,585
CTRIA3,986,1,572,585,569
CTRIA3,987,1,570,569,586
CTRIA3,988,1,570,586,578
CTRIA3,989,1,569,585,586
CTRIA3,990,1,571,580,587
CTRIA3,991,1,571,587,576
CTRIA3,992,1,575,584,588
CTRIA3,993,1,575,588,585
CTRIA3,994,1,574,582,589
CTRIA3,995,1,574,589,580
CTRIA3,996,1,573,578,590
CTRIA3,997,1,573,590,581
CTRIA3,998,1,579,577,591
CTRIA3,999,1,579,591,583
CTRIA3,1000,1,577,576,592
CTRIA3,1001,1,577,592,591
CTRIA3,1002,1,585,588,593
CTRIA3,1003,1,585,593,586
CTRIA3,1004,1,578,586,594
CTRIA3,1005,1,578,594,590
CTRIA3,1006,1,581,590,595
CTRIA3,1007,1,582,596,589
CTRIA3,1008,1,580,597,587
CTRIA3,1009,1,580,589,597
CTRIA3,1010,1,583,591,598
CTRIA3,1011,1,584,599,600
CTRIA3,1012,1,584,600,588
CTRIA3,1013,1,576,587,601
CTRIA3,1014,1,576,601,592
CTRIA3,1015,1,586,593,602
CTRIA3,1016,1,586,602,594
CTRIA3,1017,1,587,597,601
CTRIA3,1018,1,588,600,593
CTRIA3,1019,1,599,603,604
CTRIA3,1020,1,599,605,603
CTRIA3,1021,1,599,606,600
CTRIA3,1022,1,599,607,606
CTRIA3,1023,1,604,603,593
CTRIA3,1024,1,600,606,593
CTRIA3,1025,1,593,603,608
CTRIA3,1026,1,593,608,602
CTRIA3,1027,1,593,606,609
CTRIA3,1028,1,593,609,602
CTRIA3,1029,1,602,608,610
CTRIA3,1030,1,602,610,594
CTRIA3,1031,1,602,609,611
CTRIA3,1032,1,602,611,594
CTRIA3,1033,1,594,612,590
CTRIA3,1034,1,594,610,612
CTRIA3,1035,1,594,613,590
CTRIA3,1036,1,594,611,613
CTRIA3,1037,1,590,612,614
CTRIA3,1038,1,590,614,595
CTRIA3,1039,1,590,615,595
CTRIA3,1040,1,590,613,616
CTRIA3,1041,1,590,616,615
CTRIA3,1042,1,603,605,617
CTRIA3,1043,1,603,617,608
CTRIA3,1044,1,612,610,618
CTRIA3,1045,1,612,619,614
CTRIA3,1046,1,612,618,619
CTRIA3,1047,1,605,620,617
CTRIA3,1048,1,608,617,621
CTRIA3,1049,1,608,621,610
CTRIA3,1050,1,610,621,618
CTRIA3,1051,1,617,620,622
CTRIA3,1052,1,617,622,621
CTRIA3,1053,1,620,623,622
CTRIA3,1054,1,619,618,624
CTRIA3,1055,1,618,621,625
CTRIA3,1056,1,618,625,624
CTRIA3,1057,1,621,622,626
CTRIA3,1058,1,621,626,625
CTRIA3,1059,1,622,623,627
CTRIA3,1060,1,622,627,626
CTRIA3,1061,1,623,628,629
CTRIA3,1062,1,623,629,627
CTRIA3,1063,1,624,625,630
CTRIA3,1064,1,624,630,631
CTRIA3,1065,1,625,626,632
CTRIA3,1066,1,625,632,630
CTRIA3,1067,1,626,627,633
CTRIA3,1068,1,626,633,632
CTRIA3,1069,1,627,629,634
CTRIA3,1070,1,627,634,633
CTRIA3,1071,1,628,635,629
CTRIA3,1072,1,631,630,636
CTRIA3,1073,1,630,632,637
CTRIA3,1074,1,630,637,636
CTRIA3,1075,1,629,635,638
CTRIA3,1076,1,629,638,634
CTRIA3,1077,1,632,633,639
CTRIA3,1078,1,632,639,637
CTRIA3,1079,1,633,634,640
CTRIA3,1080,1,633,640,639
CTRIA3,1081,1,634,638,640
CTRIA3,1082,1,635,641,638
CTRIA3,1083,1,636,637,642
CTRIA3,1084,1,636,642,643
CTRIA3,1085,1,638,641,644
CTRIA3,1086,1,638,644,640
CTRIA3,1087,1,637,639,645
CTRIA3,1088,1,637,645,642
CTRIA3,1089,1,640,644,646
CTRIA3,1090,1,640,646,639
CTRIA3,1091,1,639,646,647
CTRIA3,1092,1,639,647,645
CTRIA3,1093,1,641,648,644
CTRIA3,1094,1,641,649,648
CTRIA3,1095,1,643,642,650
CTRIA3,1096,1,643,650,651
CTRIA3,1097,1,644,648,652
CTRIA3,1098,1,644,652,646
CTRIA3,1099,1,642,645,653
CTRIA3,1100,1,642,653,650
CTRIA3,1101,1,646,652,654
CTRIA3,1102,1,646,654,647
CTRIA3,1103,1,645,647,655
CTRIA3,1104,1,645,655,653
CTRIA3,1105,1,647,654,655
CTRIA3,1106,1,648,649,656
CTRIA3,1107,1,648,656,652
CTRIA3,1108,1,649,657,656
CTRIA3,1109,1,651,650,658
CTRIA3,1110,1,651,658,659
CTRIA3,1111,1,650,653,658
CTRIA3,1112,1,652,656,660
CTRIA3,1113,1,652,660,654
CTRIA3,1114,1,654,660,661
CTRIA3,1115,1,654,661,655
CTRIA3,1116,1,653,655,662
CTRIA3,1117,1,653,663,658
CTRIA3,1118,1,653,662,663
CTRIA3,1119,1,656,657,664
CTRIA3,1120,1,656,664,660
CTRIA3,1121,1,659,658,665
CTRIA3,1122,1,655,661,662
CTRIA3,1123,1,658,663,665
CTRIA3,1124,1,660,664,666
CTRIA3,1125,1,660,666,661
CTRIA3,1126,1,664,667,668
CTRIA3,1127,1,664,668,666
CTRIA3,1128,1,665,663,669
CTRIA3,1129,1,663,662,670
CTRIA3,1130,1,663,670,669
CTRIA3,1131,1,661,666,671
CTRIA3,1132,1,661,671,672
CTRIA3,1133,1,661,672,662
CTRIA3,1134,1,666,668,671
CTRIA3,1135,1,662,672,673
CTRIA3,1136,1,662,673,670
CTRIA3,1137,1,667,674,675
CTRIA3,1138,1,667,675,668
CTRIA3,1139,1,669,670,676
CTRIA3,1140,1,668,675,677
CTRIA3,1141,1,668,677,671
CTRIA3,1142,1,670,673,678
CTRIA3,1143,1,670,678,676
CTRIA3,1144,1,671,677,679
CTRIA3,1145,1,671,679,672
CTRIA3,1146,1,672,679,680
CTRIA3,1147,1,672,680,673
CTRIA3,1148,1,674,681,675
CTRIA3,1149,1,676,678,682
CTRIA3,1150,1,675,681,683
CTRIA3,1151,1,675,683,677
CTRIA3,1152,1,673,680,684
CTRIA3,1153,1,673,684,678
CTRIA3,1154,1,677,683,685
CTRIA3,1155,1,677,685,679
CTRIA3,1156,1,678,684,686
CTRIA3,1157,1,678,686,682
CTRIA3,1158,1,681,687,683
CTRIA3,1159,1,682,686,688
CTRIA3,1160,1,679,685,689
CTRIA3,1161,1,679,689,680
CTRIA3,1162,1,683,687,690
CTRIA3,1163,1,683,690,685
CTRIA3,1164,1,680,689,691
CTRIA3,1165,1,680,691,684
CTRIA3,1166,1,684,691,692
CTRIA3,1167,1,684,692,686
CTRIA3,1168,1,687,693,690
CTRIA3,1169,1,688,686,694
CTRIA3,1170,1,685,690,695
CTRIA3,1171,1,685,695,689
CTRIA3,1172,1,686,692,696
CTRIA3,1173,1,686,696,694
CTRIA3,1174,1,690,693,697
CTRIA3,1175,1,690,697,695
CTRIA3,1176,1,689,695,698
CTRIA3,1177,1,689,699,691
CTRIA3,1178,1,689,698,699
CTRIA3,1179,1,694,696,700
CTRIA3,1180,1,694,700,701
CTRIA3,1181,1,691,699,702
CTRIA3,1182,1,691,702,692
CTRIA3,1183,1,692,703,696
CTRIA3,1184,1,692,702,703
CTRIA3,1185,1,696,703,704
CTRIA3,1186,1,696,704,700
CTRIA3,1187,1,695,697,705
CTRIA3,1188,1,695,705,706
CTRIA3,1189,1,695,706,698
CTRIA3,1190,1,700,704,701
CTRIA3,1191,1,697,707,705
CTRIA3,1192,1,701,704,708
CTRIA3,1193,1,699,698,709
CTRIA3,1194,1,699,709,702
CTRIA3,1195,1,698,706,710
CTRIA3,1196,1,698,710,709
CTRIA3,1197,1,703,702,711
CTRIA3,1198,1,703,712,704
CTRIA3,1199,1,703,711,712
CTRIA3,1200,1,704,713,708
CTRIA3,1201,1,704,712,713
CTRIA3,1202,1,702,709,714
CTRIA3,1203,1,702,714,711
CTRIA3,1204,1,707,715,705
CTRIA3,1205,1,708,713,716
CTRIA3,1206,1,705,715,717
CTRIA3,1207,1,705,718,706
CTRIA3,1208,1,705,717,718
CTRIA3,1209,1,706,718,719
CTRIA3,1210,1,706,719,710
CTRIA3,1211,1,709,710,720
CTRIA3,1212,1,709,720,714
CTRIA3,1213,1,713,712,721
CTRIA3,1214,1,713,721,716
CTRIA3,1215,1,712,711,722
CTRIA3,1216,1,712,722,721
CTRIA3,1217,1,711,714,723
CTRIA3,1218,1,711,723,722
CTRIA3,1219,1,710,719,724
CTRIA3,1220,1,710,724,720
CTRIA3,1221,1,715,725,717
CTRIA3,1222,1,716,721,726
CTRIA3,1223,1,718,717,727
CTRIA3,1224,1,718,728,719
CTRIA3,1225,1,718,727,728
CTRIA3,1226,1,721,722,729
CTRIA3,1227,1,721,729,726
CTRIA3,1228,1,714,720,730
CTRIA3,1229,1,714,730,731
CTRIA3,1230,1,714,731,723
CTRIA3,1231,1,719,728,732
CTRIA3,1232,1,719,732,724
CTRIA3,1233,1,720,724,733
CTRIA3,1234,1,720,733,730
CTRIA3,1235,1,722,723,734
CTRIA3,1236,1,722,734,729
CTRIA3,1237,1,717,725,735
CTRIA3,1238,1,717,735,727
CTRIA3,1239,1,726,729,736
CTRIA3,1240,1,725,737,735
CTRIA3,1241,1,724,732,738
CTRIA3,1242,1,724,738,733
CTRIA3,1243,1,723,739,734
CTRIA3,1244,1,723,731,739
CTRIA3,1245,1,728,727,740
CTRIA3,1246,1,728,741,732
CTRIA3,1247,1,728,740,741
CTRIA3,1248,1,729,742,736
CTRIA3,1249,1,729,734,742
CTRIA3,1250,1,727,735,740
CTRIA3,1251,1,732,741,738
CTRIA3,1252,1,730,743,731
CTRIA3,1253,1,730,733,743
CTRIA3,1254,1,736,742,744
CTRIA3,1255,1,736,744,745
CTRIA3,1256,1,742,734,746
CTRIA3,1257,1,742,746,744
CTRIA3,1258,1,734,739,746
CTRIA3,1259,1,739,731,747
CTRIA3,1260,1,739,747,746
CTRIA3,1261,1,731,743,748
CTRIA3,1262,1,731,748,749
CTRIA3,1263,1,731,749,747
CTRIA3,1264,1,743,733,748
CTRIA3,1265,1,733,738,750
CTRIA3,1266,1,733,750,751
CTRIA3,1267,1,733,751,748
CTRIA3,1268,1,738,741,752
CTRIA3,1269,1,738,752,750
CTRIA3,1270,1,741,740,753
CTRIA3,1271,1,741,753,754
CTRIA3,1272,1,741,754,752
CTRIA3,1273,1,740,735,753
CTRIA3,1274,1,735,737,755
CTRIA3,1275,1,735,755,756
CTRIA3,1276,1,735,756,757
CTRIA3,1277,1,735,757,753
CTRIA3,1278,1,753,757,758
CTRIA3,1279,1,753,758,754
CTRIA3,1280,1,748,751,759
CTRIA3,1281,1,748,759,749
CTRIA3,1282,1,746,747,760
CTRIA3,1283,1,746,760,761
CTRIA3,1284,1,746,761,744
CTRIA3,1285,1,747,749,762
CTRIA3,1286,1,747,762,760
CTRIA3,1287,1,754,758,763
CTRIA3,1288,1,754,763,752
CTRIA3,1289,1,744,761,764
CTRIA3,1290,1,744,764,745
CTRIA3,1291,1,755,765,756
CTRIA3,1292,1,752,763,766
CTRIA3,1293,1,752,766,750
CTRIA3,1294,1,750,766,767
CTRIA3,1295,1,750,767,751
CTRIA3,1296,1,749,759,768
CTRIA3,1297,1,749,768,762
CTRIA3,1298,1,751,767,769
CTRIA3,1299,1,751,769,759
CTRIA3,1300,1,756,765,770
CTRIA3,1301,1,756,770,757
CTRIA3,1302,1,757,771,758
CTRIA3,1303,1,757,770,771
CTRIA3,1304,1,758,771,763
CTRIA3,1305,1,759,769,768
CTRIA3,1306,1,760,762,772
CTRIA3,1307,1,760,773,761
CTRIA3,1308,1,760,772,773
CTRIA3,1309,1,761,773,774
CTRIA3,1310,1,761,774,764
CTRIA3,1311,1,763,771,775
CTRIA3,1312,1,763,775,766
CTRIA3,1313,1,762,768,776
CTRIA3,1314,1,762,776,772
CTRIA3,1315,1,764,774,777
CTRIA3,1316,1,765,778,770
CTRIA3,1317,1,766,775,779
CTRIA3,1318,1,766,779,767
CTRIA3,1319,1,768,769,780
CTRIA3,1320,1,768,780,776
CTRIA3,1321,1,767,779,781
CTRIA3,1322,1,767,781,769
CTRIA3,1323,1,769,781,780
CTRIA3,1324,1,771,770,782
CTRIA3,1325,1,771,782,775
CTRIA3,1326,1,773,772,783
CTRIA3,1327,1,773,783,774
CTRIA3,1328,1,770,778,784
CTRIA3,1329,1,770,784,782
CTRIA3,1330,1,772,776,785
CTRIA3,1331,1,772,785,783
CTRIA3,1332,1,774,783,786
CTRIA3,1333,1,774,787,777
CTRIA3,1334,1,774,786,787
CTRIA3,1335,1,776,780,788
CTRIA3,1336,1,776,788,785
CTRIA3,1337,1,775,782,789
CTRIA3,1338,1,775,789,779
CTRIA3,1339,1,777,787,790
CTRIA3,1340,1,778,791,784
CTRIA3,1341,1,780,781,792
CTRIA3,1342,1,780,792,788
CTRIA3,1343,1,779,789,793
CTRIA3,1344,1,779,793,781
CTRIA3,1345,1,781,793,792
CTRIA3,1346,1,783,785,794
CTRIA3,1347,1,783,794,786
CTRIA3,1348,1,782,784,795
CTRIA3,1349,1,782,795,789
CTRIA3,1350,1,787,786,796
CTRIA3,1351,1,787,796,790
CTRIA3,1352,1,785,788,797
CTRIA3,1353,1,785,797,794
CTRIA3,1354,1,784,791,798
CTRIA3,1355,1,784,798,799
CTRIA3,1356,1,784,799,795
CTRIA3,1357,1,788,792,800
CTRIA3,1358,1,788,800,797
CTRIA3,1359,1,790,796,801
CTRIA3,1360,1,791,802,798
CTRIA3,1361,1,792,793,803
CTRIA3,1362,1,792,803,800
CTRIA3,1363,1,786,794,804
CTRIA3,1364,1,786,805,796
CTRIA3,1365,1,786,804,805
CTRIA3,1366,1,789,795,806
CTRIA3,1367,1,789,806,807
CTRIA3,1368,1,789,807,793
CTRIA3,1369,1,793,807,803
CTRIA3,1370,1,794,797,808
CTRIA3,1371,1,794,808,804
CTRIA3,1372,1,796,805,801
CTRIA3,1373,1,795,799,809
CTRIA3,1374,1,795,809,806
CTRIA3,1375,1,797,800,810
CTRIA3,1376,1,797,810,808
CTRIA3,1377,1,798,802,811
CTRIA3,1378,1,798,811,799
CTRIA3,1379,1,800,803,812
CTRIA3,1380,1,800,812,810
CTRIA3,1381,1,799,811,813
CTRIA3,1382,1,799,813,809
CTRIA3,1383,1,801,805,814
CTRIA3,1384,1,802,815,811
CTRIA3,1385,1,803,807,816
CTRIA3,1386,1,803,816,812
CTRIA3,1387,1,808,810,817
CTRIA3,1388,1,808,817,804
CTRIA3,1389,1,806,809,818
CTRIA3,1390,1,806,819,807
CTRIA3,1391,1,806,818,819
CTRIA3,1392,1,805,804,820
CTRIA3,1393,1,805,820,814
CTRIA3,1394,1,807,819,821
CTRIA3,1395,1,807,821,816
CTRIA3,1396,1,809,813,818
CTRIA3,1397,1,804,817,822
CTRIA3,1398,1,804,822,820
CTRIA3,1399,1,811,815,823
CTRIA3,1400,1,811,823,813
CTRIA3,1401,1,810,812,824
CTRIA3,1402,1,810,824,817
CTRIA3,1403,1,812,816,825
CTRIA3,1404,1,812,825,824
CTRIA3,1405,1,813,823,826
CTRIA3,1406,1,813,826,818
CTRIA3,1407,1,816,821,827
CTRIA3,1408,1,816,827,825
CTRIA3,1409,1,815,828,823
CTRIA3,1410,1,814,820,829
CTRIA3,1411,1,814,829,830
CTRIA3,1412,1,817,824,831
CTRIA3,1413,1,817,831,822
CTRIA3,1414,1,819,818,832
CTRIA3,1415,1,819,832,833
CTRIA3,1416,1,819,833,821
CTRIA3,1417,1,818,826,832
CTRIA3,1418,1,823,828,826
CTRIA3,1419,1,820,822,834
CTRIA3,1420,1,820,834,829
CTRIA3,1421,1,821,833,835
CTRIA3,1422,1,821,835,827
CTRIA3,1423,1,824,825,836
CTRIA3,1424,1,824,836,831
CTRIA3,1425,1,822,831,837
CTRIA3,1426,1,822,837,834
CTRIA3,1427,1,825,827,838
CTRIA3,1428,1,825,838,836
CTRIA3,1429,1,826,828,839
CTRIA3,1430,1,826,839,840
CTRIA3,1431,1,826,840,832
CTRIA3,1432,1,832,841,833
CTRIA3,1433,1,832,840,841
CTRIA3,1434,1,833,841,842
CTRIA3,1435,1,833,842,835
CTRIA3,1436,1,827,835,843
CTRIA3,1437,1,827,843,838
CTRIA3,1438,1,831,836,844
CTRIA3,1439,1,831,844,837
CTRIA3,1440,1,828,845,839
CTRIA3,1441,1,830,829,846
CTRIA3,1442,1,835,842,843
CTRIA3,1443,1,834,837,847
CTRIA3,1444,1,834,847,829
CTRIA3,1445,1,829,847,848
CTRIA3,1446,1,829,848,846
CTRIA3,1447,1,836,838,849
CTRIA3,1448,1,836,849,844
CTRIA3,1449,1,838,843,850
CTRIA3,1450,1,838,850,849
CTRIA3,1451,1,837,844,851
CTRIA3,1452,1,837,851,852
CTRIA3,1453,1,837,852,847
CTRIA3,1454,1,839,845,853
CTRIA3,1455,1,839,853,854
CTRIA3,1456,1,839,854,840
CTRIA3,1457,1,841,840,855
CTRIA3,1458,1,841,856,842
CTRIA3,1459,1,841,855,856
CTRIA3,1460,1,840,854,855
CTRIA3,1461,1,842,856,857
CTRIA3,1462,1,842,857,843
CTRIA3,1463,1,843,857,850
CTRIA3,1464,1,844,849,858
CTRIA3,1465,1,844,858,851
CTRIA3,1466,1,845,859,853
CTRIA3,1467,1,846,848,860
CTRIA3,1468,1,847,852,861
CTRIA3,1469,1,847,861,848
CTRIA3,1470,1,849,850,862
CTRIA3,1471,1,849,862,858
CTRIA3,1472,1,848,861,863
CTRIA3,1473,1,848,863,860
CTRIA3,1474,1,856,855,864
CTRIA3,1475,1,856,864,857
CTRIA3,1476,1,850,857,865
CTRIA3,1477,1,850,865,862
CTRIA3,1478,1,855,854,866
CTRIA3,1479,1,855,866,864
CTRIA3,1480,1,853,859,867
CTRIA3,1481,1,853,867,868
CTRIA3,1482,1,853,868,854
CTRIA3,1483,1,851,858,869
CTRIA3,1484,1,851,870,852
CTRIA3,1485,1,851,869,870
CTRIA3,1486,1,852,870,871
CTRIA3,1487,1,852,871,861
CTRIA3,1488,1,854,868,866
CTRIA3,1489,1,857,864,872
CTRIA3,1490,1,857,872,865
CTRIA3,1491,1,860,863,873
CTRIA3,1492,1,858,862,874
CTRIA3,1493,1,858,874,869
CTRIA3,1494,1,861,871,875
CTRIA3,1495,1,861,875,863
CTRIA3,1496,1,862,865,874
CTRIA3,1497,1,863,875,873
CTRIA3,1498,1,864,866,876
CTRIA3,1499,1,864,876,872
CTRIA3,1500,1,870,869,877
CTRIA3,1501,1,870,877,871
CTRIA3,1502,1,867,878,868
CTRIA3,1503,1,868,879,866
CTRIA3,1504,1,868,878,879
CTRIA3,1505,1,866,880,876
CTRIA3,1506,1,866,879,880
CTRIA3,1507,1,876,881,872
CTRIA3,1508,1,876,880,881
CTRIA3,1509,1,872,882,865
CTRIA3,1510,1,872,881,882
CTRIA3,1511,1,865,882,883
CTRIA3,1512,1,865,884,874
CTRIA3,1513,1,865,885,884
CTRIA3,1514,1,865,883,885
CTRIA3,1515,1,874,884,869
CTRIA3,1516,1,869,884,886
CTRIA3,1517,1,869,886,877
CTRIA3,1518,1,877,887,871
CTRIA3,1519,1,877,886,888
CTRIA3,1520,1,877,888,887
CTRIA3,1521,1,871,887,875
CTRIA3,1522,1,875,889,873
CTRIA3,1523,1,875,887,889
CTRIA3,1524,1,873,889,890
CTRIA3,1525,1,889,887,891
CTRIA3,1526,1,889,891,890
CTRIA3,1527,1,882,881,892
CTRIA3,1528,1,882,892,883
CTRIA3,1529,1,884,885,893
CTRIA3,1530,1,884,893,886
CTRIA3,1531,1,887,888,894
CTRIA3,1532,1,887,894,891
CTRIA3,1533,1,881,880,895
CTRIA3,1534,1,881,895,892
CTRIA3,1535,1,880,879,896
CTRIA3,1536,1,880,896,895
CTRIA3,1537,1,879,878,897
CTRIA3,1538,1,879,897,896
CTRIA3,1539,1,890,891,898
CTRIA3,1540,1,886,893,899
CTRIA3,1541,1,886,899,888
CTRIA3,1542,1,885,883,900
CTRIA3,1543,1,885,900,901
CTRIA3,1544,1,885,901,893
CTRIA3,1545,1,883,892,902
CTRIA3,1546,1,883,902,900
CTRIA3,1547,1,888,899,903
CTRIA3,1548,1,888,903,894
CTRIA3,1549,1,891,894,904
CTRIA3,1550,1,891,904,898
CTRIA3,1551,1,892,895,905
CTRIA3,1552,1,892,905,902
CTRIA3,1553,1,895,896,906
CTRIA3,1554,1,895,906,905
CTRIA3,1555,1,893,901,907
CTRIA3,1556,1,893,907,899
CTRIA3,1557,1,896,897,908
CTRIA3,1558,1,896,908,906
CTRIA3,1559,1,898,904,909
CTRIA3,1560,1,897,910,908
CTRIA3,1561,1,894,903,911
CTRIA3,1562,1,894,911,904
CTRIA3,1563,1,899,907,912
CTRIA3,1564,1,899,912,903
CTRIA3,1565,1,900,902,913
CTRIA3,1566,1,900,913,901
CTRIA3,1567,1,904,911,914
CTRIA3,1568,1,904,914,909
CTRIA3,1569,1,902,905,915
CTRIA3,1570,1,902,915,913
CTRIA3,1571,1,901,913,916
CTRIA3,1572,1,901,916,907
CTRIA3,1573,1,903,912,917
CTRIA3,1574,1,903,917,911
CTRIA3,1575,1,905,906,918
CTRIA3,1576,1,905,918,915
CTRIA3,1577,1,906,908,919
CTRIA3,1578,1,906,919,918
CTRIA3,1579,1,908,910,920
CTRIA3,1580,1,908,920,919
CTRIA3,1581,1,907,916,921
CTRIA3,1582,1,907,921,912
CTRIA3,1583,1,909,914,922
CTRIA3,1584,1,911,917,923
CTRIA3,1585,1,911,923,914
CTRIA3,1586,1,913,915,924
CTRIA3,1587,1,913,924,916
CTRIA3,1588,1,912,921,925
CTRIA3,1589,1,912,925,917
CTRIA3,1590,1,914,923,926
CTRIA3,1591,1,914,926,922
CTRIA3,1592,1,915,918,927
CTRIA3,1593,1,915,927,924
CTRIA3,1594,1,916,924,928
CTRIA3,1595,1,916,928,921
CTRIA3,1596,1,919,920,929
CTRIA3,1597,1,919,929,918
CTRIA3,1598,1,917,925,930
CTRIA3,1599,1,917,930,923
CTRIA3,1600,1,921,928,925
CTRIA3,1601,1,922,926,931
CTRIA3,1602,1,920,932,929
CTRIA3,1603,1,923,930,933
CTRIA3,1604,1,923,933,926
CTRIA3,1605,1,918,929,934
CTRIA3,1606,1,918,934,927
CTRIA3,1607,1,926,933,931
CTRIA3,1608,1,924,927,935
CTRIA3,1609,1,924,935,928
CTRIA3,1610,1,925,928,936
CTRIA3,1611,1,925,937,930
CTRIA3,1612,1,925,936,937
CTRIA3,1613,1,929,932,938
CTRIA3,1614,1,929,938,934
CTRIA3,1615,1,928,935,936
CTRIA3,1616,1,930,937,939
CTRIA3,1617,1,930,939,933
CTRIA3,1618,1,933,940,931
CTRIA3,1619,1,933,939,940
CTRIA3,1620,1,927,934,941
CTRIA3,1621,1,927,941,935
CTRIA3,1622,1,931,940,942
CTRIA3,1623,1,932,943,938
CTRIA3,1624,1,935,941,944
CTRIA3,1625,1,935,944,936
CTRIA3,1626,1,938,943,945
CTRIA3,1627,1,938,945,934
CTRIA3,1628,1,934,945,946
CTRIA3,1629,1,934,946,941
CTRIA3,1630,1,940,939,947
CTRIA3,1631,1,940,947,942
CTRIA3,1632,1,937,936,948
CTRIA3,1633,1,937,948,949
CTRIA3,1634,1,937,949,939
CTRIA3,1635,1,939,949,947
CTRIA3,1636,1,936,944,950
CTRIA3,1637,1,936,950,948
CTRIA3,1638,1,942,947,951
CTRIA3,1639,1,943,952,945
CTRIA3,1640,1,941,946,953
CTRIA3,1641,1,941,953,944
CTRIA3,1642,1,945,952,954
CTRIA3,1643,1,945,954,946
CTRIA3,1644,1,948,950,955
CTRIA3,1645,1,948,955,956
CTRIA3,1646,1,948,956,949
CTRIA3,1647,1,944,953,957
CTRIA3,1648,1,944,957,950
CTRIA3,1649,1,949,956,958
CTRIA3,1650,1,949,958,947
CTRIA3,1651,1,947,958,959
CTRIA3,1652,1,947,959,951
CTRIA3,1653,1,952,960,954
CTRIA3,1654,1,946,954,961
CTRIA3,1655,1,946,961,953
CTRIA3,1656,1,950,957,962
CTRIA3,1657,1,950,962,955
CTRIA3,1658,1,954,960,961
CTRIA3,1659,1,955,962,963
CTRIA3,1660,1,955,963,956
CTRIA3,1661,1,956,963,964
CTRIA3,1662,1,956,964,958
CTRIA3,1663,1,953,961,965
CTRIA3,1664,1,953,966,957
CTRIA3,1665,1,953,965,966
CTRIA3,1666,1,958,964,967
CTRIA3,1667,1,958,967,959
CTRIA3,1668,1,957,968,962
CTRIA3,1669,1,957,966,968
CTRIA3,1670,1,959,967,969
CTRIA3,1671,1,960,970,961
CTRIA3,1672,1,962,968,971
CTRIA3,1673,1,962,971,963
CTRIA3,1674,1,961,970,972
CTRIA3,1675,1,961,972,965
CTRIA3,1676,1,963,971,973
CTRIA3,1677,1,963,973,964
CTRIA3,1678,1,964,973,974
CTRIA3,1679,1,964,974,967
CTRIA3,1680,1,968,966,975
CTRIA3,1681,1,968,975,971
CTRIA3,1682,1,966,965,976
CTRIA3,1683,1,966,976,975
CTRIA3,1684,1,967,974,977
CTRIA3,1685,1,967,978,969
CTRIA3,1686,1,967,977,978
CTRIA3,1687,1,970,979,972
CTRIA3,1688,1,965,972,980
CTRIA3,1689,1,965,980,976
CTRIA3,1690,1,971,975,981
CTRIA3,1691,1,971,981,973
CTRIA3,1692,1,973,981,982
CTRIA3,1693,1,973,982,974
CTRIA3,1694,1,972,979,980
CTRIA3,1695,1,974,982,983
CTRIA3,1696,1,974,983,977
CTRIA3,1697,1,975,976,984
CTRIA3,1698,1,975,984,981
CTRIA3,1699,1,978,977,985
CTRIA3,1700,1,976,980,986
CTRIA3,1701,1,976,986,984
CTRIA3,1702,1,979,987,980
CTRIA3,1703,1,977,983,988
CTRIA3,1704,1,977,988,985
CTRIA3,1705,1,981,984,989
CTRIA3,1706,1,981,990,982
CTRIA3,1707,1,981,989,990
CTRIA3,1708,1,982,990,991
CTRIA3,1709,1,982,991,983
CTRIA3,1710,1,980,987,992
CTRIA3,1711,1,980,992,986
CTRIA3,1712,1,983,991,988
CTRIA3,1713,1,984,986,993
CTRIA3,1714,1,984,993,989
CTRIA3,1715,1,985,988,994
CTRIA3,1716,1,987,995,992
CTRIA3,1717,1,986,992,996
CTRIA3,1718,1,986,996,993
CTRIA3,1719,1,990,989,997
CTRIA3,1720,1,990,997,998
CTRIA3,1721,1,990,998,991
CTRIA3,1722,1,988,991,999
CTRIA3,1723,1,988,999,1000
CTRIA3,1724,1,988,1000,994
CTRIA3,1725,1,991,998,999
CTRIA3,1726,1,989,993,1001
CTRIA3,1727,1,989,1001,997
CTRIA3,1728,1,992,995,1002
CTRIA3,1729,1,992,1002,996
CTRIA3,1730,1,994,1000,1003
CTRIA3,1731,1,993,996,1004
CTRIA3,1732,1,993,1004,1001
CTRIA3,1733,1,997,1001,1005
CTRIA3,1734,1,997,1005,998
CTRIA3,1735,1,998,1005,1006
CTRIA3,1736,1,998,1006,999
CTRIA3,1737,1,999,1006,1007
CTRIA3,1738,1,999,1007,1000
CTRIA3,1739,1,1000,1007,1003
CTRIA3,1740,1,1001,1004,1008
CTRIA3,1741,1,1001,1008,1005
CTRIA3,1742,1,996,1002,1009
CTRIA3,1743,1,996,1009,1010
CTRIA3,1744,1,996,1010,1004
CTRIA3,1745,1,1003,1007,1011
CTRIA3,1746,1,1005,1008,1012
CTRIA3,1747,1,1005,1012,1006
CTRIA3,1748,1,1006,1013,1007
CTRIA3,1749,1,1006,1012,1013
CTRIA3,1750,1,1004,1010,1014
CTRIA3,1751,1,1004,1014,1008
CTRIA3,1752,1,1007,1013,1015
CTRIA3,1753,1,1007,1015,1011
CTRIA3,1754,1,1008,1014,1016
CTRIA3,1755,1,1008,1016,1012
CTRIA3,1756,1,1011,1015,1017
CTRIA3,1757,1,1009,1018,1010
CTRIA3,1758,1,1013,1012,1019
CTRIA3,1759,1,1013,1019,1015
CTRIA3,1760,1,1012,1016,1019
CTRIA3,1761,1,1010,1018,1020
CTRIA3,1762,1,1010,1020,1014
CTRIA3,1763,1,1015,1019,1021
CTRIA3,1764,1,1015,1021,1017
CTRIA3,1765,1,1014,1020,1022
CTRIA3,1766,1,1014,1022,1016
CTRIA3,1767,1,1019,1016,1023
CTRIA3,1768,1,1019,1023,1021
CTRIA3,1769,1,1017,1021,1024
CTRIA3,1770,1,1018,1025,1020
CTRIA3,1771,1,1016,1022,1026
CTRIA3,1772,1,1016,1026,1023
CTRIA3,1773,1,1020,1025,1027
CTRIA3,1774,1,1020,1027,1022
CTRIA3,1775,1,1021,1023,1028
CTRIA3,1776,1,1021,1028,1024
CTRIA3,1777,1,1022,1027,1029
CTRIA3,1778,1,1022,1029,1026
CTRIA3,1779,1,1024,1028,1030
CTRIA3,1780,1,1023,1026,1031
CTRIA3,1781,1,1023,1031,1032
CTRIA3,1782,1,1023,1032,1028
CTRIA3,1783,1,1025,1033,1027
CTRIA3,1784,1,1026,1029,1034
CTRIA3,1785,1,1026,1034,1031
CTRIA3,1786,1,1028,1032,1035
CTRIA3,1787,1,1028,1035,1030
CTRIA3,1788,1,1027,1033,1036
CTRIA3,1789,1,1027,1036,1029
CTRIA3,1790,1,1029,1036,1037
CTRIA3,1791,1,1029,1037,1034
CTRIA3,1792,1,1030,1035,1038
CTRIA3,1793,1,1033,1039,1036
CTRIA3,1794,1,1031,1034,1040
CTRIA3,1795,1,1031,1041,1032
CTRIA3,1796,1,1031,1040,1041
CTRIA3,1797,1,1032,1041,1042
CTRIA3,1798,1,1032,1042,1035
CTRIA3,1799,1,1034,1037,1040
CTRIA3,1800,1,1035,1042,1038
CTRIA3,1801,1,1036,1039,598
CTRIA3,1802,1,1036,598,1043
CTRIA3,1803,1,1036,1043,1037
CTRIA3,1804,1,1038,1042,596
CTRIA3,1805,1,1037,1043,592
CTRIA3,1806,1,1037,592,1040
CTRIA3,1807,1,1041,1040,601
CTRIA3,1808,1,1041,601,597
CTRIA3,1809,1,1041,597,1042
CTRIA3,1810,1,1040,592,601
CTRIA3,1811,1,1042,597,589
CTRIA3,1812,1,1042,589,596
CTRIA3,1813,1,598,591,1044
CTRIA3,1814,1,598,1044,1045
CTRIA3,1815,1,591,592,1046
CTRIA3,1816,1,591,1046,1044
CTRIA3,1817,1,592,601,1047
CTRIA3,1818,1,592,1047,1046
CTRIA3,1819,1,601,597,1048
CTRIA3,1820,1,601,1048,1047
CTRIA3,1821,1,597,589,1049
CTRIA3,1822,1,597,1049,1048
CTRIA3,1823,1,589,596,1050
CTRIA3,1824,1,589,1050,1049
CTRIA3,1825,1,606,607,1051
CTRIA3,1826,1,606,1051,609
CTRIA3,1827,1,1047,1048,1052
CTRIA3,1828,1,1047,1052,1053
CTRIA3,1829,1,1047,1053,1046
CTRIA3,1830,1,1048,1049,1054
CTRIA3,1831,1,1048,1054,1052
CTRIA3,1832,1,609,1051,1055
CTRIA3,1833,1,609,1055,611
CTRIA3,1834,1,1046,1053,1056
CTRIA3,1835,1,1046,1056,1044
CTRIA3,1836,1,1049,1050,1057
CTRIA3,1837,1,1049,1057,1054
CTRIA3,1838,1,615,616,1058
CTRIA3,1839,1,615,1058,1059
CTRIA3,1840,1,1050,1060,1057
CTRIA3,1841,1,607,1061,1051
CTRIA3,1842,1,1045,1044,1062
CTRIA3,1843,1,1044,1056,1063
CTRIA3,1844,1,1044,1063,1062
CTRIA3,1845,1,613,611,1064
CTRIA3,1846,1,613,1065,616
CTRIA3,1847,1,613,1064,1065
CTRIA3,1848,1,611,1055,1066
CTRIA3,1849,1,611,1066,1064
CTRIA3,1850,1,616,1065,1058
CTRIA3,1851,1,1052,1054,1067
CTRIA3,1852,1,1052,1067,1053
CTRIA3,1853,1,1051,1061,1068
CTRIA3,1854,1,1051,1068,1055
CTRIA3,1855,1,1053,1067,1069
CTRIA3,1856,1,1053,1069,1056
CTRIA3,1857,1,1054,1057,1070
CTRIA3,1858,1,1054,1070,1067
CTRIA3,1859,1,1056,1069,1071
CTRIA3,1860,1,1056,1071,1063
CTRIA3,1861,1,1057,1060,1072
CTRIA3,1862,1,1057,1072,1070
CTRIA3,1863,1,1055,1068,1073
CTRIA3,1864,1,1055,1073,1066
CTRIA3,1865,1,1059,1058,1074
CTRIA3,1866,1,1060,1075,1072
CTRIA3,1867,1,1061,1076,1068
CTRIA3,1868,1,1062,1063,1077
CTRIA3,1869,1,1058,1065,1078
CTRIA3,1870,1,1058,1078,1074
CTRIA3,1871,1,1065,1064,1079
CTRIA3,1872,1,1065,1079,1078
CTRIA3,1873,1,1063,1071,1077
CTRIA3,1874,1,1064,1066,1080
CTRIA3,1875,1,1064,1080,1079
CTRIA3,1876,1,1066,1073,1080
CTRIA3,1877,1,1067,1070,1081
CTRIA3,1878,1,1067,1081,1082
CTRIA3,1879,1,1067,1082,1069
CTRIA3,1880,1,1070,1072,1081
CTRIA3,1881,1,1069,1082,1083
CTRIA3,1882,1,1069,1083,1071
CTRIA3,1883,1,1068,1076,1084
CTRIA3,1884,1,1068,1084,1073
CTRIA3,1885,1,1071,1083,1085
CTRIA3,1886,1,1071,1085,1077
CTRIA3,1887,1,1072,1075,1086
CTRIA3,1888,1,1072,1086,1081
CTRIA3,1889,1,1078,1079,1087
CTRIA3,1890,1,1078,1087,1074
CTRIA3,1891,1,1073,1084,1088
CTRIA3,1892,1,1073,1088,1080
CTRIA3,1893,1,1074,1087,1089
CTRIA3,1894,1,1075,1090,1086
CTRIA3,1895,1,1076,1091,1084
CTRIA3,1896,1,1077,1085,1092
CTRIA3,1897,1,1081,1086,1093
CTRIA3,1898,1,1081,1093,1082
CTRIA3,1899,1,1079,1080,1094
CTRIA3,1900,1,1079,1094,1087
CTRIA3,1901,1,1082,1093,1095
CTRIA3,1902,1,1082,1095,1083
CTRIA3,1903,1,1083,1095,1085
CTRIA3,1904,1,1080,1088,1096
CTRIA3,1905,1,1080,1096,1094
CTRIA3,1906,1,1084,1091,1097
CTRIA3,1907,1,1084,1097,1088
CTRIA3,1908,1,1086,1090,1098
CTRIA3,1909,1,1086,1098,1093
CTRIA3,1910,1,1085,1095,1099
CTRIA3,1911,1,1085,1100,1092
CTRIA3,1912,1,1085,1099,1100
CTRIA3,1913,1,1093,1098,1101
CTRIA3,1914,1,1093,1101,1095
CTRIA3,1915,1,1088,1097,1102
CTRIA3,1916,1,1088,1102,1096
CTRIA3,1917,1,1087,1094,1103
CTRIA3,1918,1,1087,1104,1089
CTRIA3,1919,1,1087,1103,1104
CTRIA3,1920,1,1095,1101,1099
CTRIA3,1921,1,1089,1104,1105
CTRIA3,1922,1,1090,1106,1098
CTRIA3,1923,1,1091,1107,1097
CTRIA3,1924,1,1092,1100,1108
CTRIA3,1925,1,1094,1096,1109
CTRIA3,1926,1,1094,1109,1103
CTRIA3,1927,1,1096,1102,1110
CTRIA3,1928,1,1096,1110,1109
CTRIA3,1929,1,1100,1099,1111
CTRIA3,1930,1,1100,1111,1108
CTRIA3,1931,1,1098,1106,1112
CTRIA3,1932,1,1098,1113,1101
CTRIA3,1933,1,1098,1112,1113
CTRIA3,1934,1,1097,1107,1114
CTRIA3,1935,1,1097,1115,1102
CTRIA3,1936,1,1097,1114,1115
CTRIA3,1937,1,1099,1101,1116
CTRIA3,1938,1,1099,1116,1111
CTRIA3,1939,1,1101,1113,1116
CTRIA3,1940,1,1102,1115,1110
CTRIA3,1941,1,1104,1103,1117
CTRIA3,1942,1,1104,1118,1105
CTRIA3,1943,1,1104,1117,1118
CTRIA3,1944,1,1105,1118,1119
CTRIA3,1945,1,1106,1120,1112
CTRIA3,1946,1,1107,1121,1114
CTRIA3,1947,1,1108,1111,1122
CTRIA3,1948,1,1103,1109,1123
CTRIA3,1949,1,1103,1123,1117
CTRIA3,1950,1,1109,1110,1124
CTRIA3,1951,1,1109,1124,1123
CTRIA3,1952,1,1110,1115,1125
CTRIA3,1953,1,1110,1125,1124
CTRIA3,1954,1,1118,1117,1126
CTRIA3,1955,1,1118,1126,1119
CTRIA3,1956,1,1111,1116,1127
CTRIA3,1957,1,1111,1127,1128
CTRIA3,1958,1,1111,1128,1122
CTRIA3,1959,1,1113,1112,1129
CTRIA3,1960,1,1113,1130,1116
CTRIA3,1961,1,1113,1129,1130
CTRIA3,1962,1,1116,1130,1127
CTRIA3,1963,1,1115,1114,1131
CTRIA3,1964,1,1115,1131,1125
CTRIA3,1965,1,1112,1120,1132
CTRIA3,1966,1,1112,1132,1129
CTRIA3,1967,1,1117,1123,1133
CTRIA3,1968,1,1117,1133,1126
CTRIA3,1969,1,1114,1121,1134
CTRIA3,1970,1,1114,1134,1131
CTRIA3,1971,1,1119,1126,1135
CTRIA3,1972,1,1120,1136,1132
CTRIA3,1973,1,1121,1137,1134
CTRIA3,1974,1,1122,1128,1138
CTRIA3,1975,1,1123,1124,1139
CTRIA3,1976,1,1123,1139,1133
CTRIA3,1977,1,1126,1133,1140
CTRIA3,1978,1,1126,1140,1135
CTRIA3,1979,1,1124,1125,1141
CTRIA3,1980,1,1124,1141,1139
CTRIA3,1981,1,1125,1131,1142
CTRIA3,1982,1,1125,1142,1141
CTRIA3,1983,1,1130,1129,1143
CTRIA3,1984,1,1130,1143,1144
CTRIA3,1985,1,1130,1144,1127
CTRIA3,1986,1,1132,1136,1145
CTRIA3,1987,1,1132,1145,1129
CTRIA3,1988,1,1127,1144,1146
CTRIA3,1989,1,1127,1146,1128
CTRIA3,1990,1,1131,1134,1147
CTRIA3,1991,1,1131,1147,1142
CTRIA3,1992,1,1133,1139,1148
CTRIA3,1993,1,1133,1148,1140
CTRIA3,1994,1,1129,1145,1149
CTRIA3,1995,1,1129,1149,1143
CTRIA3,1996,1,1128,1146,1150
CTRIA3,1997,1,1128,1150,1138
CTRIA3,1998,1,1134,1137,1151
CTRIA3,1999,1,1134,1151,1147
CTRIA3,2000,1,1135,1140,1152
CTRIA3,2001,1,1136,1153,1145
CTRIA3,2002,1,1139,1141,1154
CTRIA3,2003,1,1139,1154,1148
CTRIA3,2004,1,1140,1148,1155
CTRIA3,2005,1,1140,1155,1152
CTRIA3,2006,1,1141,1142,1156
CTRIA3,2007,1,1141,1156,1154
CTRIA3,2008,1,1143,1149,1157
CTRIA3,2009,1,1143,1157,1144
CTRIA3,2010,1,1145,1153,1158
CTRIA3,2011,1,1145,1158,1149
CTRIA3,2012,1,1142,1147,1159
CTRIA3,2013,1,1142,1159,1156
CTRIA3,2014,1,1144,1157,1160
CTRIA3,2015,1,1144,1160,1146
CTRIA3,2016,1,1148,1154,1161
CTRIA3,2017,1,1148,1161,1155
CTRIA3,2018,1,1147,1151,1162
CTRIA3,2019,1,1147,1162,1159
CTRIA3,2020,1,1146,1163,1150
CTRIA3,2021,1,1146,1160,1163
CTRIA3,2022,1,1149,1158,1164
CTRIA3,2023,1,1149,1164,1157
CTRIA3,2024,1,1152,1155,1165
CTRIA3,2025,1,1153,1166,1158
CTRIA3,2026,1,1151,1167,1162
CTRIA3,2027,1,1154,1156,1168
CTRIA3,2028,1,1154,1168,1161
CTRIA3,2029,1,1155,1161,1165
CTRIA3,2030,1,1158,1166,1169
CTRIA3,2031,1,1158,1169,1164
CTRIA3,2032,1,1156,1159,1170
CTRIA3,2033,1,1156,1170,1168
CTRIA3,2034,1,1157,1164,1171
CTRIA3,2035,1,1157,1171,1160
CTRIA3,2036,1,1159,1162,1172
CTRIA3,2037,1,1159,1172,1170
CTRIA3,2038,1,1162,1167,1173
CTRIA3,2039,1,1162,1173,1172
CTRIA3,2040,1,1165,1161,1174
CTRIA3,2041,1,1166,1175,1169
CTRIA3,2042,1,1163,1160,1176
CTRIA3,2043,1,1161,1168,1177
CTRIA3,2044,1,1161,1177,1174
CTRIA3,2045,1,1164,1169,1178
CTRIA3,2046,1,1164,1178,1171
CTRIA3,2047,1,1160,1171,1179
CTRIA3,2048,1,1160,1179,1176
CTRIA3,2049,1,1168,1170,1180
CTRIA3,2050,1,1168,1180,1177
CTRIA3,2051,1,1169,1175,1181
CTRIA3,2052,1,1169,1181,1178
CTRIA3,2053,1,1170,1172,1182
CTRIA3,2054,1,1170,1182,1180
CTRIA3,2055,1,1171,1178,1183
CTRIA3,2056,1,1171,1183,1179
CTRIA3,2057,1,1172,1173,1184
CTRIA3,2058,1,1172,1184,1182
CTRIA3,2059,1,1174,1177,1185
CTRIA3,2060,1,1175,1186,1187
CTRIA3,2061,1,1175,1187,1181
CTRIA3,2062,1,1173,1188,1184
CTRIA3,2063,1,1176,1179,1189
CTRIA3,2064,1,1178,1181,1190
CTRIA3,2065,1,1178,1190,1183
CTRIA3,2066,1,1177,1180,1191
CTRIA3,2067,1,1177,1191,1185
CTRIA3,2068,1,1179,1183,1192
CTRIA3,2069,1,1179,1192,1189
CTRIA3,2070,1,1181,1187,1190
CTRIA3,2071,1,1180,1182,1193
CTRIA3,2072,1,1180,1193,1191
CTRIA3,2073,1,1182,1184,1194
CTRIA3,2074,1,1182,1194,1195
CTRIA3,2075,1,1182,1195,1193
CTRIA3,2076,1,1183,1190,1196
CTRIA3,2077,1,1183,1197,1192
CTRIA3,2078,1,1183,1196,1197
CTRIA3,2079,1,1184,1188,1198
CTRIA3,2080,1,1184,1198,1194
CTRIA3,2081,1,1185,1191,1199
CTRIA3,2082,1,1185,1199,1200
CTRIA3,2083,1,1186,1201,1187
CTRIA3,2084,1,1188,1202,1198
CTRIA3,2085,1,1189,1192,1203
CTRIA3,2086,1,1190,1187,1204
CTRIA3,2087,1,1190,1204,1196
CTRIA3,2088,1,1187,1205,1204
CTRIA3,2089,1,1187,1201,1205
CTRIA3,2090,1,1191,1193,1206
CTRIA3,2091,1,1191,1206,1199
CTRIA3,2092,1,1193,1195,1206
CTRIA3,2093,1,1192,1207,1203
CTRIA3,2094,1,1192,1197,1207
CTRIA3,2095,1,1202,1208,1198
CTRIA3,2096,1,1202,1209,1208
CTRIA3,2097,1,1210,1211,1212
CTRIA3,2098,1,1210,1212,1198
CTRIA3,2099,1,1198,1208,1194
CTRIA3,2100,1,1198,1212,1213
CTRIA3,2101,1,1198,1213,1194
CTRIA3,2102,1,1194,1208,1214
CTRIA3,2103,1,1194,1214,1195
CTRIA3,2104,1,1194,1215,1195
CTRIA3,2105,1,1194,1213,1215
CTRIA3,2106,1,1195,1215,1206
CTRIA3,2107,1,1195,1214,1216
CTRIA3,2108,1,1195,1217,1206
CTRIA3,2109,1,1195,1216,1217
CTRIA3,2110,1,1206,1218,1199
CTRIA3,2111,1,1206,1215,1218
CTRIA3,2112,1,1206,1219,1199
CTRIA3,2113,1,1206,1217,1219
CTRIA3,2114,1,1199,1220,1200
CTRIA3,2115,1,1199,1218,1220
CTRIA3,2116,1,1199,1221,1200
CTRIA3,2117,1,1199,1219,1221
CTRIA3,2118,1,1211,1222,1212
CTRIA3,2119,1,1220,1218,1223
CTRIA3,2120,1,1212,1222,1224
CTRIA3,2121,1,1212,1224,1213
CTRIA3,2122,1,1218,1215,1225
CTRIA3,2123,1,1218,1225,1223
CTRIA3,2124,1,1215,1213,1226
CTRIA3,2125,1,1215,1226,1225
CTRIA3,2126,1,1213,1224,1227
CTRIA3,2127,1,1213,1227,1226
CTRIA3,2128,1,1222,1228,1224
CTRIA3,2129,1,1223,1225,1229
CTRIA3,2130,1,1224,1228,1230
CTRIA3,2131,1,1224,1230,1227
CTRIA3,2132,1,1225,1226,1231
CTRIA3,2133,1,1225,1232,1229
CTRIA3,2134,1,1225,1231,1232
CTRIA3,2135,1,1226,1227,1233
CTRIA3,2136,1,1226,1233,1231
CTRIA3,2137,1,1227,1230,1234
CTRIA3,2138,1,1227,1234,1233
CTRIA3,2139,1,1228,1235,1230
CTRIA3,2140,1,1229,1232,1236
CTRIA3,2141,1,1230,1235,1237
CTRIA3,2142,1,1230,1237,1234
CTRIA3,2143,1,1232,1231,1238
CTRIA3,2144,1,1232,1239,1236
CTRIA3,2145,1,1232,1238,1239
CTRIA3,2146,1,1231,1233,1240
CTRIA3,2147,1,1231,1240,1238
CTRIA3,2148,1,1235,1241,1237
CTRIA3,2149,1,1233,1234,1242
CTRIA3,2150,1,1233,1242,1240
CTRIA3,2151,1,1234,1237,1242
CTRIA3,2152,1,1237,1241,1243
CTRIA3,2153,1,1237,1243,1242
CTRIA3,2154,1,1241,1244,1243
CTRIA3,2155,1,1239,1238,1245
CTRIA3,2156,1,1242,1243,1246
CTRIA3,2157,1,1242,1246,1240
CTRIA3,2158,1,1240,1246,1247
CTRIA3,2159,1,1240,1247,1238
CTRIA3,2160,1,1238,1247,1248
CTRIA3,2161,1,1238,1248,1245
CTRIA3,2162,1,1243,1244,1249
CTRIA3,2163,1,1243,1249,1250
CTRIA3,2164,1,1243,1250,1246
CTRIA3,2165,1,1245,1248,1251
CTRIA3,2166,1,1246,1250,1252
CTRIA3,2167,1,1246,1252,1247
CTRIA3,2168,1,1247,1252,1253
CTRIA3,2169,1,1247,1253,1248
CTRIA3,2170,1,1248,1253,1254
CTRIA3,2171,1,1248,1254,1251
CTRIA3,2172,1,1249,1255,1256
CTRIA3,2173,1,1249,1256,1250
CTRIA3,2174,1,1250,1257,1252
CTRIA3,2175,1,1250,1256,1257
CTRIA3,2176,1,1251,1254,1258
CTRIA3,2177,1,1252,1257,1259
CTRIA3,2178,1,1252,1259,1253
CTRIA3,2179,1,1253,1259,1260
CTRIA3,2180,1,1253,1260,1254
CTRIA3,2181,1,1254,1260,1261
CTRIA3,2182,1,1254,1261,1258
CTRIA3,2183,1,1257,1256,1262
CTRIA3,2184,1,1257,1262,1263
CTRIA3,2185,1,1257,1263,1259
CTRIA3,2186,1,1255,1264,1256
CTRIA3,2187,1,1258,1261,1265
CTRIA3,2188,1,1259,1263,1266
CTRIA3,2189,1,1259,1266,1260
CTRIA3,2190,1,1256,1264,1267
CTRIA3,2191,1,1256,1267,1262
CTRIA3,2192,1,1260,1268,1261
CTRIA3,2193,1,1260,1266,1268
CTRIA3,2194,1,1261,1268,1269
CTRIA3,2195,1,1261,1269,1265
CTRIA3,2196,1,1262,1267,1270
CTRIA3,2197,1,1262,1270,1263
CTRIA3,2198,1,1264,1271,1267
CTRIA3,2199,1,1265,1269,1272
CTRIA3,2200,1,1263,1270,1273
CTRIA3,2201,1,1263,1273,1266
CTRIA3,2202,1,1268,1266,1274
CTRIA3,2203,1,1268,1274,1269
CTRIA3,2204,1,1266,1273,1274
CTRIA3,2205,1,1269,1274,1275
CTRIA3,2206,1,1269,1275,1272
CTRIA3,2207,1,1267,1271,1276
CTRIA3,2208,1,1267,1276,1277
CTRIA3,2209,1,1267,1277,1270
CTRIA3,2210,1,1271,1278,1276
CTRIA3,2211,1,1272,1275,1279
CTRIA3,2212,1,1270,1277,1280
CTRIA3,2213,1,1270,1280,1273
CTRIA3,2214,1,1273,1280,1281
CTRIA3,2215,1,1273,1281,1274
CTRIA3,2216,1,1274,1281,1282
CTRIA3,2217,1,1274,1282,1275
CTRIA3,2218,1,1276,1278,1277
CTRIA3,2219,1,1275,1283,1279
CTRIA3,2220,1,1275,1282,1283
CTRIA3,2221,1,1278,1284,1277
CTRIA3,2222,1,1279,1283,1285
CTRIA3,2223,1,1277,1284,1286
CTRIA3,2224,1,1277,1286,1287
CTRIA3,2225,1,1277,1287,1280
CTRIA3,2226,1,1280,1287,1288
CTRIA3,2227,1,1280,1288,1281
CTRIA3,2228,1,1281,1289,1282
CTRIA3,2229,1,1281,1288,1289
CTRIA3,2230,1,1283,1282,1290
CTRIA3,2231,1,1283,1290,1285
CTRIA3,2232,1,1282,1289,1291
CTRIA3,2233,1,1282,1291,1290
CTRIA3,2234,1,1284,1292,1286
CTRIA3,2235,1,1285,1290,1293
CTRIA3,2236,1,1290,1291,1294
CTRIA3,2237,1,1290,1294,1293
CTRIA3,2238,1,1286,1292,1295
CTRIA3,2239,1,1286,1295,1296
CTRIA3,2240,1,1286,1296,1287
CTRIA3,2241,1,1287,1296,1297
CTRIA3,2242,1,1287,1297,1288
CTRIA3,2243,1,1289,1288,1298
CTRIA3,2244,1,1289,1298,1291
CTRIA3,2245,1,1288,1297,1298
CTRIA3,2246,1,1293,1294,1299
CTRIA3,2247,1,1292,1300,1295
CTRIA3,2248,1,1291,1298,1301
CTRIA3,2249,1,1291,1301,1294
CTRIA3,2250,1,1294,1302,1299
CTRIA3,2251,1,1294,1301,1302
CTRIA3,2252,1,1299,1302,1303
CTRIA3,2253,1,1300,1304,1295
CTRIA3,2254,1,1295,1304,1305
CTRIA3,2255,1,1295,1305,1296
CTRIA3,2256,1,1296,1305,1306
CTRIA3,2257,1,1296,1306,1297
CTRIA3,2258,1,1297,1306,1307
CTRIA3,2259,1,1297,1307,1298
CTRIA3,2260,1,1298,1307,1308
CTRIA3,2261,1,1298,1308,1301
CTRIA3,2262,1,1302,1301,1309
CTRIA3,2263,1,1302,1309,1303
CTRIA3,2264,1,1303,1309,1310
CTRIA3,2265,1,1304,1311,1305
CTRIA3,2266,1,1301,1308,1312
CTRIA3,2267,1,1301,1312,1309
CTRIA3,2268,1,1305,1311,1313
CTRIA3,2269,1,1305,1313,1306
CTRIA3,2270,1,1309,1314,1310
CTRIA3,2271,1,1309,1312,1314
CTRIA3,2272,1,1306,1313,1315
CTRIA3,2273,1,1306,1316,1307
CTRIA3,2274,1,1306,1315,1316
CTRIA3,2275,1,1307,1316,1317
CTRIA3,2276,1,1307,1317,1308
CTRIA3,2277,1,1310,1314,1318
CTRIA3,2278,1,1311,1319,1320
CTRIA3,2279,1,1311,1320,1313
CTRIA3,2280,1,1313,1320,1315
CTRIA3,2281,1,1308,1317,1321
CTRIA3,2282,1,1308,1322,1312
CTRIA3,2283,1,1308,1321,1322
CTRIA3,2284,1,1314,1312,1323
CTRIA3,2285,1,1314,1323,1318
CTRIA3,2286,1,1312,1322,1324
CTRIA3,2287,1,1312,1324,1323
CTRIA3,2288,1,1316,1315,1325
CTRIA3,2289,1,1316,1325,1326
CTRIA3,2290,1,1316,1326,1317
CTRIA3,2291,1,1315,1320,1327
CTRIA3,2292,1,1315,1327,1325
CTRIA3,2293,1,1318,1323,1328
CTRIA3,2294,1,1317,1326,1321
CTRIA3,2295,1,1319,1329,1330
CTRIA3,2296,1,1319,1330,1320
CTRIA3,2297,1,1320,1330,1327
CTRIA3,2298,1,1323,1324,1331
CTRIA3,2299,1,1323,1331,1328
CTRIA3,2300,1,1322,1321,1332
CTRIA3,2301,1,1322,1333,1324
CTRIA3,2302,1,1322,1332,1333
CTRIA3,2303,1,1321,1326,1334
CTRIA3,2304,1,1321,1334,1332
CTRIA3,2305,1,1324,1335,1331
CTRIA3,2306,1,1324,1333,1335
CTRIA3,2307,1,1328,1331,1336
CTRIA3,2308,1,1328,1336,1337
CTRIA3,2309,1,1329,1338,1330
CTRIA3,2310,1,1329,1339,1338
CTRIA3,2311,1,1325,1327,1340
CTRIA3,2312,1,1325,1341,1326
CTRIA3,2313,1,1325,1340,1341
CTRIA3,2314,1,1330,1342,1327
CTRIA3,2315,1,1330,1338,1342
CTRIA3,2316,1,1326,1341,1334
CTRIA3,2317,1,1327,1342,1340
CTRIA3,2318,1,1331,1335,1336
CTRIA3,2319,1,1337,1336,1343
CTRIA3,2320,1,1337,1343,1344
CTRIA3,2321,1,1336,1345,1346
CTRIA3,2322,1,1336,1346,1343
CTRIA3,2323,1,1345,1335,1346
CTRIA3,2324,1,1335,1333,1347
CTRIA3,2325,1,1335,1347,1346
CTRIA3,2326,1,1333,1332,1348
CTRIA3,2327,1,1333,1348,1347
CTRIA3,2328,1,1332,1334,1349
CTRIA3,2329,1,1332,1349,1348
CTRIA3,2330,1,1334,1350,1351
CTRIA3,2331,1,1334,1351,1349
CTRIA3,2332,1,1350,1340,1352
CTRIA3,2333,1,1350,1352,1351
CTRIA3,2334,1,1340,1342,1353
CTRIA3,2335,1,1340,1353,1352
CTRIA3,2336,1,1342,1338,1354
CTRIA3,2337,1,1342,1354,1353
CTRIA3,2338,1,1338,1339,1355
CTRIA3,2339,1,1338,1355,1354
CTRIA3,2340,1,1352,1353,1356
CTRIA3,2341,1,1352,1356,1351
CTRIA3,2342,1,1349,1351,1357
CTRIA3,2343,1,1349,1357,1348
CTRIA3,2344,1,1351,1356,1358
CTRIA3,2345,1,1351,1358,1357
CTRIA3,2346,1,1355,1359,1354
CTRIA3,2347,1,1355,1360,1359
CTRIA3,2348,1,1344,1343,1361
CTRIA3,2349,1,1354,1359,1362
CTRIA3,2350,1,1354,1362,1353
CTRIA3,2351,1,1347,1348,1363
CTRIA3,2352,1,1347,1363,1364
CTRIA3,2353,1,1347,1364,1346
CTRIA3,2354,1,1348,1357,1365
CTRIA3,2355,1,1348,1365,1363
CTRIA3,2356,1,1343,1346,1366
CTRIA3,2357,1,1343,1366,1361
CTRIA3,2358,1,1346,1364,1366
CTRIA3,2359,1,1353,1362,1367
CTRIA3,2360,1,1353,1368,1356
CTRIA3,2361,1,1353,1367,1368
CTRIA3,2362,1,1356,1368,1358
CTRIA3,2363,1,1357,1358,1369
CTRIA3,2364,1,1357,1369,1365
CTRIA3,2365,1,1358,1368,1370
CTRIA3,2366,1,1358,1370,1369
CTRIA3,2367,1,1363,1365,1371
CTRIA3,2368,1,1363,1371,1364
CTRIA3,2369,1,1359,1360,1372
CTRIA3,2370,1,1359,1373,1362
CTRIA3,2371,1,1359,1372,1373
CTRIA3,2372,1,1362,1373,1367
CTRIA3,2373,1,1360,1374,1372
CTRIA3,2374,1,1361,1366,1375
CTRIA3,2375,1,1361,1375,1376
CTRIA3,2376,1,1365,1369,1377
CTRIA3,2377,1,1365,1377,1371
CTRIA3,2378,1,1364,1371,1378
CTRIA3,2379,1,1364,1379,1366
CTRIA3,2380,1,1364,1378,1379
CTRIA3,2381,1,1368,1367,1380
CTRIA3,2382,1,1368,1380,1370
CTRIA3,2383,1,1366,1379,1381
CTRIA3,2384,1,1366,1381,1375
CTRIA3,2385,1,1369,1370,1382
CTRIA3,2386,1,1369,1382,1377
CTRIA3,2387,1,1367,1373,1383
CTRIA3,2388,1,1367,1383,1380
CTRIA3,2389,1,1373,1372,1384
CTRIA3,2390,1,1373,1384,1383
CTRIA3,2391,1,1371,1377,1385
CTRIA3,2392,1,1371,1385,1378
CTRIA3,2393,1,1372,1374,1386
CTRIA3,2394,1,1372,1386,1384
CTRIA3,2395,1,1370,1380,1387
CTRIA3,2396,1,1370,1387,1382
CTRIA3,2397,1,1374,1388,1386
CTRIA3,2398,1,1376,1375,1389
CTRIA3,2399,1,1377,1382,1390
CTRIA3,2400,1,1377,1390,1385
CTRIA3,2401,1,1375,1381,1391
CTRIA3,2402,1,1375,1391,1389
CTRIA3,2403,1,1379,1378,1392
CTRIA3,2404,1,1379,1392,1381
CTRIA3,2405,1,1378,1385,1393
CTRIA3,2406,1,1378,1393,1392
CTRIA3,2407,1,1382,1387,1394
CTRIA3,2408,1,1382,1394,1390
CTRIA3,2409,1,1380,1383,1395
CTRIA3,2410,1,1380,1396,1387
CTRIA3,2411,1,1380,1395,1396
CTRIA3,2412,1,1383,1384,1397
CTRIA3,2413,1,1383,1397,1395
CTRIA3,2414,1,1381,1392,1398
CTRIA3,2415,1,1381,1398,1391
CTRIA3,2416,1,1384,1386,1399
CTRIA3,2417,1,1384,1399,1397
CTRIA3,2418,1,1385,1390,1400
CTRIA3,2419,1,1385,1400,1393
CTRIA3,2420,1,1387,1396,1394
CTRIA3,2421,1,1386,1388,1401
CTRIA3,2422,1,1386,1401,1399
CTRIA3,2423,1,1389,1391,1402
CTRIA3,2424,1,1392,1393,1403
CTRIA3,2425,1,1392,1403,1398
CTRIA3,2426,1,1390,1394,1404
CTRIA3,2427,1,1390,1404,1400
CTRIA3,2428,1,1391,1398,1405
CTRIA3,2429,1,1391,1405,1402
CTRIA3,2430,1,1397,1399,1406
CTRIA3,2431,1,1397,1406,1395
CTRIA3,2432,1,1393,1400,1407
CTRIA3,2433,1,1393,1407,1403
CTRIA3,2434,1,1394,1396,1408
CTRIA3,2435,1,1394,1408,1404
CTRIA3,2436,1,1399,1401,1409
CTRIA3,2437,1,1399,1409,1406
CTRIA3,2438,1,1396,1395,1410
CTRIA3,2439,1,1396,1410,1408
CTRIA3,2440,1,1398,1403,1411
CTRIA3,2441,1,1398,1411,1405
CTRIA3,2442,1,1395,1406,1412
CTRIA3,2443,1,1395,1412,1410
CTRIA3,2444,1,1403,1407,1411
CTRIA3,2445,1,1401,1413,1409
CTRIA3,2446,1,1402,1405,1414
CTRIA3,2447,1,1404,1408,1415
CTRIA3,2448,1,1404,1415,1400
CTRIA3,2449,1,1400,1415,1416
CTRIA3,2450,1,1400,1416,1407
CTRIA3,2451,1,1406,1409,1417
CTRIA3,2452,1,1406,1417,1412
CTRIA3,2453,1,1405,1411,1418
CTRIA3,2454,1,1405,1418,1414
CTRIA3,2455,1,1409,1413,1417
CTRIA3,2456,1,1408,1410,1419
CTRIA3,2457,1,1408,1419,1420
CTRIA3,2458,1,1408,1420,1415
CTRIA3,2459,1,1407,1416,1421
CTRIA3,2460,1,1407,1421,1411
CTRIA3,2461,1,1410,1412,1422
CTRIA3,2462,1,1410,1422,1419
CTRIA3,2463,1,1411,1421,1423
CTRIA3,2464,1,1411,1423,1418
CTRIA3,2465,1,1415,1420,1424
CTRIA3,2466,1,1415,1424,1416
CTRIA3,2467,1,1412,1417,1425
CTRIA3,2468,1,1412,1425,1422
CTRIA3,2469,1,1414,1418,1426
CTRIA3,2470,1,1413,1427,1417
CTRIA3,2471,1,1417,1427,1428
CTRIA3,2472,1,1417,1428,1425
CTRIA3,2473,1,1416,1424,1429
CTRIA3,2474,1,1416,1430,1421
CTRIA3,2475,1,1416,1429,1430
CTRIA3,2476,1,1419,1422,1431
CTRIA3,2477,1,1419,1431,1432
CTRIA3,2478,1,1419,1432,1420
CTRIA3,2479,1,1418,1423,1433
CTRIA3,2480,1,1418,1433,1426
CTRIA3,2481,1,1420,1432,1434
CTRIA3,2482,1,1420,1434,1424
CTRIA3,2483,1,1422,1425,1435
CTRIA3,2484,1,1422,1435,1431
CTRIA3,2485,1,1421,1430,1436
CTRIA3,2486,1,1421,1436,1423
CTRIA3,2487,1,1424,1434,1429
CTRIA3,2488,1,1425,1428,1437
CTRIA3,2489,1,1425,1437,1435
CTRIA3,2490,1,1426,1433,1438
CTRIA3,2491,1,1427,1439,1428
CTRIA3,2492,1,1427,1440,1439
CTRIA3,2493,1,1423,1436,1441
CTRIA3,2494,1,1423,1441,1433
CTRIA3,2495,1,1428,1439,1437
CTRIA3,2496,1,1431,1435,1442
CTRIA3,2497,1,1431,1442,1432
CTRIA3,2498,1,1432,1442,1443
CTRIA3,2499,1,1432,1443,1434
CTRIA3,2500,1,1434,1443,1444
CTRIA3,2501,1,1434,1444,1429
CTRIA3,2502,1,1430,1429,1445
CTRIA3,2503,1,1430,1446,1436
CTRIA3,2504,1,1430,1445,1446
CTRIA3,2505,1,1433,1441,1447
CTRIA3,2506,1,1433,1447,1438
CTRIA3,2507,1,1435,1437,1448
CTRIA3,2508,1,1435,1448,1442
CTRIA3,2509,1,1429,1444,1445
CTRIA3,2510,1,1436,1446,1449
CTRIA3,2511,1,1436,1449,1441
CTRIA3,2512,1,1437,1439,1450
CTRIA3,2513,1,1437,1450,1448
CTRIA3,2514,1,1439,1440,1451
CTRIA3,2515,1,1439,1451,1450
CTRIA3,2516,1,1438,1447,1452
CTRIA3,2517,1,1440,1453,1451
CTRIA3,2518,1,1442,1448,1454
CTRIA3,2519,1,1442,1454,1443
CTRIA3,2520,1,1441,1449,1455
CTRIA3,2521,1,1441,1455,1447
CTRIA3,2522,1,1443,1454,1456
CTRIA3,2523,1,1443,1456,1444
CTRIA3,2524,1,1446,1445,1457
CTRIA3,2525,1,1446,1457,1449
CTRIA3,2526,1,1444,1456,1458
CTRIA3,2527,1,1444,1458,1445
CTRIA3,2528,1,1445,1458,1459
CTRIA3,2529,1,1445,1459,1457
CTRIA3,2530,1,1449,1457,1460
CTRIA3,2531,1,1449,1460,1455
CTRIA3,2532,1,1448,1450,1461
CTRIA3,2533,1,1448,1461,1462
CTRIA3,2534,1,1448,1462,1454
CTRIA3,2535,1,1447,1455,1463
CTRIA3,2536,1,1447,1463,1464
CTRIA3,2537,1,1447,1464,1452
CTRIA3,2538,1,1450,1451,1465
CTRIA3,2539,1,1450,1465,1461
CTRIA3,2540,1,1451,1453,1466
CTRIA3,2541,1,1451,1466,1465
CTRIA3,2542,1,1454,1462,1467
CTRIA3,2543,1,1454,1467,1456
CTRIA3,2544,1,1455,1460,1468
CTRIA3,2545,1,1455,1468,1463
CTRIA3,2546,1,1456,1467,1469
CTRIA3,2547,1,1456,1469,1458
CTRIA3,2548,1,1458,1469,1459
CTRIA3,2549,1,1457,1459,1470
CTRIA3,2550,1,1457,1470,1460
CTRIA3,2551,1,1466,1471,1465
CTRIA3,2552,1,1465,1471,1472
CTRIA3,2553,1,1465,1473,1461
CTRIA3,2554,1,1465,1472,1473
CTRIA3,2555,1,1461,1474,1462
CTRIA3,2556,1,1461,1473,1474
CTRIA3,2557,1,1462,1474,1475
CTRIA3,2558,1,1462,1475,1476
CTRIA3,2559,1,1476,1477,1469
CTRIA3,2560,1,1476,1475,1477
CTRIA3,2561,1,1469,1478,1459
CTRIA3,2562,1,1469,1477,1478
CTRIA3,2563,1,1459,1478,1479
CTRIA3,2564,1,1459,1479,1470
CTRIA3,2565,1,1470,1480,1460
CTRIA3,2566,1,1470,1479,1480
CTRIA3,2567,1,1460,1481,1463
CTRIA3,2568,1,1460,1480,1481
CTRIA3,2569,1,1463,1481,1482
CTRIA3,2570,1,1463,1482,1483
CTRIA3,2571,1,1463,1483,1464
CTRIA3,2572,1,1481,1480,1484
CTRIA3,2573,1,1481,1484,1482
CTRIA3,2574,1,1474,1473,1485
CTRIA3,2575,1,1474,1485,1475
CTRIA3,2576,1,1478,1477,1486
CTRIA3,2577,1,1478,1486,1479
CTRIA3,2578,1,1477,1475,1487
CTRIA3,2579,1,1477,1487,1486
CTRIA3,2580,1,1480,1479,1488
CTRIA3,2581,1,1480,1488,1484
CTRIA3,2582,1,1482,1484,1489
CTRIA3,2583,1,1482,1490,1483
CTRIA3,2584,1,1482,1489,1490
CTRIA3,2585,1,1471,1491,1472
CTRIA3,2586,1,1473,1472,1492
CTRIA3,2587,1,1473,1492,1485
CTRIA3,2588,1,1475,1485,1493
CTRIA3,2589,1,1475,1493,1487
CTRIA3,2590,1,1479,1486,1494
CTRIA3,2591,1,1479,1494,1488
CTRIA3,2592,1,1472,1491,1492
CTRIA3,2593,1,1484,1488,1495
CTRIA3,2594,1,1484,1495,1489
CTRIA3,2595,1,1487,1493,1496
CTRIA3,2596,1,1487,1496,1486
CTRIA3,2597,1,1486,1496,1494
CTRIA3,2598,1,1485,1492,1497
CTRIA3,2599,1,1485,1497,1493
CTRIA3,2600,1,1488,1494,1498
CTRIA3,2601,1,1488,1498,1495
CTRIA3,2602,1,1491,1499,1492
CTRIA3,2603,1,1490,1489,1500
CTRIA3,2604,1,1489,1495,1501
CTRIA3,2605,1,1489,1501,1500
CTRIA3,2606,1,1492,1499,1502
CTRIA3,2607,1,1492,1502,1497
CTRIA3,2608,1,1493,1497,1503
CTRIA3,2609,1,1493,1503,1496
CTRIA3,2610,1,1495,1498,1501
CTRIA3,2611,1,1496,1503,1504
CTRIA3,2612,1,1496,1504,1494
CTRIA3,2613,1,1494,1504,1505
CTRIA3,2614,1,1494,1505,1498
CTRIA3,2615,1,1499,1506,1502
CTRIA3,2616,1,1500,1501,1507
CTRIA3,2617,1,1501,1498,1508
CTRIA3,2618,1,1501,1508,1507
CTRIA3,2619,1,1497,1502,1509
CTRIA3,2620,1,1497,1510,1503
CTRIA3,2621,1,1497,1509,1510
CTRIA3,2622,1,1503,1510,1504
CTRIA3,2623,1,1498,1505,1511
CTRIA3,2624,1,1498,1511,1508
CTRIA3,2625,1,1502,1506,1512
CTRIA3,2626,1,1502,1512,1509
CTRIA3,2627,1,1504,1510,1513
CTRIA3,2628,1,1504,1513,1505
CTRIA3,2629,1,1507,1508,1514
CTRIA3,2630,1,1505,1513,1515
CTRIA3,2631,1,1505,1515,1511
CTRIA3,2632,1,1508,1511,1516
CTRIA3,2633,1,1508,1516,1514
CTRIA3,2634,1,1510,1509,1517
CTRIA3,2635,1,1510,1517,1513
CTRIA3,2636,1,1509,1512,1518
CTRIA3,2637,1,1509,1518,1517
CTRIA3,2638,1,1511,1515,1519
CTRIA3,2639,1,1511,1519,1516
CTRIA3,2640,1,1514,1516,1520
CTRIA3,2641,1,1513,1517,1521
CTRIA3,2642,1,1513,1521,1515
CTRIA3,2643,1,1516,1519,1522
CTRIA3,2644,1,1516,1522,1520
CTRIA3,2645,1,1517,1518,1523
CTRIA3,2646,1,1517,1523,1521
CTRIA3,2647,1,1515,1521,1524
CTRIA3,2648,1,1515,1524,1525
CTRIA3,2649,1,1515,1525,1519
CTRIA3,2650,1,1518,1526,1523
CTRIA3,2651,1,1520,1522,1527
CTRIA3,2652,1,1519,1525,1528
CTRIA3,2653,1,1519,1528,1522
CTRIA3,2654,1,1521,1523,1529
CTRIA3,2655,1,1521,1529,1524
CTRIA3,2656,1,1522,1528,1527
CTRIA3,2657,1,1523,1526,1530
CTRIA3,2658,1,1523,1530,1529
CTRIA3,2659,1,1527,1528,1531
CTRIA3,2660,1,1524,1529,1532
CTRIA3,2661,1,1524,1532,1533
CTRIA3,2662,1,1524,1533,1525
CTRIA3,2663,1,1525,1534,1528
CTRIA3,2664,1,1525,1533,1534
CTRIA3,2665,1,1528,1534,1535
CTRIA3,2666,1,1528,1535,1531
CTRIA3,2667,1,1529,1530,1536
CTRIA3,2668,1,1529,1536,1532
CTRIA3,2669,1,1531,1535,1537
CTRIA3,2670,1,1530,1538,1536
CTRIA3,2671,1,1536,1538,1539
CTRIA3,2672,1,1536,1539,1540
CTRIA3,2673,1,1536,1540,1532
CTRIA3,2674,1,1534,1533,1541
CTRIA3,2675,1,1534,1542,1535
CTRIA3,2676,1,1534,1541,1542
CTRIA3,2677,1,1535,1543,1537
CTRIA3,2678,1,1535,1542,1543
CTRIA3,2679,1,1532,1540,1544
CTRIA3,2680,1,1532,1544,1533
CTRIA3,2681,1,1533,1544,1541
CTRIA3,2682,1,1543,1542,1545
CTRIA3,2683,1,1539,1546,1540
CTRIA3,2684,1,1540,1546,1547
CTRIA3,2685,1,1540,1547,1544
CTRIA3,2686,1,1542,1541,1548
CTRIA3,2687,1,1542,1548,1545
CTRIA3,2688,1,1541,1544,1549
CTRIA3,2689,1,1541,1549,1548
CTRIA3,2690,1,1544,1547,1550
CTRIA3,2691,1,1544,1550,1549
CTRIA3,2692,1,1545,1548,1551
CTRIA3,2693,1,1546,1552,1547
CTRIA3,2694,1,1547,1552,1553
CTRIA3,2695,1,1547,1553,1550
CTRIA3,2696,1,1548,1549,1554
CTRIA3,2697,1,1548,1555,1551
CTRIA3,2698,1,1548,1554,1555
CTRIA3,2699,1,1549,1550,1556
CTRIA3,2700,1,1549,1556,1554
CTRIA3,2701,1,1551,1555,1557
CTRIA3,2702,1,1552,1558,1553
CTRIA3,2703,1,1550,1553,1559
CTRIA3,2704,1,1550,1559,1556
CTRIA3,2705,1,1555,1554,1560
CTRIA3,2706,1,1555,1560,1557
CTRIA3,2707,1,1553,1558,1561
CTRIA3,2708,1,1553,1561,1559
CTRIA3,2709,1,1554,1556,1562
CTRIA3,2710,1,1554,1562,1560
CTRIA3,2711,1,1557,1560,1563
CTRIA3,2712,1,1558,1564,1561
CTRIA3,2713,1,1556,1559,1565
CTRIA3,2714,1,1556,1565,1562
CTRIA3,2715,1,1559,1561,1566
CTRIA3,2716,1,1559,1566,1565
CTRIA3,2717,1,1560,1562,1567
CTRIA3,2718,1,1560,1567,1563
CTRIA3,2719,1,1561,1564,1568
CTRIA3,2720,1,1561,1568,1566
CTRIA3,2721,1,1563,1567,1569
CTRIA3,2722,1,1564,1570,1568
CTRIA3,2723,1,1562,1565,1571
CTRIA3,2724,1,1562,1572,1567
CTRIA3,2725,1,1562,1571,1572
CTRIA3,2726,1,1567,1572,1569
CTRIA3,2727,1,1565,1566,1573
CTRIA3,2728,1,1565,1573,1571
CTRIA3,2729,1,1566,1568,1574
CTRIA3,2730,1,1566,1574,1573
CTRIA3,2731,1,1568,1570,1575
CTRIA3,2732,1,1568,1575,1574
CTRIA3,2733,1,1569,1572,1576
CTRIA3,2734,1,1570,1577,1575
CTRIA3,2735,1,1572,1571,1578
CTRIA3,2736,1,1572,1578,1576
CTRIA3,2737,1,1575,1577,1579
CTRIA3,2738,1,1575,1579,1574
CTRIA3,2739,1,1574,1579,1580
CTRIA3,2740,1,1574,1580,1573
CTRIA3,2741,1,1573,1580,1581
CTRIA3,2742,1,1573,1581,1571
CTRIA3,2743,1,1571,1581,1582
CTRIA3,2744,1,1571,1582,1578
CTRIA3,2745,1,1576,1578,1583
CTRIA3,2746,1,1577,1584,1579
CTRIA3,2747,1,1579,1584,1585
CTRIA3,2748,1,1579,1585,1580
CTRIA3,2749,1,1580,1585,1586
CTRIA3,2750,1,1580,1586,1581
CTRIA3,2751,1,1578,1582,1587
CTRIA3,2752,1,1578,1588,1583
CTRIA3,2753,1,1578,1587,1588
CTRIA3,2754,1,1584,1589,1585
CTRIA3,2755,1,1581,1586,1590
CTRIA3,2756,1,1581,1590,1582
CTRIA3,2757,1,1582,1590,1204
CTRIA3,2758,1,1582,1204,1587
CTRIA3,2759,1,1585,1589,1207
CTRIA3,2760,1,1585,1207,1586
CTRIA3,2761,1,1586,1207,1197
CTRIA3,2762,1,1586,1197,1590
CTRIA3,2763,1,1588,1587,1201
CTRIA3,2764,1,1589,1591,1207
CTRIA3,2765,1,1587,1204,1205
CTRIA3,2766,1,1587,1205,1201
CTRIA3,2767,1,1590,1197,1196
CTRIA3,2768,1,1590,1196,1204
CTRIA3,2769,1,1203,1207,1592
CTRIA3,2770,1,1203,1592,1593
CTRIA3,2771,1,1207,1197,1594
CTRIA3,2772,1,1207,1594,1592
CTRIA3,2773,1,1197,1196,1595
CTRIA3,2774,1,1197,1595,1594
CTRIA3,2775,1,1196,1204,1596
CTRIA3,2776,1,1196,1596,1595
CTRIA3,2777,1,1204,1205,1597
CTRIA3,2778,1,1204,1597,1596
CTRIA3,2779,1,1205,1201,1598
CTRIA3,2780,1,1205,1598,1597
CTRIA3,2781,1,1208,1209,1599
CTRIA3,2782,1,1208,1599,1214
CTRIA3,2783,1,1592,1594,1600
CTRIA3,2784,1,1592,1600,1593
CTRIA3,2785,1,1214,1599,1601
CTRIA3,2786,1,1214,1601,1216
CTRIA3,2787,1,1593,1600,1602
CTRIA3,2788,1,1209,1603,1599
CTRIA3,2789,1,1221,1219,1604
CTRIA3,2790,1,1598,1605,1597
CTRIA3,2791,1,1598,1606,1605
CTRIA3,2792,1,1219,1217,1607
CTRIA3,2793,1,1219,1607,1604
CTRIA3,2794,1,1597,1605,1608
CTRIA3,2795,1,1597,1608,1596
CTRIA3,2796,1,1217,1216,1609
CTRIA3,2797,1,1217,1609,1607
CTRIA3,2798,1,1594,1595,1610
CTRIA3,2799,1,1594,1610,1600
CTRIA3,2800,1,1595,1596,1611
CTRIA3,2801,1,1595,1611,1610
CTRIA3,2802,1,1596,1608,1612
CTRIA3,2803,1,1596,1612,1611
CTRIA3,2804,1,1216,1601,1613
CTRIA3,2805,1,1216,1613,1609
CTRIA3,2806,1,1600,1610,1602
CTRIA3,2807,1,1599,1603,1614
CTRIA3,2808,1,1599,1614,1601
CTRIA3,2809,1,1605,1606,1615
CTRIA3,2810,1,1605,1615,1608
CTRIA3,2811,1,1602,1610,1616
CTRIA3,2812,1,1603,1617,1614
CTRIA3,2813,1,1604,1607,1618
CTRIA3,2814,1,1606,1619,1615
CTRIA3,2815,1,1607,1609,1620
CTRIA3,2816,1,1607,1620,1618
CTRIA3,2817,1,1601,1614,1621
CTRIA3,2818,1,1601,1621,1613
CTRIA3,2819,1,1609,1613,1622
CTRIA3,2820,1,1609,1622,1620
CTRIA3,2821,1,1608,1615,1623
CTRIA3,2822,1,1608,1623,1612
CTRIA3,2823,1,1610,1611,1624
CTRIA3,2824,1,1610,1624,1625
CTRIA3,2825,1,1610,1625,1616
CTRIA3,2826,1,1613,1621,1626
CTRIA3,2827,1,1613,1626,1622
CTRIA3,2828,1,1614,1617,1627
CTRIA3,2829,1,1614,1627,1621
CTRIA3,2830,1,1611,1612,1628
CTRIA3,2831,1,1611,1628,1624
CTRIA3,2832,1,1612,1623,1628
CTRIA3,2833,1,1615,1619,1629
CTRIA3,2834,1,1615,1629,1623
CTRIA3,2835,1,1616,1625,1630
CTRIA3,2836,1,1617,1631,1627
CTRIA3,2837,1,1618,1620,1632
CTRIA3,2838,1,1620,1622,1633
CTRIA3,2839,1,1620,1633,1632
CTRIA3,2840,1,1622,1626,1633
CTRIA3,2841,1,1621,1627,1634
CTRIA3,2842,1,1621,1634,1626
CTRIA3,2843,1,1623,1629,1635
CTRIA3,2844,1,1623,1635,1628
CTRIA3,2845,1,1624,1628,1636
CTRIA3,2846,1,1624,1637,1625
CTRIA3,2847,1,1624,1636,1637
CTRIA3,2848,1,1626,1634,1638
CTRIA3,2849,1,1626,1638,1633
CTRIA3,2850,1,1625,1637,1639
CTRIA3,2851,1,1625,1639,1630
CTRIA3,2852,1,1627,1631,1640
CTRIA3,2853,1,1627,1640,1634
CTRIA3,2854,1,1632,1633,1641
CTRIA3,2855,1,1629,1642,1635
CTRIA3,2856,1,1628,1635,1643
CTRIA3,2857,1,1628,1643,1636
CTRIA3,2858,1,1633,1638,1644
CTRIA3,2859,1,1633,1644,1641
CTRIA3,2860,1,1634,1640,1645
CTRIA3,2861,1,1634,1646,1638
CTRIA3,2862,1,1634,1645,1646
CTRIA3,2863,1,1637,1636,1647
CTRIA3,2864,1,1637,1647,1639
CTRIA3,2865,1,1635,1642,1648
CTRIA3,2866,1,1635,1648,1643
CTRIA3,2867,1,1636,1643,1649
CTRIA3,2868,1,1636,1649,1647
CTRIA3,2869,1,1638,1646,1650
CTRIA3,2870,1,1638,1650,1644
CTRIA3,2871,1,1639,1647,1651
CTRIA3,2872,1,1640,1652,1645
CTRIA3,2873,1,1641,1644,1653
CTRIA3,2874,1,1642,1654,1648
CTRIA3,2875,1,1643,1648,1655
CTRIA3,2876,1,1643,1655,1649
CTRIA3,2877,1,1644,1650,1656
CTRIA3,2878,1,1644,1656,1653
CTRIA3,2879,1,1648,1654,1655
CTRIA3,2880,1,1646,1645,1657
CTRIA3,2881,1,1646,1657,1650
CTRIA3,2882,1,1647,1649,1658
CTRIA3,2883,1,1647,1659,1651
CTRIA3,2884,1,1647,1658,1659
CTRIA3,2885,1,1645,1652,1660
CTRIA3,2886,1,1645,1660,1661
CTRIA3,2887,1,1645,1661,1657
CTRIA3,2888,1,1651,1659,1662
CTRIA3,2889,1,1653,1656,1663
CTRIA3,2890,1,1654,1664,1655
CTRIA3,2891,1,1649,1655,1665
CTRIA3,2892,1,1649,1665,1658
CTRIA3,2893,1,1650,1657,1666
CTRIA3,2894,1,1650,1666,1656
CTRIA3,2895,1,1659,1658,1667
CTRIA3,2896,1,1659,1667,1662
CTRIA3,2897,1,1655,1664,1668
CTRIA3,2898,1,1655,1668,1665
CTRIA3,2899,1,1658,1665,1669
CTRIA3,2900,1,1658,1669,1667
CTRIA3,2901,1,1657,1661,1670
CTRIA3,2902,1,1657,1670,1666
CTRIA3,2903,1,1656,1666,1671
CTRIA3,2904,1,1656,1672,1663
CTRIA3,2905,1,1656,1671,1672
CTRIA3,2906,1,1662,1667,1673
CTRIA3,2907,1,1660,1674,1661
CTRIA3,2908,1,1663,1672,1675
CTRIA3,2909,1,1664,1676,1668
CTRIA3,2910,1,1665,1668,1677
CTRIA3,2911,1,1665,1677,1669
CTRIA3,2912,1,1661,1674,1670
CTRIA3,2913,1,1667,1669,1678
CTRIA3,2914,1,1667,1678,1673
CTRIA3,2915,1,1666,1670,1679
CTRIA3,2916,1,1666,1679,1671
CTRIA3,2917,1,1668,1676,1680
CTRIA3,2918,1,1668,1680,1677
CTRIA3,2919,1,1669,1677,1681
CTRIA3,2920,1,1669,1681,1678
CTRIA3,2921,1,1673,1678,1682
CTRIA3,2922,1,1674,1683,1670
CTRIA3,2923,1,1675,1672,1684
CTRIA3,2924,1,1676,1685,1680
CTRIA3,2925,1,1672,1671,1686
CTRIA3,2926,1,1672,1686,1684
CTRIA3,2927,1,1677,1680,1687
CTRIA3,2928,1,1677,1687,1681
CTRIA3,2929,1,1670,1683,1688
CTRIA3,2930,1,1670,1688,1679
CTRIA3,2931,1,1671,1679,1689
CTRIA3,2932,1,1671,1689,1686
CTRIA3,2933,1,1678,1681,1690
CTRIA3,2934,1,1678,1690,1682
CTRIA3,2935,1,1680,1685,1691
CTRIA3,2936,1,1680,1691,1687
CTRIA3,2937,1,1681,1687,1692
CTRIA3,2938,1,1681,1692,1690
CTRIA3,2939,1,1679,1688,1693
CTRIA3,2940,1,1679,1693,1689
CTRIA3,2941,1,1687,1691,1692
CTRIA3,2942,1,1682,1690,1694
CTRIA3,2943,1,1682,1694,1695
CTRIA3,2944,1,1683,1696,1688
CTRIA3,2945,1,1684,1686,1697
CTRIA3,2946,1,1685,1698,1699
CTRIA3,2947,1,1685,1699,1691
CTRIA3,2948,1,1686,1689,1700
CTRIA3,2949,1,1686,1700,1697
CTRIA3,2950,1,1690,1692,1701
CTRIA3,2951,1,1690,1701,1694
CTRIA3,2952,1,1688,1696,1702
CTRIA3,2953,1,1688,1702,1693
CTRIA3,2954,1,1689,1693,1703
CTRIA3,2955,1,1689,1703,1700
CTRIA3,2956,1,1691,1699,1704
CTRIA3,2957,1,1691,1704,1692
CTRIA3,2958,1,1692,1704,1705
CTRIA3,2959,1,1692,1705,1701
CTRIA3,2960,1,1694,1701,1706
CTRIA3,2961,1,1694,1706,1695
CTRIA3,2962,1,1695,1706,1707
CTRIA3,2963,1,1696,1708,1702
CTRIA3,2964,1,1697,1700,1709
CTRIA3,2965,1,1697,1709,1710
CTRIA3,2966,1,1698,1711,1699
CTRIA3,2967,1,1700,1703,1709
CTRIA3,2968,1,1699,1711,1704
CTRIA3,2969,1,1693,1702,1712
CTRIA3,2970,1,1693,1712,1703
CTRIA3,2971,1,1701,1705,1713
CTRIA3,2972,1,1701,1713,1706
CTRIA3,2973,1,1703,1712,1714
CTRIA3,2974,1,1703,1714,1709
CTRIA3,2975,1,1704,1711,1715
CTRIA3,2976,1,1704,1715,1705
CTRIA3,2977,1,1702,1708,1716
CTRIA3,2978,1,1702,1716,1712
CTRIA3,2979,1,1706,1713,1717
CTRIA3,2980,1,1706,1718,1707
CTRIA3,2981,1,1706,1717,1718
CTRIA3,2982,1,1709,1714,1719
CTRIA3,2983,1,1709,1719,1710
CTRIA3,2984,1,1708,1720,1716
CTRIA3,2985,1,1711,1721,1715
CTRIA3,2986,1,1705,1722,1713
CTRIA3,2987,1,1705,1715,1722
CTRIA3,2988,1,1712,1716,1723
CTRIA3,2989,1,1712,1723,1714
CTRIA3,2990,1,1713,1722,1717
CTRIA3,2991,1,1720,1724,1716
CTRIA3,2992,1,1720,1725,1724
CTRIA3,2993,1,1720,1726,1716
CTRIA3,2994,1,1720,1727,1726
CTRIA3,2995,1,1716,1726,1723
CTRIA3,2996,1,1716,1724,1728
CTRIA3,2997,1,1716,1728,1723
CTRIA3,2998,1,1723,1726,1729
CTRIA3,2999,1,1723,1730,1731
CTRIA3,3000,1,1723,1729,1730
CTRIA3,3001,1,1723,1728,1732
CTRIA3,3002,1,1723,1732,1714
CTRIA3,3003,1,1731,1730,1733
CTRIA3,3004,1,1731,1733,1734
CTRIA3,3005,1,1714,1735,1719
CTRIA3,3006,1,1714,1732,1735
CTRIA3,3007,1,1734,1733,1736
CTRIA3,3008,1,1719,1735,1737
CTRIA3,3009,1,1726,1727,1738
CTRIA3,3010,1,1726,1738,1729
CTRIA3,3011,1,1730,1729,1739
CTRIA3,3012,1,1730,1739,1733
CTRIA3,3013,1,1733,1740,1736
CTRIA3,3014,1,1733,1739,1740
CTRIA3,3015,1,1727,1741,1738
CTRIA3,3016,1,1729,1738,1742
CTRIA3,3017,1,1729,1742,1739
CTRIA3,3018,1,1740,1739,1743
CTRIA3,3019,1,1741,1744,1738
CTRIA3,3020,1,1738,1744,1745
CTRIA3,3021,1,1738,1745,1742
CTRIA3,3022,1,1739,1742,1746
CTRIA3,3023,1,1739,1746,1743
CTRIA3,3024,1,1742,1745,1747
CTRIA3,3025,1,1742,1747,1746
CTRIA3,3026,1,1743,1746,1748
CTRIA3,3027,1,1744,1749,1745
CTRIA3,3028,1,1745,1749,1750
CTRIA3,3029,1,1745,1750,1747
CTRIA3,3030,1,1746,1747,1751
CTRIA3,3031,1,1746,1751,1748
CTRIA3,3032,1,1747,1750,1752
CTRIA3,3033,1,1747,1752,1751
CTRIA3,3034,1,1748,1751,1753
CTRIA3,3035,1,1748,1753,1754
CTRIA3,3036,1,1749,1755,1750
CTRIA3,3037,1,1751,1752,1753
CTRIA3,3038,1,1750,1755,1756
CTRIA3,3039,1,1750,1757,1752
CTRIA3,3040,1,1750,1756,1757
CTRIA3,3041,1,1754,1753,1758
CTRIA3,3042,1,1752,1757,1759
CTRIA3,3043,1,1752,1759,1753
CTRIA3,3044,1,1755,1760,1756
CTRIA3,3045,1,1753,1759,1758
CTRIA3,3046,1,1757,1756,1761
CTRIA3,3047,1,1757,1762,1759
CTRIA3,3048,1,1757,1761,1762
CTRIA3,3049,1,1758,1759,1763
CTRIA3,3050,1,1760,1764,1756
CTRIA3,3051,1,1759,1762,1763
CTRIA3,3052,1,1756,1764,1765
CTRIA3,3053,1,1756,1765,1761
CTRIA3,3054,1,1762,1761,1766
CTRIA3,3055,1,1762,1767,1763
CTRIA3,3056,1,1762,1766,1767
CTRIA3,3057,1,1761,1765,1768
CTRIA3,3058,1,1761,1768,1766
CTRIA3,3059,1,1763,1767,1769
CTRIA3,3060,1,1764,1770,1765
CTRIA3,3061,1,1765,1770,1768
CTRIA3,3062,1,1767,1766,1771
CTRIA3,3063,1,1767,1771,1772
CTRIA3,3064,1,1767,1772,1769
CTRIA3,3065,1,1766,1768,1773
CTRIA3,3066,1,1766,1773,1771
CTRIA3,3067,1,1768,1770,1774
CTRIA3,3068,1,1768,1774,1773
CTRIA3,3069,1,1769,1772,1775
CTRIA3,3070,1,1770,1776,1774
CTRIA3,3071,1,1773,1774,1777
CTRIA3,3072,1,1773,1777,1771
CTRIA3,3073,1,1771,1777,1778
CTRIA3,3074,1,1771,1778,1772
CTRIA3,3075,1,1772,1778,1779
CTRIA3,3076,1,1772,1779,1775
CTRIA3,3077,1,1774,1776,1780
CTRIA3,3078,1,1774,1780,1777
CTRIA3,3079,1,1775,1779,1781
CTRIA3,3080,1,1776,1782,1780
CTRIA3,3081,1,1777,1780,1783
CTRIA3,3082,1,1777,1783,1778
CTRIA3,3083,1,1778,1783,1784
CTRIA3,3084,1,1778,1784,1779
CTRIA3,3085,1,1780,1782,1785
CTRIA3,3086,1,1780,1785,1783
CTRIA3,3087,1,1779,1784,1786
CTRIA3,3088,1,1779,1786,1781
CTRIA3,3089,1,1781,1786,1787
CTRIA3,3090,1,1782,1788,1785
CTRIA3,3091,1,1783,1785,1789
CTRIA3,3092,1,1783,1789,1790
CTRIA3,3093,1,1783,1790,1784
CTRIA3,3094,1,1785,1788,1789
CTRIA3,3095,1,1784,1790,1791
CTRIA3,3096,1,1784,1791,1786
CTRIA3,3097,1,1786,1792,1787
CTRIA3,3098,1,1786,1791,1792
CTRIA3,3099,1,1787,1792,1793
CTRIA3,3100,1,1788,1794,1789
CTRIA3,3101,1,1789,1794,1795
CTRIA3,3102,1,1789,1795,1790
CTRIA3,3103,1,1790,1795,1796
CTRIA3,3104,1,1790,1796,1791
CTRIA3,3105,1,1792,1791,1797
CTRIA3,3106,1,1792,1797,1793
CTRIA3,3107,1,1791,1796,1797
CTRIA3,3108,1,1793,1797,1798
CTRIA3,3109,1,1794,1799,1795
CTRIA3,3110,1,1794,1800,1799
CTRIA3,3111,1,1795,1799,1796
CTRIA3,3112,1,1796,1799,1801
CTRIA3,3113,1,1796,1802,1797
CTRIA3,3114,1,1796,1801,1802
CTRIA3,3115,1,1797,1802,1803
CTRIA3,3116,1,1797,1803,1798
CTRIA3,3117,1,1798,1803,1804
CTRIA3,3118,1,1799,1800,1805
CTRIA3,3119,1,1799,1805,1801
CTRIA3,3120,1,1802,1801,1806
CTRIA3,3121,1,1802,1806,1807
CTRIA3,3122,1,1802,1807,1803
CTRIA3,3123,1,1801,1805,1808
CTRIA3,3124,1,1801,1808,1806
CTRIA3,3125,1,1804,1803,1809
CTRIA3,3126,1,1805,1810,1808
CTRIA3,3127,1,1803,1807,1811
CTRIA3,3128,1,1803,1811,1809
CTRIA3,3129,1,1806,1808,1812
CTRIA3,3130,1,1806,1813,1807
CTRIA3,3131,1,1806,1812,1813
CTRIA3,3132,1,1807,1813,1811
CTRIA3,3133,1,1809,1811,1814
CTRIA3,3134,1,1810,1815,1816
CTRIA3,3135,1,1810,1816,1808
CTRIA3,3136,1,1808,1816,1817
CTRIA3,3137,1,1808,1817,1812
CTRIA3,3138,1,1811,1813,1818
CTRIA3,3139,1,1811,1819,1814
CTRIA3,3140,1,1811,1818,1819
CTRIA3,3141,1,1814,1819,1820
CTRIA3,3142,1,1814,1820,1821
CTRIA3,3143,1,1813,1812,1822
CTRIA3,3144,1,1813,1822,1818
CTRIA3,3145,1,1815,1823,1816
CTRIA3,3146,1,1816,1823,1824
CTRIA3,3147,1,1816,1824,1817
CTRIA3,3148,1,1812,1817,1825
CTRIA3,3149,1,1812,1825,1822
CTRIA3,3150,1,1817,1824,1825
CTRIA3,3151,1,1819,1818,1826
CTRIA3,3152,1,1819,1826,1827
CTRIA3,3153,1,1819,1827,1820
CTRIA3,3154,1,1821,1820,1828
CTRIA3,3155,1,1823,1829,1824
CTRIA3,3156,1,1818,1822,1830
CTRIA3,3157,1,1818,1830,1826
CTRIA3,3158,1,1820,1827,1828
CTRIA3,3159,1,1824,1829,1831
CTRIA3,3160,1,1824,1831,1825
CTRIA3,3161,1,1825,1831,1832
CTRIA3,3162,1,1825,1832,1822
CTRIA3,3163,1,1822,1832,1833
CTRIA3,3164,1,1822,1833,1830
CTRIA3,3165,1,1828,1827,1834
CTRIA3,3166,1,1828,1834,1835
CTRIA3,3167,1,1829,1836,1831
CTRIA3,3168,1,1829,1837,1836
CTRIA3,3169,1,1826,1838,1827
CTRIA3,3170,1,1826,1839,1838
CTRIA3,3171,1,1826,1830,1839
CTRIA3,3172,1,1827,1838,1834
CTRIA3,3173,1,1831,1840,1832
CTRIA3,3174,1,1831,1836,1840
CTRIA3,3175,1,1832,1841,1833
CTRIA3,3176,1,1832,1840,1841
CTRIA3,3177,1,1835,1834,1842
CTRIA3,3178,1,1835,1842,1843
CTRIA3,3179,1,1834,1838,1844
CTRIA3,3180,1,1834,1844,1842
CTRIA3,3181,1,1838,1839,1845
CTRIA3,3182,1,1838,1845,1844
CTRIA3,3183,1,1839,1830,1846
CTRIA3,3184,1,1839,1846,1845
CTRIA3,3185,1,1830,1833,1846
CTRIA3,3186,1,1833,1841,1847
CTRIA3,3187,1,1833,1847,1846
CTRIA3,3188,1,1841,1840,1848
CTRIA3,3189,1,1841,1848,1847
CTRIA3,3190,1,1840,1836,1849
CTRIA3,3191,1,1840,1849,1848
CTRIA3,3192,1,1836,1837,1850
CTRIA3,3193,1,1836,1850,1849
CTRIA3,3194,1,1837,1851,1850
CTRIA3,3195,1,1850,1851,1852
CTRIA3,3196,1,1850,1852,1849
CTRIA3,3197,1,1846,1847,1853
CTRIA3,3198,1,1846,1854,1845
CTRIA3,3199,1,1846,1853,1854
CTRIA3,3200,1,1849,1852,1855
CTRIA3,3201,1,1849,1855,1848
CTRIA3,3202,1,1851,1856,1852
CTRIA3,3203,1,1843,1842,1857
CTRIA3,3204,1,1843,1857,1858
CTRIA3,3205,1,1842,1844,1859
CTRIA3,3206,1,1842,1859,1857
CTRIA3,3207,1,1847,1848,1860
CTRIA3,3208,1,1847,1860,1853
CTRIA3,3209,1,1844,1845,1861
CTRIA3,3210,1,1844,1861,1859
CTRIA3,3211,1,1845,1854,1862
CTRIA3,3212,1,1845,1862,1861
CTRIA3,3213,1,1848,1855,1863
CTRIA3,3214,1,1848,1863,1860
CTRIA3,3215,1,1852,1856,1864
CTRIA3,3216,1,1852,1864,1855
CTRIA3,3217,1,1854,1853,1865
CTRIA3,3218,1,1854,1865,1862
CTRIA3,3219,1,1856,1866,1864
CTRIA3,3220,1,1858,1857,1867
CTRIA3,3221,1,1858,1867,1868
CTRIA3,3222,1,1857,1859,1869
CTRIA3,3223,1,1857,1869,1867
CTRIA3,3224,1,1855,1864,1870
CTRIA3,3225,1,1855,1870,1863
CTRIA3,3226,1,1859,1861,1871
CTRIA3,3227,1,1859,1871,1869
CTRIA3,3228,1,1861,1862,1872
CTRIA3,3229,1,1861,1872,1871
CTRIA3,3230,1,1860,1863,1873
CTRIA3,3231,1,1860,1873,1874
CTRIA3,3232,1,1860,1874,1853
CTRIA3,3233,1,1853,1874,1875
CTRIA3,3234,1,1853,1875,1865
CTRIA3,3235,1,1862,1865,1876
CTRIA3,3236,1,1862,1876,1872
CTRIA3,3237,1,1863,1870,1877
CTRIA3,3238,1,1863,1877,1873
CTRIA3,3239,1,1864,1866,1878
CTRIA3,3240,1,1864,1878,1879
CTRIA3,3241,1,1864,1879,1870
CTRIA3,3242,1,1866,1880,1878
CTRIA3,3243,1,1865,1875,1881
CTRIA3,3244,1,1865,1881,1876
CTRIA3,3245,1,1868,1867,1882
CTRIA3,3246,1,1867,1869,1883
CTRIA3,3247,1,1867,1883,1882
CTRIA3,3248,1,1872,1876,1884
CTRIA3,3249,1,1872,1884,1871
CTRIA3,3250,1,1871,1884,1885
CTRIA3,3251,1,1871,1885,1869
CTRIA3,3252,1,1873,1877,1886
CTRIA3,3253,1,1873,1886,1874
CTRIA3,3254,1,1869,1885,1883
CTRIA3,3255,1,1870,1879,1887
CTRIA3,3256,1,1870,1887,1877
CTRIA3,3257,1,1874,1886,1888
CTRIA3,3258,1,1874,1888,1875
CTRIA3,3259,1,1876,1881,1889
CTRIA3,3260,1,1876,1889,1884
CTRIA3,3261,1,1878,1880,1890
CTRIA3,3262,1,1878,1890,1879
CTRIA3,3263,1,1875,1888,1891
CTRIA3,3264,1,1875,1891,1881
CTRIA3,3265,1,1877,1887,1892
CTRIA3,3266,1,1877,1892,1886
CTRIA3,3267,1,1879,1890,1893
CTRIA3,3268,1,1879,1893,1887
CTRIA3,3269,1,1884,1889,1894
CTRIA3,3270,1,1884,1894,1885
CTRIA3,3271,1,1880,1895,1890
CTRIA3,3272,1,1882,1883,1896
CTRIA3,3273,1,1881,1891,1897
CTRIA3,3274,1,1881,1897,1889
CTRIA3,3275,1,1885,1894,1898
CTRIA3,3276,1,1885,1898,1883
CTRIA3,3277,1,1886,1892,1899
CTRIA3,3278,1,1886,1899,1888
CTRIA3,3279,1,1883,1898,1896
CTRIA3,3280,1,1888,1899,1900
CTRIA3,3281,1,1888,1900,1891
CTRIA3,3282,1,1890,1895,1901
CTRIA3,3283,1,1890,1901,1893
CTRIA3,3284,1,1889,1897,1902
CTRIA3,3285,1,1889,1902,1894
CTRIA3,3286,1,1891,1900,1897
CTRIA3,3287,1,1887,1893,1903
CTRIA3,3288,1,1887,1903,1904
CTRIA3,3289,1,1887,1904,1892
CTRIA3,3290,1,1893,1901,1903
CTRIA3,3291,1,1894,1902,1905
CTRIA3,3292,1,1894,1905,1898
CTRIA3,3293,1,1892,1904,1906
CTRIA3,3294,1,1892,1906,1899
CTRIA3,3295,1,1895,1907,1901
CTRIA3,3296,1,1896,1898,1908
CTRIA3,3297,1,1897,1900,1909
CTRIA3,3298,1,1897,1909,1902
CTRIA3,3299,1,1898,1905,1910
CTRIA3,3300,1,1898,1910,1908
CTRIA3,3301,1,1899,1906,1911
CTRIA3,3302,1,1899,1911,1900
CTRIA3,3303,1,1901,1907,1912
CTRIA3,3304,1,1901,1912,1903
CTRIA3,3305,1,1902,1909,1913
CTRIA3,3306,1,1902,1913,1905
CTRIA3,3307,1,1900,1911,1914
CTRIA3,3308,1,1900,1914,1909
CTRIA3,3309,1,1903,1912,1915
CTRIA3,3310,1,1903,1915,1904
CTRIA3,3311,1,1904,1915,1916
CTRIA3,3312,1,1904,1916,1906
CTRIA3,3313,1,1905,1913,1917
CTRIA3,3314,1,1905,1917,1910
CTRIA3,3315,1,1906,1916,1918
CTRIA3,3316,1,1906,1918,1911
CTRIA3,3317,1,1908,1910,1919
CTRIA3,3318,1,1907,1920,1912
CTRIA3,3319,1,1909,1914,1921
CTRIA3,3320,1,1909,1921,1922
CTRIA3,3321,1,1909,1922,1913
CTRIA3,3322,1,1911,1918,1923
CTRIA3,3323,1,1911,1923,1914
CTRIA3,3324,1,1910,1917,1924
CTRIA3,3325,1,1910,1924,1919
CTRIA3,3326,1,1912,1920,1925
CTRIA3,3327,1,1912,1925,1915
CTRIA3,3328,1,1913,1922,1926
CTRIA3,3329,1,1913,1926,1917
CTRIA3,3330,1,1915,1925,1916
CTRIA3,3331,1,1914,1923,1927
CTRIA3,3332,1,1914,1927,1921
CTRIA3,3333,1,1917,1926,1924
CTRIA3,3334,1,1916,1925,1928
CTRIA3,3335,1,1916,1929,1918
CTRIA3,3336,1,1916,1928,1929
CTRIA3,3337,1,1918,1929,1930
CTRIA3,3338,1,1918,1930,1923
CTRIA3,3339,1,1921,1927,1931
CTRIA3,3340,1,1921,1931,1922
CTRIA3,3341,1,1922,1931,1932
CTRIA3,3342,1,1922,1932,1926
CTRIA3,3343,1,1923,1930,1933
CTRIA3,3344,1,1923,1933,1927
CTRIA3,3345,1,1919,1924,1934
CTRIA3,3346,1,1920,1935,1925
CTRIA3,3347,1,1925,1935,1936
CTRIA3,3348,1,1925,1936,1928
CTRIA3,3349,1,1926,1932,1937
CTRIA3,3350,1,1926,1937,1924
CTRIA3,3351,1,1924,1937,1938
CTRIA3,3352,1,1924,1938,1934
CTRIA3,3353,1,1927,1933,1939
CTRIA3,3354,1,1927,1939,1931
CTRIA3,3355,1,1929,1928,1940
CTRIA3,3356,1,1929,1940,1930
CTRIA3,3357,1,1931,1939,1941
CTRIA3,3358,1,1931,1941,1932
CTRIA3,3359,1,1930,1940,1942
CTRIA3,3360,1,1930,1942,1933
CTRIA3,3361,1,1933,1942,1939
CTRIA3,3362,1,1932,1941,1943
CTRIA3,3363,1,1932,1943,1937
CTRIA3,3364,1,1928,1936,1944
CTRIA3,3365,1,1928,1944,1945
CTRIA3,3366,1,1928,1945,1940
CTRIA3,3367,1,1934,1938,1946
CTRIA3,3368,1,1935,1947,1936
CTRIA3,3369,1,1937,1943,1948
CTRIA3,3370,1,1937,1948,1938
CTRIA3,3371,1,1936,1947,1944
CTRIA3,3372,1,1940,1945,1949
CTRIA3,3373,1,1940,1949,1942
CTRIA3,3374,1,1939,1942,1950
CTRIA3,3375,1,1939,1950,1951
CTRIA3,3376,1,1939,1951,1941
CTRIA3,3377,1,1942,1949,1950
CTRIA3,3378,1,1938,1948,1952
CTRIA3,3379,1,1938,1952,1946
CTRIA3,3380,1,1941,1951,1953
CTRIA3,3381,1,1941,1953,1943
CTRIA3,3382,1,1943,1953,1954
CTRIA3,3383,1,1943,1954,1948
CTRIA3,3384,1,1946,1952,1955
CTRIA3,3385,1,1947,1956,1944
CTRIA3,3386,1,1944,1956,1957
CTRIA3,3387,1,1944,1957,1945
CTRIA3,3388,1,1945,1957,1958
CTRIA3,3389,1,1945,1958,1949
CTRIA3,3390,1,1948,1954,1952
CTRIA3,3391,1,1950,1949,1959
CTRIA3,3392,1,1950,1959,1960
CTRIA3,3393,1,1950,1960,1951
CTRIA3,3394,1,1949,1958,1959
CTRIA3,3395,1,1951,1960,1961
CTRIA3,3396,1,1951,1961,1953
CTRIA3,3397,1,1956,1962,1957
CTRIA3,3398,1,1957,1963,1958
CTRIA3,3399,1,1957,1962,1963
CTRIA3,3400,1,1958,1964,1959
CTRIA3,3401,1,1958,1963,1964
CTRIA3,3402,1,1959,1965,1960
CTRIA3,3403,1,1959,1964,1966
CTRIA3,3404,1,1959,1966,1965
CTRIA3,3405,1,1960,1965,1961
CTRIA3,3406,1,1961,1965,1967
CTRIA3,3407,1,1961,1967,1953
CTRIA3,3408,1,1953,1968,1954
CTRIA3,3409,1,1953,1967,1968
CTRIA3,3410,1,1954,1968,1969
CTRIA3,3411,1,1954,1969,1952
CTRIA3,3412,1,1952,1969,1970
CTRIA3,3413,1,1952,1970,1955
CTRIA3,3414,1,1965,1966,1971
CTRIA3,3415,1,1965,1971,1967
CTRIA3,3416,1,1968,1967,1972
CTRIA3,3417,1,1968,1973,1969
CTRIA3,3418,1,1968,1972,1973
CTRIA3,3419,1,1964,1963,1974
CTRIA3,3420,1,1964,1974,1966
CTRIA3,3421,1,1969,1973,1975
CTRIA3,3422,1,1969,1975,1970
CTRIA3,3423,1,1967,1971,1972
CTRIA3,3424,1,1963,1962,1976
CTRIA3,3425,1,1963,1976,1974
CTRIA3,3426,1,1970,1975,1977
CTRIA3,3427,1,1966,1974,1978
CTRIA3,3428,1,1966,1978,1979
CTRIA3,3429,1,1966,1979,1971
CTRIA3,3430,1,1973,1972,1980
CTRIA3,3431,1,1973,1980,1975
CTRIA3,3432,1,1974,1976,1981
CTRIA3,3433,1,1974,1981,1978
CTRIA3,3434,1,1972,1971,1982
CTRIA3,3435,1,1972,1982,1980
CTRIA3,3436,1,1971,1979,1982
CTRIA3,3437,1,1975,1980,1983
CTRIA3,3438,1,1975,1983,1977
CTRIA3,3439,1,1976,1984,1981
CTRIA3,3440,1,1980,1982,1985
CTRIA3,3441,1,1980,1985,1983
CTRIA3,3442,1,1981,1984,1986
CTRIA3,3443,1,1981,1986,1978
CTRIA3,3444,1,1978,1986,1987
CTRIA3,3445,1,1978,1987,1979
CTRIA3,3446,1,1979,1987,1988
CTRIA3,3447,1,1979,1988,1982
CTRIA3,3448,1,1982,1988,1989
CTRIA3,3449,1,1982,1989,1985
CTRIA3,3450,1,1984,1990,1986
CTRIA3,3451,1,1983,1985,1991
CTRIA3,3452,1,1986,1990,1992
CTRIA3,3453,1,1986,1992,1987
CTRIA3,3454,1,1985,1989,1993
CTRIA3,3455,1,1985,1993,1991
CTRIA3,3456,1,1987,1992,1994
CTRIA3,3457,1,1987,1994,1988
CTRIA3,3458,1,1988,1994,1995
CTRIA3,3459,1,1988,1995,1989
CTRIA3,3460,1,1990,1996,1992
CTRIA3,3461,1,1991,1993,1997
CTRIA3,3462,1,1989,1995,1998
CTRIA3,3463,1,1989,1998,1993
CTRIA3,3464,1,1993,1998,1997
CTRIA3,3465,1,1992,1996,1999
CTRIA3,3466,1,1992,2000,1994
CTRIA3,3467,1,1992,1999,2000
CTRIA3,3468,1,1994,2000,2001
CTRIA3,3469,1,1994,2001,1995
CTRIA3,3470,1,1997,1998,2002
CTRIA3,3471,1,1995,2001,2003
CTRIA3,3472,1,1995,2003,1998
CTRIA3,3473,1,1998,2003,2004
CTRIA3,3474,1,1998,2004,2002
CTRIA3,3475,1,2000,1999,2005
CTRIA3,3476,1,2000,2005,2006
CTRIA3,3477,1,2000,2006,2001
CTRIA3,3478,1,1999,2007,2005
CTRIA3,3479,1,2002,2004,2008
CTRIA3,3480,1,2001,2006,2009
CTRIA3,3481,1,2001,2009,2003
CTRIA3,3482,1,2005,2007,2010
CTRIA3,3483,1,2005,2010,2006
CTRIA3,3484,1,2003,2009,2011
CTRIA3,3485,1,2003,2012,2004
CTRIA3,3486,1,2003,2011,2012
CTRIA3,3487,1,2004,2013,2008
CTRIA3,3488,1,2004,2012,2013
CTRIA3,3489,1,2007,2014,2010
CTRIA3,3490,1,2006,2010,2015
CTRIA3,3491,1,2006,2015,2009
CTRIA3,3492,1,2010,2014,2016
CTRIA3,3493,1,2010,2016,2015
CTRIA3,3494,1,2009,2015,2017
CTRIA3,3495,1,2009,2017,2011
CTRIA3,3496,1,2013,2012,2018
CTRIA3,3497,1,2012,2011,2019
CTRIA3,3498,1,2012,2019,2018
CTRIA3,3499,1,2015,2016,2020
CTRIA3,3500,1,2015,2020,2017
CTRIA3,3501,1,2011,2017,2021
CTRIA3,3502,1,2011,2021,2019
CTRIA3,3503,1,2016,2022,2020
CTRIA3,3504,1,2018,2019,2023
CTRIA3,3505,1,2019,2021,2024
CTRIA3,3506,1,2019,2024,2023
CTRIA3,3507,1,2017,2020,2025
CTRIA3,3508,1,2017,2025,2026
CTRIA3,3509,1,2017,2026,2021
CTRIA3,3510,1,2020,2022,2027
CTRIA3,3511,1,2020,2027,2025
CTRIA3,3512,1,2021,2026,2028
CTRIA3,3513,1,2021,2028,2024
CTRIA3,3514,1,2022,2029,2027
CTRIA3,3515,1,2023,2024,2030
CTRIA3,3516,1,2024,2028,2031
CTRIA3,3517,1,2024,2031,2030
CTRIA3,3518,1,2027,2029,2032
CTRIA3,3519,1,2027,2032,2025
CTRIA3,3520,1,2025,2032,2033
CTRIA3,3521,1,2025,2033,2026
CTRIA3,3522,1,2026,2033,2034
CTRIA3,3523,1,2026,2034,2028
CTRIA3,3524,1,2029,2035,2032
CTRIA3,3525,1,2030,2031,2036
CTRIA3,3526,1,2028,2034,2031
CTRIA3,3527,1,2032,2035,2037
CTRIA3,3528,1,2032,2037,2033
CTRIA3,3529,1,2033,2037,2038
CTRIA3,3530,1,2033,2038,2034
CTRIA3,3531,1,2031,2034,2039
CTRIA3,3532,1,2031,2039,2040
CTRIA3,3533,1,2031,2040,2036
CTRIA3,3534,1,2034,2038,2039
CTRIA3,3535,1,2035,2041,2037
CTRIA3,3536,1,2037,2041,2042
CTRIA3,3537,1,2037,2043,2038
CTRIA3,3538,1,2037,2042,2043
CTRIA3,3539,1,2039,2038,2044
CTRIA3,3540,1,2039,2045,2040
CTRIA3,3541,1,2039,2044,2045
CTRIA3,3542,1,2038,2043,2044
CTRIA3,3543,1,2040,2045,2046
CTRIA3,3544,1,2045,2044,2047
CTRIA3,3545,1,2045,2047,2048
CTRIA3,3546,1,2045,2048,2046
CTRIA3,3547,1,2044,2043,2049
CTRIA3,3548,1,2044,2049,2047
CTRIA3,3549,1,2043,2042,2050
CTRIA3,3550,1,2043,2050,2049
CTRIA3,3551,1,2042,2051,2050
CTRIA3,3552,1,2047,2049,2052
CTRIA3,3553,1,2047,2052,2048
CTRIA3,3554,1,2050,2051,2053
CTRIA3,3555,1,2050,2053,2054
CTRIA3,3556,1,2050,2054,2049
CTRIA3,3557,1,2048,2052,2055
CTRIA3,3558,1,2049,2054,2056
CTRIA3,3559,1,2049,2056,2052
CTRIA3,3560,1,2052,2056,2057
CTRIA3,3561,1,2052,2057,2055
CTRIA3,3562,1,2053,2058,2054
CTRIA3,3563,1,2055,2057,2059
CTRIA3,3564,1,2054,2058,2060
CTRIA3,3565,1,2054,2060,2056
CTRIA3,3566,1,2056,2060,2061
CTRIA3,3567,1,2056,2061,2057
CTRIA3,3568,1,2057,2061,2059
CTRIA3,3569,1,2058,2062,2060
CTRIA3,3570,1,2059,2061,2063
CTRIA3,3571,1,2059,2063,2064
CTRIA3,3572,1,2060,2062,2065
CTRIA3,3573,1,2060,2066,2061
CTRIA3,3574,1,2060,2065,2066
CTRIA3,3575,1,2061,2066,2067
CTRIA3,3576,1,2061,2067,2063
CTRIA3,3577,1,2062,1718,2065
CTRIA3,3578,1,2064,2063,1721
CTRIA3,3579,1,2063,2067,2068
CTRIA3,3580,1,2063,2068,1721
CTRIA3,3581,1,2066,2065,1717
CTRIA3,3582,1,2066,1717,1722
CTRIA3,3583,1,2066,1722,2067
CTRIA3,3584,1,2065,1718,1717
CTRIA3,3585,1,2067,1722,2068
CTRIA3,3586,1,1718,1717,2069
CTRIA3,3587,1,1718,2069,2070
CTRIA3,3588,1,1717,1722,2071
CTRIA3,3589,1,1717,2071,2069
CTRIA3,3590,1,1722,1715,2072
CTRIA3,3591,1,1722,2072,2071
CTRIA3,3592,1,1715,1721,2073
CTRIA3,3593,1,1715,2073,2072
CTRIA3,3594,1,1721,2074,2073
CTRIA3,3595,1,1735,1732,2075
CTRIA3,3596,1,1735,2075,1737
CTRIA3,3597,1,2069,2071,2076
CTRIA3,3598,1,2069,2076,2070
CTRIA3,3599,1,1724,1725,2077
CTRIA3,3600,1,1724,2078,1728
CTRIA3,3601,1,1724,2077,2078
CTRIA3,3602,1,1728,2078,2079
CTRIA3,3603,1,1728,2079,1732
CTRIA3,3604,1,2073,2074,2080
CTRIA3,3605,1,2073,2080,2081
CTRIA3,3606,1,2073,2081,2072
CTRIA3,3607,1,1732,2079,2075
CTRIA3,3608,1,2072,2081,2082
CTRIA3,3609,1,2072,2082,2071
CTRIA3,3610,1,2071,2082,2083
CTRIA3,3611,1,2071,2083,2076
CTRIA3,3612,1,2078,2077,2084
CTRIA3,3613,1,2078,2084,2085
CTRIA3,3614,1,2078,2085,2079
CTRIA3,3615,1,2079,2085,2086
CTRIA3,3616,1,2079,2086,2075
CTRIA3,3617,1,2077,2087,2084
CTRIA3,3618,1,2076,2083,2088
CTRIA3,3619,1,2075,2086,2089
CTRIA3,3620,1,2080,2090,2081
CTRIA3,3621,1,2081,2091,2082
CTRIA3,3622,1,2081,2090,2091
CTRIA3,3623,1,2082,2092,2083
CTRIA3,3624,1,2082,2091,2092
CTRIA3,3625,1,2083,2092,2093
CTRIA3,3626,1,2083,2093,2088
CTRIA3,3627,1,2084,2087,2094
CTRIA3,3628,1,2084,2094,2085
CTRIA3,3629,1,2085,2094,2095
CTRIA3,3630,1,2085,2095,2086
CTRIA3,3631,1,2092,2091,2096
CTRIA3,3632,1,2092,2096,2093
CTRIA3,3633,1,2091,2090,2097
CTRIA3,3634,1,2091,2097,2096
CTRIA3,3635,1,2086,2095,2098
CTRIA3,3636,1,2086,2099,2089
CTRIA3,3637,1,2086,2098,2099
CTRIA3,3638,1,2087,2100,2094
CTRIA3,3639,1,2088,2093,2101
CTRIA3,3640,1,2090,2102,2097
CTRIA3,3641,1,2093,2096,2103
CTRIA3,3642,1,2093,2103,2101
CTRIA3,3643,1,2094,2100,2104
CTRIA3,3644,1,2094,2104,2095
CTRIA3,3645,1,2096,2097,2105
CTRIA3,3646,1,2096,2105,2103
CTRIA3,3647,1,2095,2104,2106
CTRIA3,3648,1,2095,2106,2098
CTRIA3,3649,1,2097,2102,2107
CTRIA3,3650,1,2097,2107,2105
CTRIA3,3651,1,2100,2108,2104
CTRIA3,3652,1,2101,2103,2109
CTRIA3,3653,1,2099,2098,2110
CTRIA3,3654,1,2102,2111,2107
CTRIA3,3655,1,2098,2106,2112
CTRIA3,3656,1,2098,2112,2110
CTRIA3,3657,1,2104,2108,2113
CTRIA3,3658,1,2104,2113,2106
CTRIA3,3659,1,2103,2105,2114
CTRIA3,3660,1,2103,2114,2109
CTRIA3,3661,1,2105,2107,2115
CTRIA3,3662,1,2105,2115,2114
CTRIA3,3663,1,2106,2113,2116
CTRIA3,3664,1,2106,2116,2112
CTRIA3,3665,1,2107,2111,2117
CTRIA3,3666,1,2107,2117,2115
CTRIA3,3667,1,2108,2118,2113
CTRIA3,3668,1,2109,2114,2119
CTRIA3,3669,1,2110,2112,2120
CTRIA3,3670,1,2113,2118,2116
CTRIA3,3671,1,2114,2115,2121
CTRIA3,3672,1,2114,2121,2119
CTRIA3,3673,1,2112,2116,2122
CTRIA3,3674,1,2112,2122,2120
CTRIA3,3675,1,2115,2117,2123
CTRIA3,3676,1,2115,2123,2121
CTRIA3,3677,1,2116,2118,2124
CTRIA3,3678,1,2116,2124,2122
CTRIA3,3679,1,2118,2125,2124
CTRIA3,3680,1,2119,2121,2126
CTRIA3,3681,1,2120,2122,2127
CTRIA3,3682,1,2117,2128,2123
CTRIA3,3683,1,2121,2123,2129
CTRIA3,3684,1,2121,2129,2126
CTRIA3,3685,1,2122,2124,2130
CTRIA3,3686,1,2122,2130,2127
CTRIA3,3687,1,2123,2128,2131
CTRIA3,3688,1,2123,2131,2129
CTRIA3,3689,1,2124,2125,2132
CTRIA3,3690,1,2124,2132,2130
CTRIA3,3691,1,2125,2133,2132
CTRIA3,3692,1,2126,2129,2134
CTRIA3,3693,1,2126,2134,2135
CTRIA3,3694,1,2127,2130,2136
CTRIA3,3695,1,2128,2137,2131
CTRIA3,3696,1,2129,2131,2138
CTRIA3,3697,1,2129,2138,2134
CTRIA3,3698,1,2131,2137,2139
CTRIA3,3699,1,2131,2139,2138
CTRIA3,3700,1,2130,2132,2140
CTRIA3,3701,1,2130,2140,2141
CTRIA3,3702,1,2130,2141,2136
CTRIA3,3703,1,2134,2138,2142
CTRIA3,3704,1,2134,2142,2135
CTRIA3,3705,1,2132,2133,2143
CTRIA3,3706,1,2132,2143,2140
CTRIA3,3707,1,2138,2139,2144
CTRIA3,3708,1,2138,2144,2142
CTRIA3,3709,1,2140,2143,2145
CTRIA3,3710,1,2140,2146,2141
CTRIA3,3711,1,2140,2145,2146
CTRIA3,3712,1,2143,2147,2145
CTRIA3,3713,1,2142,2144,2148
CTRIA3,3714,1,2139,2149,2144
CTRIA3,3715,1,2144,2149,2150
CTRIA3,3716,1,2144,2150,2148
CTRIA3,3717,1,2147,2151,2145
CTRIA3,3718,1,2148,2150,2152
CTRIA3,3719,1,2146,2145,2153
CTRIA3,3720,1,2149,2154,2150
CTRIA3,3721,1,2145,2151,2155
CTRIA3,3722,1,2145,2155,2153
CTRIA3,3723,1,2150,2154,2156
CTRIA3,3724,1,2150,2156,2152
CTRIA3,3725,1,2151,2157,2155
CTRIA3,3726,1,2152,2156,2158
CTRIA3,3727,1,2153,2155,2159
CTRIA3,3728,1,2154,2160,2156
CTRIA3,3729,1,2155,2157,2161
CTRIA3,3730,1,2155,2161,2159
CTRIA3,3731,1,2156,2162,2158
CTRIA3,3732,1,2156,2160,2162
CTRIA3,3733,1,2157,2163,2161
CTRIA3,3734,1,2157,2164,2161
CTRIA3,3735,1,2161,2165,2159
CTRIA3,3736,1,2161,2163,2166
CTRIA3,3737,1,2161,2166,2165
CTRIA3,3738,1,2161,2164,2167
CTRIA3,3739,1,2161,2168,2159
CTRIA3,3740,1,2161,2167,2168
CTRIA3,3741,1,2165,2166,2169
CTRIA3,3742,1,2163,2170,2166
CTRIA3,3743,1,2166,2170,2171
CTRIA3,3744,1,2166,2171,2169
CTRIA3,3745,1,2169,2171,2172
CTRIA3,3746,1,2170,2173,2171
CTRIA3,3747,1,2171,2173,2174
CTRIA3,3748,1,2171,2174,2172
CTRIA3,3749,1,2172,2174,2175
CTRIA3,3750,1,2173,2176,2174
CTRIA3,3751,1,2174,2176,2177
CTRIA3,3752,1,2174,2177,2175
CTRIA3,3753,1,2175,2177,2178
CTRIA3,3754,1,2176,2179,2177
CTRIA3,3755,1,2177,2179,2180
CTRIA3,3756,1,2177,2180,2178
CTRIA3,3757,1,2178,2180,2181
CTRIA3,3758,1,2179,2182,2180
CTRIA3,3759,1,2180,2182,2183
CTRIA3,3760,1,2180,2184,2181
CTRIA3,3761,1,2180,2183,2184
CTRIA3,3762,1,2181,2184,2185
CTRIA3,3763,1,2182,2186,2183
CTRIA3,3764,1,2184,2183,2187
CTRIA3,3765,1,2184,2187,2185
CTRIA3,3766,1,2183,2186,2188
CTRIA3,3767,1,2183,2188,2187
CTRIA3,3768,1,2185,2187,2189
CTRIA3,3769,1,2186,2190,2188
CTRIA3,3770,1,2187,2188,2191
CTRIA3,3771,1,2187,2192,2189
CTRIA3,3772,1,2187,2191,2192
CTRIA3,3773,1,2188,2190,2193
CTRIA3,3774,1,2188,2193,2191
CTRIA3,3775,1,2189,2192,2194
CTRIA3,3776,1,2190,2195,2193
CTRIA3,3777,1,2192,2191,2196
CTRIA3,3778,1,2192,2196,2194
CTRIA3,3779,1,2191,2193,2197
CTRIA3,3780,1,2191,2197,2196
CTRIA3,3781,1,2193,2195,2198
CTRIA3,3782,1,2193,2198,2197
CTRIA3,3783,1,2194,2196,2199
CTRIA3,3784,1,2195,2200,2198
CTRIA3,3785,1,2196,2197,2201
CTRIA3,3786,1,2196,2201,2199
CTRIA3,3787,1,2197,2198,2201
CTRIA3,3788,1,2199,2201,2202
CTRIA3,3789,1,2198,2200,2203
CTRIA3,3790,1,2198,2203,2204
CTRIA3,3791,1,2198,2204,2201
CTRIA3,3792,1,2201,2204,2205
CTRIA3,3793,1,2201,2205,2202
CTRIA3,3794,1,2202,2205,2206
CTRIA3,3795,1,2203,2207,2204
CTRIA3,3796,1,2203,2208,2207
CTRIA3,3797,1,2204,2207,2209
CTRIA3,3798,1,2204,2209,2205
CTRIA3,3799,1,2205,2209,2210
CTRIA3,3800,1,2205,2210,2206
CTRIA3,3801,1,2206,2210,2211
CTRIA3,3802,1,2207,2208,2212
CTRIA3,3803,1,2207,2212,2209
CTRIA3,3804,1,2209,2212,2213
CTRIA3,3805,1,2209,2213,2214
CTRIA3,3806,1,2209,2214,2210
CTRIA3,3807,1,2211,2210,2215
CTRIA3,3808,1,2211,2215,2216
CTRIA3,3809,1,2210,2214,2217
CTRIA3,3810,1,2210,2217,2215
CTRIA3,3811,1,2212,2218,2213
CTRIA3,3812,1,2213,2218,2219
CTRIA3,3813,1,2213,2219,2214
CTRIA3,3814,1,2216,2215,2220
CTRIA3,3815,1,2214,2219,2221
CTRIA3,3816,1,2214,2221,2217
CTRIA3,3817,1,2215,2217,2222
CTRIA3,3818,1,2215,2222,2220
CTRIA3,3819,1,2218,2223,2219
CTRIA3,3820,1,2217,2221,2222
CTRIA3,3821,1,2220,2222,2224
CTRIA3,3822,1,2223,2225,2219
CTRIA3,3823,1,2219,2225,2226
CTRIA3,3824,1,2219,2226,2221
CTRIA3,3825,1,2221,2227,2222
CTRIA3,3826,1,2221,2226,2227
CTRIA3,3827,1,2222,2227,2228
CTRIA3,3828,1,2222,2228,2224
CTRIA3,3829,1,2224,2228,2229
CTRIA3,3830,1,2225,2230,2226
CTRIA3,3831,1,2225,2231,2230
CTRIA3,3832,1,2227,2226,2232
CTRIA3,3833,1,2227,2233,2228
CTRIA3,3834,1,2227,2232,2233
CTRIA3,3835,1,2226,2230,2234
CTRIA3,3836,1,2226,2234,2232
CTRIA3,3837,1,2228,2233,2235
CTRIA3,3838,1,2228,2235,2229
CTRIA3,3839,1,2229,2235,2236
CTRIA3,3840,1,2230,2231,2237
CTRIA3,3841,1,2230,2237,2234
CTRIA3,3842,1,2231,2238,2237
CTRIA3,3843,1,2233,2232,2239
CTRIA3,3844,1,2233,2239,2240
CTRIA3,3845,1,2233,2240,2235
CTRIA3,3846,1,2232,2234,2241
CTRIA3,3847,1,2232,2241,2239
CTRIA3,3848,1,2235,2240,2236
CTRIA3,3849,1,2234,2237,2242
CTRIA3,3850,1,2234,2243,2241
CTRIA3,3851,1,2234,2242,2243
CTRIA3,3852,1,2236,2240,2244
CTRIA3,3853,1,2236,2244,2245
CTRIA3,3854,1,2237,2238,2246
CTRIA3,3855,1,2237,2246,2242
CTRIA3,3856,1,2238,2247,2246
CTRIA3,3857,1,2239,2241,2248
CTRIA3,3858,1,2239,2249,2240
CTRIA3,3859,1,2239,2248,2249
CTRIA3,3860,1,2240,2249,2244
CTRIA3,3861,1,2241,2243,2248
CTRIA3,3862,1,2245,2244,2250
CTRIA3,3863,1,2245,2250,2251
CTRIA3,3864,1,2244,2249,2250
CTRIA3,3865,1,2249,2248,2252
CTRIA3,3866,1,2249,2252,2250
CTRIA3,3867,1,2248,2243,2253
CTRIA3,3868,1,2248,2253,2252
CTRIA3,3869,1,2243,2242,2254
CTRIA3,3870,1,2243,2254,2253
CTRIA3,3871,1,2242,2246,2255
CTRIA3,3872,1,2242,2255,2254
CTRIA3,3873,1,2246,2247,2256
CTRIA3,3874,1,2246,2256,2255
CTRIA3,3875,1,2247,2257,2256
CTRIA3,3876,1,2250,2252,2258
CTRIA3,3877,1,2250,2258,2251
CTRIA3,3878,1,2257,2259,2260
CTRIA3,3879,1,2257,2260,2256
CTRIA3,3880,1,2254,2255,2261
CTRIA3,3881,1,2254,2261,2253
CTRIA3,3882,1,2251,2258,2262
CTRIA3,3883,1,2255,2256,2263
CTRIA3,3884,1,2255,2263,2261
CTRIA3,3885,1,2256,2260,2263
CTRIA3,3886,1,2252,2253,2264
CTRIA3,3887,1,2252,2264,2265
CTRIA3,3888,1,2252,2265,2258
CTRIA3,3889,1,2253,2261,2266
CTRIA3,3890,1,2253,2266,2264
CTRIA3,3891,1,2258,2265,2267
CTRIA3,3892,1,2258,2267,2262
CTRIA3,3893,1,2259,2268,2269
CTRIA3,3894,1,2259,2269,2260
CTRIA3,3895,1,2261,2263,2270
CTRIA3,3896,1,2261,2270,2266
CTRIA3,3897,1,2260,2269,2271
CTRIA3,3898,1,2260,2271,2263
CTRIA3,3899,1,2264,2266,2272
CTRIA3,3900,1,2264,2272,2265
CTRIA3,3901,1,2262,2267,2273
CTRIA3,3902,1,2263,2271,2274
CTRIA3,3903,1,2263,2274,2270
CTRIA3,3904,1,2265,2275,2267
CTRIA3,3905,1,2265,2272,2275
CTRIA3,3906,1,2267,2275,2273
CTRIA3,3907,1,2266,2270,2276
CTRIA3,3908,1,2266,2276,2272
CTRIA3,3909,1,2268,2277,2269
CTRIA3,3910,1,2269,2277,2278
CTRIA3,3911,1,2269,2278,2271
CTRIA3,3912,1,2270,2274,2279
CTRIA3,3913,1,2270,2279,2276
CTRIA3,3914,1,2271,2278,2280
CTRIA3,3915,1,2271,2280,2274
CTRIA3,3916,1,2273,2275,2281
CTRIA3,3917,1,2273,2281,2282
CTRIA3,3918,1,2275,2272,2283
CTRIA3,3919,1,2275,2283,2281
CTRIA3,3920,1,2272,2276,2284
CTRIA3,3921,1,2272,2284,2283
CTRIA3,3922,1,2274,2280,2285
CTRIA3,3923,1,2274,2285,2279
CTRIA3,3924,1,2277,2286,2278
CTRIA3,3925,1,2277,2287,2286
CTRIA3,3926,1,2278,2286,2288
CTRIA3,3927,1,2278,2288,2280
CTRIA3,3928,1,2276,2279,2289
CTRIA3,3929,1,2276,2289,2284
CTRIA3,3930,1,2281,2283,2290
CTRIA3,3931,1,2281,2291,2282
CTRIA3,3932,1,2281,2290,2291
CTRIA3,3933,1,2282,2291,2292
CTRIA3,3934,1,2279,2285,2293
CTRIA3,3935,1,2279,2293,2289
CTRIA3,3936,1,2283,2284,2294
CTRIA3,3937,1,2283,2294,2290
CTRIA3,3938,1,2280,2288,2295
CTRIA3,3939,1,2280,2295,2285
CTRIA3,3940,1,2286,2287,2296
CTRIA3,3941,1,2286,2296,2288
CTRIA3,3942,1,2284,2289,2297
CTRIA3,3943,1,2284,2297,2298
CTRIA3,3944,1,2284,2298,2294
CTRIA3,3945,1,2287,2299,2296
CTRIA3,3946,1,2285,2295,2300
CTRIA3,3947,1,2285,2300,2293
CTRIA3,3948,1,2288,2296,2301
CTRIA3,3949,1,2288,2301,2295
CTRIA3,3950,1,2291,2290,2302
CTRIA3,3951,1,2291,2302,2292
CTRIA3,3952,1,2289,2293,2303
CTRIA3,3953,1,2289,2303,2297
CTRIA3,3954,1,2290,2294,2304
CTRIA3,3955,1,2290,2304,2302
CTRIA3,3956,1,2293,2300,2303
CTRIA3,3957,1,2294,2298,2304
CTRIA3,3958,1,2292,2302,2305
CTRIA3,3959,1,2296,2299,2306
CTRIA3,3960,1,2296,2306,2301
CTRIA3,3961,1,2295,2301,2307
CTRIA3,3962,1,2295,2307,2308
CTRIA3,3963,1,2295,2308,2300
CTRIA3,3964,1,2301,2306,2307
CTRIA3,3965,1,2297,2303,2309
CTRIA3,3966,1,2297,2310,2298
CTRIA3,3967,1,2297,2309,2310
CTRIA3,3968,1,2302,2304,2311
CTRIA3,3969,1,2302,2311,2305
CTRIA3,3970,1,2300,2312,2303
CTRIA3,3971,1,2300,2308,2312
CTRIA3,3972,1,2299,2313,2306
CTRIA3,3973,1,2303,2312,2309
CTRIA3,3974,1,2298,2310,2314
CTRIA3,3975,1,2298,2314,2304
CTRIA3,3976,1,2304,2314,2315
CTRIA3,3977,1,2304,2315,2311
CTRIA3,3978,1,2306,2313,2316
CTRIA3,3979,1,2306,2316,2307
CTRIA3,3980,1,2305,2311,2317
CTRIA3,3981,1,2310,2309,2318
CTRIA3,3982,1,2310,2318,2314
CTRIA3,3983,1,2309,2312,2319
CTRIA3,3984,1,2309,2319,2318
CTRIA3,3985,1,2307,2316,2320
CTRIA3,3986,1,2307,2320,2308
CTRIA3,3987,1,2312,2308,2321
CTRIA3,3988,1,2312,2321,2319
CTRIA3,3989,1,2308,2320,2321
CTRIA3,3990,1,2313,2322,2316
CTRIA3,3991,1,2311,2315,2323
CTRIA3,3992,1,2311,2323,2317
CTRIA3,3993,1,2314,2318,2324
CTRIA3,3994,1,2314,2324,2315
CTRIA3,3995,1,2316,2322,2325
CTRIA3,3996,1,2316,2325,2320
CTRIA3,3997,1,2318,2319,2326
CTRIA3,3998,1,2318,2326,2324
CTRIA3,3999,1,2317,2323,2327
CTRIA3,4000,1,2319,2321,2328
CTRIA3,4001,1,2319,2328,2326
CTRIA3,4002,1,2315,2324,2329
CTRIA3,4003,1,2315,2329,2323
CTRIA3,4004,1,2321,2320,2330
CTRIA3,4005,1,2321,2330,2328
CTRIA3,4006,1,2320,2325,2331
CTRIA3,4007,1,2320,2331,2330
CTRIA3,4008,1,2322,2332,2325
CTRIA3,4009,1,2325,2332,2331
CTRIA3,4010,1,2324,2326,2333
CTRIA3,4011,1,2324,2333,2329
CTRIA3,4012,1,2323,2329,2334
CTRIA3,4013,1,2323,2334,2327
CTRIA3,4014,1,2326,2328,2335
CTRIA3,4015,1,2326,2335,2333
CTRIA3,4016,1,2328,2330,2336
CTRIA3,4017,1,2328,2336,2335
CTRIA3,4018,1,2332,2337,2331
CTRIA3,4019,1,2330,2331,2338
CTRIA3,4020,1,2330,2338,2339
CTRIA3,4021,1,2330,2339,2336
CTRIA3,4022,1,2331,2337,2338
CTRIA3,4023,1,2329,2333,2340
CTRIA3,4024,1,2329,2340,2341
CTRIA3,4025,1,2329,2341,2334
CTRIA3,4026,1,2333,2335,2342
CTRIA3,4027,1,2333,2342,2340
CTRIA3,4028,1,2335,2336,2343
CTRIA3,4029,1,2335,2343,2342
CTRIA3,4030,1,2334,2341,2344
CTRIA3,4031,1,2336,2339,2345
CTRIA3,4032,1,2336,2345,2343
CTRIA3,4033,1,2337,2346,2338
CTRIA3,4034,1,2338,2346,2347
CTRIA3,4035,1,2338,2347,2339
CTRIA3,4036,1,2339,2347,2345
CTRIA3,4037,1,2346,2348,2347
CTRIA3,4038,1,2347,2348,2349
CTRIA3,4039,1,2347,2349,2345
CTRIA3,4040,1,2345,2350,2343
CTRIA3,4041,1,2345,2349,2350
CTRIA3,4042,1,2343,2350,2342
CTRIA3,4043,1,2342,2350,2351
CTRIA3,4044,1,2342,2351,2340
CTRIA3,4045,1,2340,2352,2341
CTRIA3,4046,1,2340,2351,2352
CTRIA3,4047,1,2341,2353,2344
CTRIA3,4048,1,2341,2352,2353
CTRIA3,4049,1,2348,2354,2349
CTRIA3,4050,1,2350,2349,2355
CTRIA3,4051,1,2350,2355,2356
CTRIA3,4052,1,2350,2356,2351
CTRIA3,4053,1,2349,2354,2355
CTRIA3,4054,1,2353,2352,2357
CTRIA3,4055,1,2352,2351,2358
CTRIA3,4056,1,2352,2358,2357
CTRIA3,4057,1,2351,2356,2358
CTRIA3,4058,1,2354,2359,2355
CTRIA3,4059,1,2357,2358,2360
CTRIA3,4060,1,2357,2360,2361
CTRIA3,4061,1,2358,2356,2362
CTRIA3,4062,1,2358,2362,2360
CTRIA3,4063,1,2355,2359,2363
CTRIA3,4064,1,2355,2363,2356
CTRIA3,4065,1,2356,2363,2364
CTRIA3,4066,1,2356,2364,2362
CTRIA3,4067,1,2359,2365,2363
CTRIA3,4068,1,2360,2362,2366
CTRIA3,4069,1,2360,2366,2367
CTRIA3,4070,1,2360,2367,2361
CTRIA3,4071,1,2362,2364,2366
CTRIA3,4072,1,2363,2365,2368
CTRIA3,4073,1,2363,2368,2369
CTRIA3,4074,1,2363,2369,2364
CTRIA3,4075,1,2366,2364,2370
CTRIA3,4076,1,2366,2371,2367
CTRIA3,4077,1,2366,2370,2371
CTRIA3,4078,1,2364,2369,2372
CTRIA3,4079,1,2364,2372,2370
CTRIA3,4080,1,2368,2373,2369
CTRIA3,4081,1,2369,2373,2374
CTRIA3,4082,1,2369,2374,2372
CTRIA3,4083,1,2371,2370,2375
CTRIA3,4084,1,2370,2372,2376
CTRIA3,4085,1,2370,2376,2375
CTRIA3,4086,1,2372,2374,2377
CTRIA3,4087,1,2372,2377,2376
CTRIA3,4088,1,2373,2378,2374
CTRIA3,4089,1,2375,2376,2379
CTRIA3,4090,1,2374,2378,2380
CTRIA3,4091,1,2374,2380,2377
CTRIA3,4092,1,2376,2377,2381
CTRIA3,4093,1,2376,2381,2379
CTRIA3,4094,1,2378,2382,2380
CTRIA3,4095,1,2377,2380,2383
CTRIA3,4096,1,2377,2383,2381
CTRIA3,4097,1,2379,2381,2384
CTRIA3,4098,1,2381,2383,2385
CTRIA3,4099,1,2381,2385,2384
CTRIA3,4100,1,2380,2382,2386
CTRIA3,4101,1,2380,2386,2383
CTRIA3,4102,1,2382,2387,2386
CTRIA3,4103,1,2384,2385,2388
CTRIA3,4104,1,2383,2386,2389
CTRIA3,4105,1,2383,2389,2385
CTRIA3,4106,1,2385,2389,2390
CTRIA3,4107,1,2385,2390,2388
CTRIA3,4108,1,2386,2387,2391
CTRIA3,4109,1,2386,2391,2389
CTRIA3,4110,1,2388,2390,2392
CTRIA3,4111,1,2389,2391,2393
CTRIA3,4112,1,2389,2393,2390
CTRIA3,4113,1,2390,2393,2394
CTRIA3,4114,1,2390,2394,2392
CTRIA3,4115,1,2391,2395,2393
CTRIA3,4116,1,2393,2395,2396
CTRIA3,4117,1,2393,2396,2397
CTRIA3,4118,1,2393,2398,2394
CTRIA3,4119,1,2393,2397,2398
CTRIA3,4120,1,2395,2399,2396
CTRIA3,4121,1,2394,2398,2400
CTRIA3,4122,1,2396,2399,2401
CTRIA3,4123,1,2396,2401,2397
CTRIA3,4124,1,2399,2402,2401
CTRIA3,4125,1,2398,2397,2403
CTRIA3,4126,1,2398,2404,2400
CTRIA3,4127,1,2398,2403,2404
CTRIA3,4128,1,2397,2401,2405
CTRIA3,4129,1,2397,2405,2403
CTRIA3,4130,1,2401,2402,2405
CTRIA3,4131,1,2402,2406,2405
CTRIA3,4132,1,2404,2403,2407
CTRIA3,4133,1,2403,2405,2408
CTRIA3,4134,1,2403,2408,2407
CTRIA3,4135,1,2405,2406,2408
CTRIA3,4136,1,2408,2406,2409
CTRIA3,4137,1,2408,2409,2407
CTRIA3,4138,1,2406,2410,2409
CTRIA3,4139,1,2407,2409,2411
CTRIA3,4140,1,2409,2410,2412
CTRIA3,4141,1,2409,2412,2411
CTRIA3,4142,1,2410,2413,2412
CTRIA3,4143,1,2411,2412,2414
CTRIA3,4144,1,2412,2413,2415
CTRIA3,4145,1,2412,2415,2414
CTRIA3,4146,1,2413,2416,2415
CTRIA3,4147,1,2414,2415,2417
CTRIA3,4148,1,2415,2416,2418
CTRIA3,4149,1,2415,2418,2417
CTRIA3,4150,1,2416,2419,2418
CTRIA3,4151,1,2417,2418,2420
CTRIA3,4152,1,2418,2419,2421
CTRIA3,4153,1,2418,2421,2420
CTRIA3,4154,1,2419,2158,2421
CTRIA3,4155,1,2420,2421,2160
CTRIA3,4156,1,2421,2158,2162
CTRIA3,4157,1,2421,2162,2160
CTRIA3,4158,1,2158,2162,2422
CTRIA3,4159,1,2158,2422,2423
CTRIA3,4160,1,2162,2160,2424
CTRIA3,4161,1,2162,2424,2422
CTRIA3,4162,1,2422,2424,2425
CTRIA3,4163,1,2422,2425,2423
CTRIA3,4164,1,2164,2426,2167
CTRIA3,4165,1,2423,2425,2427
CTRIA3,4166,1,2168,2167,2428
CTRIA3,4167,1,2424,2429,2425
CTRIA3,4168,1,2167,2426,2430
CTRIA3,4169,1,2167,2430,2428
CTRIA3,4170,1,2425,2429,2431
CTRIA3,4171,1,2425,2431,2427
CTRIA3,4172,1,2426,2432,2430
CTRIA3,4173,1,2427,2431,2433
CTRIA3,4174,1,2428,2430,2434
CTRIA3,4175,1,2429,2435,2431
CTRIA3,4176,1,2430,2432,2434
CTRIA3,4177,1,2431,2435,2433
CTRIA3,4178,1,2436,2434,2437
CTRIA3,4179,1,2436,2437,2438
CTRIA3,4180,1,2432,2439,2440
CTRIA3,4181,1,2432,2440,2434
CTRIA3,4182,1,2434,2441,2437
CTRIA3,4183,1,2437,2441,2438
CTRIA3,4184,1,2441,2442,2438
CTRIA3,4185,1,2438,2442,2443
CTRIA3,4186,1,2442,2444,2443
CTRIA3,4187,1,2443,2444,2445
CTRIA3,4188,1,2444,2446,2445
CTRIA3,4189,1,2445,2446,2447
CTRIA3,4190,1,2446,2448,2447
CTRIA3,4191,1,2446,2449,2448
CTRIA3,4192,1,2447,2448,2450
CTRIA3,4193,1,2448,2449,2451
CTRIA3,4194,1,2448,2451,2450
CTRIA3,4195,1,2449,2452,2451
CTRIA3,4196,1,2450,2451,2453
CTRIA3,4197,1,2452,2454,2451
CTRIA3,4198,1,2453,2451,2455
CTRIA3,4199,1,2451,2454,2456
CTRIA3,4200,1,2451,2456,2455
CTRIA3,4201,1,2454,2457,2456
CTRIA3,4202,1,2455,2456,2458
CTRIA3,4203,1,2456,2457,2459
CTRIA3,4204,1,2456,2459,2458
CTRIA3,4205,1,2457,2460,2459
CTRIA3,4206,1,2458,2459,2461
CTRIA3,4207,1,2459,2460,2462
CTRIA3,4208,1,2459,2462,2461
CTRIA3,4209,1,2460,2463,2462
CTRIA3,4210,1,2461,2462,2464
CTRIA3,4211,1,2462,2463,2465
CTRIA3,4212,1,2462,2466,2464
CTRIA3,4213,1,2462,2465,2466
CTRIA3,4214,1,2463,2467,2465
CTRIA3,4215,1,2464,2466,2468
CTRIA3,4216,1,2466,2465,2469
CTRIA3,4217,1,2466,2469,2468
CTRIA3,4218,1,2465,2467,2470
CTRIA3,4219,1,2465,2470,2469
CTRIA3,4220,1,2467,2471,2470
CTRIA3,4221,1,2468,2469,2472
CTRIA3,4222,1,2469,2470,2473
CTRIA3,4223,1,2469,2473,2472
CTRIA3,4224,1,2470,2471,2473
CTRIA3,4225,1,2471,2474,2475
CTRIA3,4226,1,2471,2475,2473
CTRIA3,4227,1,2472,2473,2476
CTRIA3,4228,1,2472,2476,2477
CTRIA3,4229,1,2473,2475,2478
CTRIA3,4230,1,2473,2478,2476
CTRIA3,4231,1,2474,2479,2475
CTRIA3,4232,1,2477,2476,2480
CTRIA3,4233,1,2477,2480,2481
CTRIA3,4234,1,2475,2479,2478
CTRIA3,4235,1,2476,2478,2480
CTRIA3,4236,1,2479,2482,2478
CTRIA3,4237,1,2478,2482,2483
CTRIA3,4238,1,2478,2484,2480
CTRIA3,4239,1,2478,2483,2484
CTRIA3,4240,1,2480,2484,2485
CTRIA3,4241,1,2480,2485,2481
CTRIA3,4242,1,2482,2486,2487
CTRIA3,4243,1,2482,2487,2483
CTRIA3,4244,1,2484,2483,2488
CTRIA3,4245,1,2484,2488,2485
CTRIA3,4246,1,2485,2488,2489
CTRIA3,4247,1,2483,2487,2490
CTRIA3,4248,1,2483,2491,2488
CTRIA3,4249,1,2483,2490,2491
CTRIA3,4250,1,2488,2491,2492
CTRIA3,4251,1,2488,2492,2489
CTRIA3,4252,1,2486,2493,2487
CTRIA3,4253,1,2489,2492,2494
CTRIA3,4254,1,2487,2493,2495
CTRIA3,4255,1,2487,2495,2490
CTRIA3,4256,1,2491,2490,2496
CTRIA3,4257,1,2491,2496,2492
CTRIA3,4258,1,2490,2495,2497
CTRIA3,4259,1,2490,2497,2496
CTRIA3,4260,1,2492,2496,2498
CTRIA3,4261,1,2492,2498,2494
CTRIA3,4262,1,2493,2499,2495
CTRIA3,4263,1,2494,2498,2500
CTRIA3,4264,1,2495,2499,2501
CTRIA3,4265,1,2495,2501,2497
CTRIA3,4266,1,2496,2497,2502
CTRIA3,4267,1,2496,2502,2498
CTRIA3,4268,1,2497,2501,2502
CTRIA3,4269,1,2499,2503,2504
CTRIA3,4270,1,2499,2504,2501
CTRIA3,4271,1,2498,2502,2505
CTRIA3,4272,1,2498,2505,2506
CTRIA3,4273,1,2498,2506,2507
CTRIA3,4274,1,2498,2507,2500
CTRIA3,4275,1,2500,2507,2508
CTRIA3,4276,1,2501,2504,2509
CTRIA3,4277,1,2501,2509,2502
CTRIA3,4278,1,2502,2509,2505
CTRIA3,4279,1,2503,2510,2504
CTRIA3,4280,1,2503,2511,2510
CTRIA3,4281,1,2504,2510,2512
CTRIA3,4282,1,2504,2512,2509
CTRIA3,4283,1,2509,2512,2513
CTRIA3,4284,1,2509,2513,2505
CTRIA3,4285,1,2505,2513,2514
CTRIA3,4286,1,2505,2514,2506
CTRIA3,4287,1,2506,2514,2515
CTRIA3,4288,1,2506,2515,2507
CTRIA3,4289,1,2507,2516,2508
CTRIA3,4290,1,2507,2515,2516
CTRIA3,4291,1,2508,2516,2517
CTRIA3,4292,1,2510,2511,2518
CTRIA3,4293,1,2510,2518,2512
CTRIA3,4294,1,2517,2516,2519
CTRIA3,4295,1,2517,2519,2520
CTRIA3,4296,1,2512,2518,2521
CTRIA3,4297,1,2512,2521,2513
CTRIA3,4298,1,2513,2521,2522
CTRIA3,4299,1,2513,2522,2514
CTRIA3,4300,1,2516,2515,2523
CTRIA3,4301,1,2516,2523,2519
CTRIA3,4302,1,2511,2524,2518
CTRIA3,4303,1,2514,2522,2525
CTRIA3,4304,1,2514,2525,2515
CTRIA3,4305,1,2515,2525,2523
CTRIA3,4306,1,2520,2519,2526
CTRIA3,4307,1,2520,2526,2527
CTRIA3,4308,1,2518,2524,2528
CTRIA3,4309,1,2518,2529,2521
CTRIA3,4310,1,2518,2528,2529
CTRIA3,4311,1,2521,2529,2530
CTRIA3,4312,1,2521,2530,2522
CTRIA3,4313,1,2522,2531,2525
CTRIA3,4314,1,2522,2530,2531
CTRIA3,4315,1,2519,2523,2532
CTRIA3,4316,1,2519,2532,2526
CTRIA3,4317,1,2524,2533,2528
CTRIA3,4318,1,2525,2531,2534
CTRIA3,4319,1,2525,2534,2523
CTRIA3,4320,1,2523,2534,2532
CTRIA3,4321,1,2527,2526,2535
CTRIA3,4322,1,2529,2528,2536
CTRIA3,4323,1,2529,2537,2530
CTRIA3,4324,1,2529,2536,2537
CTRIA3,4325,1,2528,2533,2538
CTRIA3,4326,1,2528,2538,2536
CTRIA3,4327,1,2531,2530,2539
CTRIA3,4328,1,2531,2539,2534
CTRIA3,4329,1,2530,2537,2539
CTRIA3,4330,1,2526,2532,2540
CTRIA3,4331,1,2526,2540,2535
CTRIA3,4332,1,2533,2541,2538
CTRIA3,4333,1,2532,2534,2542
CTRIA3,4334,1,2532,2542,2543
CTRIA3,4335,1,2532,2543,2540
CTRIA3,4336,1,2534,2539,2544
CTRIA3,4337,1,2534,2544,2542
CTRIA3,4338,1,2538,2541,2545
CTRIA3,4339,1,2538,2545,2536
CTRIA3,4340,1,2537,2536,2546
CTRIA3,4341,1,2537,2547,2539
CTRIA3,4342,1,2537,2546,2547
CTRIA3,4343,1,2535,2540,2548
CTRIA3,4344,1,2535,2548,2549
CTRIA3,4345,1,2539,2547,2544
CTRIA3,4346,1,2536,2545,2546
CTRIA3,4347,1,2540,2543,2548
CTRIA3,4348,1,2541,2550,2551
CTRIA3,4349,1,2541,2551,2545
CTRIA3,4350,1,2547,2546,2552
CTRIA3,4351,1,2547,2552,2544
CTRIA3,4352,1,2545,2551,2553
CTRIA3,4353,1,2545,2553,2546
CTRIA3,4354,1,2542,2544,2554
CTRIA3,4355,1,2542,2555,2543
CTRIA3,4356,1,2542,2554,2555
CTRIA3,4357,1,2543,2556,2548
CTRIA3,4358,1,2543,2555,2556
CTRIA3,4359,1,2546,2553,2552
CTRIA3,4360,1,2544,2552,2554
CTRIA3,4361,1,2548,2556,2557
CTRIA3,4362,1,2548,2557,2549
CTRIA3,4363,1,2549,2557,2558
CTRIA3,4364,1,2550,2559,2551
CTRIA3,4365,1,2551,2560,2553
CTRIA3,4366,1,2551,2559,2560
CTRIA3,4367,1,2553,2560,2561
CTRIA3,4368,1,2553,2561,2552
CTRIA3,4369,1,2552,2561,2562
CTRIA3,4370,1,2552,2562,2554
CTRIA3,4371,1,2556,2555,2563
CTRIA3,4372,1,2556,2563,2564
CTRIA3,4373,1,2556,2564,2557
CTRIA3,4374,1,2555,2554,2565
CTRIA3,4375,1,2555,2565,2563
CTRIA3,4376,1,2557,2564,2566
CTRIA3,4377,1,2557,2566,2558
CTRIA3,4378,1,2554,2562,2567
CTRIA3,4379,1,2554,2567,2565
CTRIA3,4380,1,2560,2559,2568
CTRIA3,4381,1,2560,2569,2561
CTRIA3,4382,1,2560,2568,2569
CTRIA3,4383,1,2559,2570,2568
CTRIA3,4384,1,2561,2569,2571
CTRIA3,4385,1,2561,2571,2562
CTRIA3,4386,1,2563,2565,2572
CTRIA3,4387,1,2563,2573,2564
CTRIA3,4388,1,2563,2572,2573
CTRIA3,4389,1,2564,2573,2574
CTRIA3,4390,1,2564,2574,2566
CTRIA3,4391,1,2562,2571,2575
CTRIA3,4392,1,2562,2575,2567
CTRIA3,4393,1,2565,2567,2576
CTRIA3,4394,1,2565,2576,2572
CTRIA3,4395,1,2569,2568,2577
CTRIA3,4396,1,2569,2577,2571
CTRIA3,4397,1,2568,2570,2578
CTRIA3,4398,1,2568,2578,2577
CTRIA3,4399,1,2567,2575,2579
CTRIA3,4400,1,2567,2579,2576
CTRIA3,4401,1,2571,2577,2580
CTRIA3,4402,1,2571,2580,2581
CTRIA3,4403,1,2571,2581,2575
CTRIA3,4404,1,2573,2572,2582
CTRIA3,4405,1,2573,2583,2574
CTRIA3,4406,1,2573,2582,2583
CTRIA3,4407,1,2572,2576,2584
CTRIA3,4408,1,2572,2584,2582
CTRIA3,4409,1,2576,2579,2584
CTRIA3,4410,1,2575,2581,2585
CTRIA3,4411,1,2575,2585,2579
CTRIA3,4412,1,2577,2578,2586
CTRIA3,4413,1,2577,2586,2580
CTRIA3,4414,1,2578,2587,2586
CTRIA3,4415,1,2579,2585,2588
CTRIA3,4416,1,2579,2588,2584
CTRIA3,4417,1,2583,2582,2589
CTRIA3,4418,1,2582,2584,2590
CTRIA3,4419,1,2582,2590,2589
CTRIA3,4420,1,2580,2586,2591
CTRIA3,4421,1,2580,2591,2592
CTRIA3,4422,1,2580,2592,2581
CTRIA3,4423,1,2581,2592,2593
CTRIA3,4424,1,2581,2593,2585
CTRIA3,4425,1,2586,2587,2591
CTRIA3,4426,1,2584,2588,2594
CTRIA3,4427,1,2584,2594,2590
CTRIA3,4428,1,2585,2593,2595
CTRIA3,4429,1,2585,2595,2588
CTRIA3,4430,1,2587,2596,2591
CTRIA3,4431,1,2588,2595,2597
CTRIA3,4432,1,2588,2597,2594
CTRIA3,4433,1,2589,2590,2598
CTRIA3,4434,1,2591,2599,2592
CTRIA3,4435,1,2591,2596,2599
CTRIA3,4436,1,2592,2600,2593
CTRIA3,4437,1,2592,2599,2600
CTRIA3,4438,1,2590,2594,2598
CTRIA3,4439,1,2593,2601,2595
CTRIA3,4440,1,2593,2600,2601
CTRIA3,4441,1,2595,2601,2597
CTRIA3,4442,1,2598,2594,2602
CTRIA3,4443,1,2594,2597,2603
CTRIA3,4444,1,2594,2603,2602
CTRIA3,4445,1,2597,2601,2603
CTRIA3,4446,1,2601,2600,2604
CTRIA3,4447,1,2601,2604,2605
CTRIA3,4448,1,2601,2605,2603
CTRIA3,4449,1,2600,2599,2606
CTRIA3,4450,1,2600,2606,2604
CTRIA3,4451,1,2599,2596,2607
CTRIA3,4452,1,2599,2607,2606
CTRIA3,4453,1,2606,2607,2608
CTRIA3,4454,1,2606,2608,2604
CTRIA3,4455,1,2603,2605,2609
CTRIA3,4456,1,2603,2609,2602
CTRIA3,4457,1,2604,2608,2610
CTRIA3,4458,1,2604,2610,2605
CTRIA3,4459,1,2607,2611,2608
CTRIA3,4460,1,2608,2611,2612
CTRIA3,4461,1,2608,2612,2610
CTRIA3,4462,1,2605,2610,2613
CTRIA3,4463,1,2605,2614,2609
CTRIA3,4464,1,2605,2613,2614
CTRIA3,4465,1,2611,2615,2612
CTRIA3,4466,1,2610,2612,2616
CTRIA3,4467,1,2610,2616,2613
CTRIA3,4468,1,2612,2615,2617
CTRIA3,4469,1,2612,2617,2616
CTRIA3,4470,1,2614,2613,2618
CTRIA3,4471,1,2615,2619,2617
CTRIA3,4472,1,2613,2616,2620
CTRIA3,4473,1,2613,2620,2621
CTRIA3,4474,1,2613,2621,2618
CTRIA3,4475,1,2616,2617,2620
CTRIA3,4476,1,2618,2621,2622
CTRIA3,4477,1,2617,2619,2623
CTRIA3,4478,1,2617,2623,2624
CTRIA3,4479,1,2617,2624,2620
CTRIA3,4480,1,2620,2624,2621
CTRIA3,4481,1,2621,2624,2625
CTRIA3,4482,1,2621,2625,2622
CTRIA3,4483,1,2622,2625,2626
CTRIA3,4484,1,2623,2627,2624
CTRIA3,4485,1,2624,2627,2628
CTRIA3,4486,1,2624,2628,2625
CTRIA3,4487,1,2625,2628,2629
CTRIA3,4488,1,2625,2629,2626
CTRIA3,4489,1,2627,2630,2628
CTRIA3,4490,1,2628,2630,2631
CTRIA3,4491,1,2628,2631,2629
CTRIA3,4492,1,2629,2631,2632
CTRIA3,4493,1,2630,2633,2631
CTRIA3,4494,1,2630,2634,2633
CTRIA3,4495,1,2631,2633,2635
CTRIA3,4496,1,2631,2635,2632
CTRIA3,4497,1,2632,2635,2636
CTRIA3,4498,1,2633,2634,2637
CTRIA3,4499,1,2633,2637,2635
CTRIA3,4500,1,2634,2638,2637
CTRIA3,4501,1,2635,2637,2639
CTRIA3,4502,1,2635,2639,2636
CTRIA3,4503,1,2637,2638,2640
CTRIA3,4504,1,2637,2640,2639
CTRIA3,4505,1,2636,2639,2641
CTRIA3,4506,1,2639,2640,2642
CTRIA3,4507,1,2639,2642,2641
CTRIA3,4508,1,2641,2642,2643
CTRIA3,4509,1,2640,2644,2642
CTRIA3,4510,1,2642,2644,2645
CTRIA3,4511,1,2642,2645,2643
CTRIA3,4512,1,2643,2645,2646
CTRIA3,4513,1,2644,2647,2645
CTRIA3,4514,1,2645,2647,2648
CTRIA3,4515,1,2645,2648,2646
CTRIA3,4516,1,2646,2648,2649
CTRIA3,4517,1,2647,2650,2648
CTRIA3,4518,1,2648,2650,2651
CTRIA3,4519,1,2648,2651,2649
CTRIA3,4520,1,2649,2651,2652
CTRIA3,4521,1,2650,2653,2651
CTRIA3,4522,1,2651,2653,2652
CTRIA3,4523,1,2652,2653,2654
CTRIA3,4524,1,2653,2655,2654
CTRIA3,4525,1,2654,2655,2656
CTRIA3,4526,1,2655,2657,2656
CTRIA3,4527,1,2656,2657,2658
CTRIA3,4528,1,2657,2659,2658
CTRIA3,4529,1,2658,2659,2660
CTRIA3,4530,1,2659,2661,2660
CTRIA3,4531,1,2660,2661,2662
CTRIA3,4532,1,2661,2435,2662
CTRIA3,4533,1,2433,2435,2663
CTRIA3,4534,1,2433,2663,2664
CTRIA3,4535,1,2435,2665,2663
CTRIA3,4536,1,2663,2665,2664
CTRIA3,4537,1,2439,2666,2667
CTRIA3,4538,1,2439,2667,2440
CTRIA3,4539,1,2664,2665,2668
CTRIA3,4540,1,2664,2668,2669
CTRIA3,4541,1,2666,2670,2671
CTRIA3,4542,1,2666,2671,2667
CTRIA3,4543,1,2669,2668,2672
CTRIA3,4544,1,2669,2672,2673
CTRIA3,4545,1,2670,2674,2675
CTRIA3,4546,1,2670,2675,2671
CTRIA3,4547,1,2673,2672,2676
CTRIA3,4548,1,2673,2676,2677
CTRIA3,4549,1,2674,2678,2679
CTRIA3,4550,1,2674,2679,2675
CTRIA3,4551,1,2677,2676,2680
CTRIA3,4552,1,2677,2680,2681
CTRIA3,4553,1,2678,2682,2679
CTRIA3,4554,1,2681,2680,2683
$
$ MINIMAL CONSTRAINTS
SPC1,1,123456,1404
SPC1,1,23,2682
SPC1,1,3,1
