$ pyNastran : punch=True
$ Nanuqx Flying Wing - Converted from STL
$ Generated by convert_stl_to_bdf.py
$
$ GRID POINTS
GRID,1,,3.556000e-02,-2.392699e-01,4.169821e-02
GRID,2,,3.556000e-02,-2.225420e-01,2.130321e-02
GRID,3,,3.556000e-02,-2.100295e-01,4.722620e-02
GRID,4,,3.556000e-02,-2.370649e-01,6.562012e-02
GRID,5,,3.556000e-02,-2.001000e-01,7.214656e-02
GRID,6,,3.556000e-02,-2.206008e-01,8.573627e-02
GRID,7,,3.556000e-02,-1.997545e-01,1.041245e-02
GRID,8,,3.556000e-02,-1.887611e-01,2.791062e-02
GRID,9,,3.556000e-02,-1.996824e-01,9.920354e-02
GRID,10,,3.556000e-02,-1.730439e-01,5.350481e-02
GRID,11,,3.556000e-02,-1.907868e-01,1.036162e-01
GRID,12,,3.556000e-02,-1.654464e-01,8.259943e-02
GRID,13,,3.556000e-02,-1.755676e-01,3.054112e-03
GRID,14,,3.556000e-02,-1.676122e-01,1.137148e-01
GRID,15,,3.556000e-02,-1.534800e-01,2.830333e-02
GRID,16,,3.556000e-02,-1.510056e-01,-2.898318e-03
GRID,17,,3.556000e-02,-1.290954e-01,5.862066e-02
GRID,18,,3.556000e-02,-1.308145e-01,9.621200e-02
GRID,19,,3.556000e-02,-1.438218e-01,1.222243e-01
GRID,20,,3.556000e-02,-1.171307e-01,2.108935e-02
GRID,21,,3.556000e-02,-1.262069e-01,-7.743274e-03
GRID,22,,3.556000e-02,-1.196080e-01,1.294560e-01
GRID,23,,3.556000e-02,-9.355807e-02,7.814614e-02
GRID,24,,3.556000e-02,-9.645008e-02,1.087655e-01
GRID,25,,3.556000e-02,-8.401156e-02,4.800820e-02
GRID,26,,3.556000e-02,-1.012460e-01,-1.170448e-02
GRID,27,,3.556000e-02,-9.505368e-02,1.354368e-01
GRID,28,,3.556000e-02,-7.937315e-02,1.795496e-02
GRID,29,,3.556000e-02,-7.616901e-02,-1.480382e-02
GRID,30,,3.556000e-02,-6.771218e-02,9.736804e-02
GRID,31,,3.556000e-02,-6.703250e-02,1.219785e-01
GRID,32,,3.556000e-02,-7.021623e-02,1.401334e-01
GRID,33,,3.556000e-02,-4.916360e-02,7.279893e-02
GRID,34,,3.556000e-02,-4.054404e-02,3.845921e-02
GRID,35,,3.556000e-02,-5.025911e-02,8.814813e-03
GRID,36,,3.556000e-02,-5.099768e-02,-1.704918e-02
GRID,37,,3.556000e-02,-4.518761e-02,1.435014e-01
GRID,38,,3.556000e-02,-4.198416e-02,1.081998e-01
GRID,39,,3.556000e-02,-2.800490e-02,-2.286087e-03
GRID,40,,3.556000e-02,-2.576581e-02,-1.843294e-02
GRID,41,,3.556000e-02,-1.712258e-02,1.602865e-02
GRID,42,,3.556000e-02,-9.866228e-03,6.241107e-02
GRID,43,,3.556000e-02,-1.575923e-02,9.158315e-02
GRID,44,,3.556000e-02,-1.593427e-02,1.234644e-01
GRID,45,,3.556000e-02,-1.998996e-02,1.454772e-01
GRID,46,,3.556000e-02,2.428869e-03,3.577469e-02
GRID,47,,3.556000e-02,-1.880691e-03,-3.670193e-03
GRID,48,,3.556000e-02,-5.011542e-04,-1.892201e-02
GRID,49,,3.556000e-02,5.276579e-03,1.459372e-01
GRID,50,,3.556000e-02,1.548884e-02,1.068631e-02
GRID,51,,3.556000e-02,6.180563e-03,1.051995e-01
GRID,52,,3.556000e-02,1.688418e-02,1.241091e-01
GRID,53,,3.556000e-02,1.615056e-02,8.230951e-02
GRID,54,,3.556000e-02,2.817183e-02,5.658656e-02
GRID,55,,3.556000e-02,2.476649e-02,-1.846925e-02
GRID,56,,3.556000e-02,3.661209e-02,3.072583e-02
GRID,57,,3.556000e-02,3.052638e-02,1.448297e-01
GRID,58,,3.556000e-02,3.397570e-02,1.022052e-01
GRID,59,,3.556000e-02,4.226942e-02,4.084001e-03
GRID,60,,3.556000e-02,4.994313e-02,7.796015e-02
GRID,61,,3.556000e-02,4.579250e-02,1.231625e-01
GRID,62,,3.556000e-02,5.000289e-02,-1.712042e-02
GRID,63,,3.556000e-02,6.542954e-02,4.810222e-02
GRID,64,,3.556000e-02,5.566828e-02,1.422569e-01
GRID,65,,3.556000e-02,6.371494e-02,1.017706e-01
GRID,66,,3.556000e-02,6.036113e-02,2.180562e-02
GRID,67,,3.556000e-02,6.922480e-02,2.027198e-03
GRID,68,,3.556000e-02,7.506203e-02,1.227566e-01
GRID,69,,3.556000e-02,8.145364e-02,7.512063e-02
GRID,70,,3.556000e-02,7.517149e-02,-1.490825e-02
GRID,71,,3.556000e-02,8.063219e-02,1.383288e-01
GRID,72,,3.556000e-02,8.540092e-02,2.045604e-02
GRID,73,,3.556000e-02,9.400069e-02,1.028618e-01
GRID,74,,3.556000e-02,1.045611e-01,4.594349e-02
GRID,75,,3.556000e-02,1.002572e-01,-1.184497e-02
GRID,76,,3.556000e-02,1.053601e-01,1.330899e-01
GRID,77,,3.556000e-02,1.126267e-01,7.685658e-02
GRID,78,,3.556000e-02,1.094880e-01,1.421946e-02
GRID,79,,3.556000e-02,1.206996e-01,1.047846e-01
GRID,80,,3.556000e-02,1.252186e-01,-7.916216e-03
GRID,81,,3.556000e-02,1.332952e-01,2.523902e-02
GRID,82,,3.556000e-02,1.425882e-01,5.605839e-02
GRID,83,,3.556000e-02,1.297767e-01,1.265781e-01
GRID,84,,3.556000e-02,1.382328e-01,8.381054e-02
GRID,85,,3.556000e-02,1.481428e-01,1.028154e-01
GRID,86,,3.556000e-02,1.488866e-01,8.791145e-03
GRID,87,,3.556000e-02,1.500298e-01,-3.106080e-03
GRID,88,,3.556000e-02,1.538397e-01,1.188379e-01
GRID,89,,3.556000e-02,1.686707e-01,2.941737e-02
GRID,90,,3.556000e-02,1.640943e-01,8.210249e-02
GRID,91,,3.556000e-02,1.780557e-01,5.745984e-02
GRID,92,,3.556000e-02,1.773912e-01,1.096945e-01
GRID,93,,3.556000e-02,1.745977e-01,2.789952e-03
GRID,94,,3.556000e-02,1.906619e-01,8.220660e-02
GRID,95,,3.556000e-02,1.988007e-01,1.007940e-02
GRID,96,,3.556000e-02,2.059631e-01,4.104151e-02
GRID,97,,3.556000e-02,2.002582e-01,9.889755e-02
GRID,98,,3.556000e-02,2.073967e-01,6.591724e-02
GRID,99,,3.556000e-02,2.213986e-01,8.508911e-02
GRID,100,,3.556000e-02,2.213057e-01,2.052025e-02
GRID,101,,3.556000e-02,2.387245e-01,4.014853e-02
GRID,102,,3.556000e-02,2.374124e-01,6.487837e-02
GRID,103,,3.596440e-02,-1.164834e-01,2.184827e-03
GRID,104,,6.018378e-02,-1.166350e-01,2.387166e-03
GRID,105,,3.643774e-02,-1.164885e-01,2.613903e-02
GRID,106,,3.596440e-02,1.164834e-01,2.184827e-03
GRID,107,,3.643774e-02,1.164885e-01,2.613903e-02
GRID,108,,6.018378e-02,1.166350e-01,2.387166e-03
GRID,109,,5.516375e-02,-1.166079e-01,4.973123e-02
GRID,110,,3.691109e-02,-1.164936e-01,5.009324e-02
GRID,111,,6.042736e-02,-1.166387e-01,2.586995e-02
GRID,112,,3.691109e-02,1.164936e-01,5.009324e-02
GRID,113,,6.349670e-02,1.166599e-01,4.815651e-02
GRID,114,,7.119292e-02,1.167059e-01,2.462472e-02
GRID,115,,3.738444e-02,-1.164988e-01,7.404744e-02
GRID,116,,3.738444e-02,1.164988e-01,7.404744e-02
GRID,117,,6.137634e-02,1.166490e-01,7.424788e-02
GRID,118,,6.137634e-02,-1.166490e-01,7.424788e-02
GRID,119,,8.359921e-02,-1.167860e-01,5.109076e-02
GRID,120,,8.400180e-02,-1.167862e-01,2.494772e-02
GRID,121,,8.440317e-02,-1.167866e-01,2.589505e-03
GRID,122,,8.440316e-02,1.167866e-01,2.589505e-03
GRID,123,,8.536826e-02,-1.167992e-01,7.444832e-02
GRID,124,,8.536825e-02,1.167992e-01,7.444832e-02
GRID,125,,8.628998e-02,1.168024e-01,4.583372e-02
GRID,126,,9.808906e-02,1.168743e-01,2.488251e-02
GRID,127,,1.107984e-01,-1.169557e-01,4.506861e-02
GRID,128,,1.093602e-01,-1.169494e-01,7.464875e-02
GRID,129,,1.019516e-01,-1.168980e-01,1.949395e-02
GRID,130,,1.086225e-01,1.169383e-01,2.791844e-03
GRID,131,,1.086225e-01,-1.169383e-01,2.791844e-03
GRID,132,,1.093602e-01,1.169494e-01,7.464875e-02
GRID,133,,1.115105e-01,1.169608e-01,5.156166e-02
GRID,134,,1.282837e-01,1.170637e-01,2.877629e-02
GRID,135,,1.231963e-01,-1.170313e-01,2.215800e-02
GRID,136,,1.328419e-01,1.170899e-01,2.994183e-03
GRID,137,,1.328419e-01,-1.170899e-01,2.994183e-03
GRID,138,,1.333521e-01,1.170996e-01,7.484920e-02
GRID,139,,1.333521e-01,-1.170996e-01,7.484920e-02
GRID,140,,1.376756e-01,-1.171238e-01,4.364848e-02
GRID,141,,1.400929e-01,1.171399e-01,5.369464e-02
GRID,142,,1.451505e-01,-1.171686e-01,2.072641e-02
GRID,143,,1.638246e-01,1.172876e-01,4.473127e-02
GRID,144,,1.577995e-01,1.172475e-01,1.785204e-02
GRID,145,,1.570613e-01,1.172415e-01,3.196521e-03
GRID,146,,1.570613e-01,-1.172415e-01,3.196521e-03
GRID,147,,1.573440e-01,1.172498e-01,7.504964e-02
GRID,148,,1.579699e-01,-1.172521e-01,5.723013e-02
GRID,149,,1.573440e-01,-1.172498e-01,7.504964e-02
GRID,150,,1.610301e-01,-1.172694e-01,3.639489e-02
GRID,151,,1.652498e-01,-1.172942e-01,1.835023e-02
GRID,152,,1.812807e-01,-1.173932e-01,3.398860e-03
GRID,153,,1.812807e-01,1.173932e-01,3.398860e-03
GRID,154,,1.813359e-01,-1.174000e-01,7.525008e-02
GRID,155,,1.813359e-01,1.174000e-01,7.525008e-02
GRID,156,,1.861617e-01,1.174257e-01,2.492503e-02
GRID,157,,1.812287e-01,-1.173969e-01,4.835114e-02
GRID,158,,1.822377e-01,-1.174013e-01,2.681675e-02
GRID,159,,1.947591e-01,1.174818e-01,5.040313e-02
GRID,160,,2.009357e-01,-1.175191e-01,3.504425e-02
GRID,161,,2.065044e-01,-1.175557e-01,5.426518e-02
GRID,162,,2.053473e-01,-1.175451e-01,1.739126e-02
GRID,163,,2.055001e-01,-1.175448e-01,3.601199e-03
GRID,164,,2.055001e-01,1.175448e-01,3.601199e-03
GRID,165,,2.053278e-01,1.175502e-01,7.545051e-02
GRID,166,,2.053278e-01,-1.175502e-01,7.545051e-02
GRID,167,,2.103618e-01,1.175781e-01,3.511487e-02
GRID,168,,2.109124e-01,1.175800e-01,1.866834e-02
GRID,169,,2.292504e-01,1.176978e-01,5.170148e-02
GRID,170,,2.293356e-01,-1.176962e-01,2.775085e-02
GRID,171,,2.292503e-01,-1.176978e-01,5.170111e-02
GRID,172,,2.293197e-01,-1.177004e-01,7.565096e-02
GRID,173,,2.293197e-01,1.177004e-01,7.565096e-02
GRID,174,,2.297195e-01,-1.176964e-01,3.803538e-03
GRID,175,,2.297195e-01,1.176964e-01,3.803538e-03
GRID,176,,2.293357e-01,1.176962e-01,2.775163e-02
GRID,177,,2.292503e-01,-1.176978e-01,5.172208e-02
GRID,178,,2.293365e-01,-1.176962e-01,2.766271e-02
GRID,179,,2.324100e-01,-1.177176e-01,5.172208e-02
GRID,180,,2.292504e-01,1.176978e-01,5.170947e-02
GRID,181,,2.324100e-01,1.177176e-01,5.170904e-02
GRID,182,,2.293364e-01,1.176962e-01,2.766922e-02
GRID,183,,2.324100e-01,1.177198e-01,7.567677e-02
GRID,184,,2.324100e-01,-1.177198e-01,7.567677e-02
GRID,185,,2.324100e-01,1.177154e-01,2.766921e-02
GRID,186,,2.324100e-01,-1.177154e-01,2.766271e-02
GRID,187,,2.324100e-01,1.177133e-01,3.826016e-03
GRID,188,,2.324100e-01,-1.177133e-01,3.826016e-03
GRID,189,,2.324100e-01,-3.862916e-01,4.515394e-02
GRID,190,,2.324100e-01,-3.686640e-01,2.468878e-02
GRID,191,,2.324100e-01,-3.669649e-01,5.291845e-02
GRID,192,,2.324100e-01,-3.803452e-01,7.039889e-02
GRID,193,,2.324100e-01,-3.501496e-01,7.119041e-02
GRID,194,,2.324100e-01,-3.611062e-01,8.757369e-02
GRID,195,,2.324100e-01,-3.455714e-01,4.427909e-02
GRID,196,,2.324100e-01,-3.451332e-01,1.429926e-02
GRID,197,,2.324100e-01,-3.385587e-01,1.002327e-01
GRID,198,,2.324100e-01,-3.211570e-01,6.591988e-02
GRID,199,,2.324100e-01,-3.214150e-01,3.391143e-02
GRID,200,,2.324100e-01,-3.205425e-01,6.289907e-03
GRID,201,,2.324100e-01,-3.038590e-01,8.976503e-02
GRID,202,,2.324100e-01,-3.152099e-01,1.113425e-01
GRID,203,,2.324100e-01,-2.966060e-01,2.157965e-02
GRID,204,,2.324100e-01,-2.964355e-01,4.703553e-02
GRID,205,,2.324100e-01,-2.866555e-01,6.974451e-02
GRID,206,,2.324100e-01,-2.956330e-01,-6.377246e-04
GRID,207,,2.324100e-01,-2.914257e-01,1.214723e-01
GRID,208,,2.324100e-01,-2.717434e-01,9.146854e-02
GRID,209,,2.324100e-01,-2.664024e-01,1.184961e-02
GRID,210,,2.324100e-01,-2.767314e-01,3.379903e-02
GRID,211,,2.324100e-01,-2.674370e-01,5.236017e-02
GRID,212,,2.324100e-01,-2.705134e-01,-6.762955e-03
GRID,213,,2.324100e-01,-2.547738e-01,1.109342e-01
GRID,214,,2.324100e-01,-2.672851e-01,1.307363e-01
GRID,215,,2.324100e-01,-2.525476e-01,7.050389e-02
GRID,216,,2.324100e-01,-2.494662e-01,3.260431e-02
GRID,217,,2.324100e-01,-2.354303e-01,8.857686e-02
GRID,218,,2.324100e-01,-2.452659e-01,-1.233440e-02
GRID,219,,2.324100e-01,-2.350904e-01,5.238263e-02
GRID,220,,2.324100e-01,-2.429127e-01,1.393683e-01
GRID,221,,2.324100e-01,-2.336976e-01,1.114022e-02
GRID,222,,2.324100e-01,-2.249020e-01,1.137976e-01
GRID,223,,2.324100e-01,-2.182255e-01,7.053869e-02
GRID,224,,2.324100e-01,-2.181152e-01,3.396279e-02
GRID,225,,2.324100e-01,-2.199132e-01,-1.741000e-02
GRID,226,,2.324100e-01,-2.183243e-01,1.473606e-01
GRID,227,,2.324100e-01,-2.026060e-01,9.242517e-02
GRID,228,,2.324100e-01,-2.012960e-01,5.257661e-02
GRID,229,,2.324100e-01,-2.033775e-01,1.323645e-02
GRID,230,,2.324100e-01,-2.004522e-01,1.226462e-01
GRID,231,,2.324100e-01,-1.944781e-01,-2.203648e-02
GRID,232,,2.324100e-01,-1.935544e-01,1.547659e-01
GRID,233,,2.324100e-01,-1.845203e-01,7.023326e-02
GRID,234,,2.324100e-01,-1.903633e-01,3.397848e-02
GRID,235,,2.324100e-01,-1.848201e-01,-1.920154e-03
GRID,236,,2.324100e-01,-1.714113e-01,2.010699e-02
GRID,237,,2.324100e-01,-1.684614e-01,8.803150e-02
GRID,238,,2.324100e-01,-1.810803e-01,1.071576e-01
GRID,239,,2.324100e-01,-1.701662e-01,4.865765e-02
GRID,240,,2.324100e-01,-1.734304e-01,1.315633e-01
GRID,241,,2.324100e-01,-1.689619e-01,-2.620992e-02
GRID,242,,2.324100e-01,-1.686004e-01,1.615339e-01
GRID,243,,2.324100e-01,-1.535725e-01,-7.978067e-04
GRID,244,,2.324100e-01,-1.484939e-01,6.452458e-02
GRID,245,,2.324100e-01,-1.576088e-01,1.111661e-01
GRID,246,,2.324100e-01,-1.443210e-01,1.365981e-01
GRID,247,,2.324100e-01,-1.467568e-01,3.350821e-02
GRID,248,,2.324100e-01,-1.433736e-01,-2.990603e-02
GRID,249,,2.324100e-01,-1.434707e-01,1.676125e-01
GRID,250,,2.324100e-01,-1.409934e-01,9.049646e-02
GRID,251,,2.324100e-01,-1.357385e-01,1.110111e-01
GRID,252,,2.324100e-01,-1.177157e-01,-7.333017e-03
GRID,253,,2.324100e-01,-1.348273e-01,1.043253e-02
GRID,254,,2.324100e-01,-1.177159e-01,4.419476e-02
GRID,255,,2.324100e-01,-1.177160e-01,6.995864e-02
GRID,256,,2.324100e-01,-1.177158e-01,1.843087e-02
GRID,257,,2.324100e-01,-1.177162e-01,1.214864e-01
GRID,258,,2.324100e-01,-1.177163e-01,1.472503e-01
GRID,259,,2.324100e-01,-1.177165e-01,1.730142e-01
GRID,260,,2.324100e-01,-1.177156e-01,-3.309690e-02
GRID,261,,2.324100e-01,-1.177161e-01,9.572253e-02
GRID,262,,2.324100e-01,-1.177176e-01,5.173047e-02
GRID,263,,2.340956e-01,-1.177282e-01,5.173059e-02
GRID,264,,2.340267e-01,-1.177299e-01,7.569028e-02
GRID,265,,2.324100e-01,-1.177154e-01,2.772981e-02
GRID,266,,2.340100e-01,-1.177255e-01,2.772981e-02
GRID,267,,2.324100e-01,-9.329883e-02,1.550412e-01
GRID,268,,2.324100e-01,-9.178001e-02,1.775733e-01
GRID,269,,2.324100e-01,-9.603368e-02,1.325848e-01
GRID,270,,2.324100e-01,-9.890828e-02,1.120765e-01
GRID,271,,2.324100e-01,-9.411144e-02,6.994170e-02
GRID,272,,2.324100e-01,-8.870255e-02,9.433885e-02
GRID,273,,2.324100e-01,-9.742773e-02,2.829288e-02
GRID,274,,2.324100e-01,-8.537886e-02,4.569814e-02
GRID,275,,2.324100e-01,-9.365402e-02,8.140505e-03
GRID,276,,2.324100e-01,-9.057813e-02,-1.629807e-02
GRID,277,,2.324100e-01,-9.163698e-02,-3.579450e-02
GRID,278,,2.336263e-01,-1.177209e-01,3.836177e-03
GRID,279,,2.324100e-01,-7.886720e-02,1.161174e-01
GRID,280,,2.324100e-01,-7.430290e-02,2.405299e-02
GRID,281,,2.324100e-01,-7.219135e-02,1.375331e-01
GRID,282,,2.324100e-01,-6.555026e-02,6.169024e-02
GRID,283,,2.324100e-01,-6.878360e-02,8.222164e-02
GRID,284,,2.324100e-01,-6.886243e-02,-2.680729e-03
GRID,285,,2.324100e-01,-6.350555e-02,1.611865e-01
GRID,286,,2.324100e-01,-6.569615e-02,1.811758e-01
GRID,287,,2.324100e-01,-6.550247e-02,-3.790689e-02
GRID,288,,2.324100e-01,-6.749372e-02,1.019241e-01
GRID,289,,2.324100e-01,-5.873342e-02,4.015969e-02
GRID,290,,2.324100e-01,-5.717340e-02,1.184185e-01
GRID,291,,2.324100e-01,-5.174713e-02,1.689815e-02
GRID,292,,2.324100e-01,-4.655502e-02,1.381426e-01
GRID,293,,2.324100e-01,-4.697466e-02,-1.130103e-02
GRID,294,,2.324100e-01,-4.477539e-02,7.733193e-02
GRID,295,,2.324100e-01,-4.853851e-02,9.781287e-02
GRID,296,,2.324100e-01,-3.949186e-02,1.837056e-01
GRID,297,,2.324100e-01,-3.919516e-02,5.665224e-02
GRID,298,,2.324100e-01,-3.932702e-02,-3.937940e-02
GRID,299,,2.324100e-01,-3.131530e-02,1.591705e-01
GRID,300,,2.324100e-01,-3.436697e-02,3.474334e-02
GRID,301,,2.324100e-01,-3.429352e-02,1.159821e-01
GRID,302,,2.324100e-01,-3.061541e-02,1.056657e-02
GRID,303,,2.324100e-01,-2.633654e-02,9.510283e-02
GRID,304,,2.324100e-01,-2.506427e-02,-1.615047e-02
GRID,305,,2.324100e-01,-2.085703e-02,1.339558e-01
GRID,306,,2.324100e-01,-1.981483e-02,7.470811e-02
GRID,307,,2.324100e-01,-1.319066e-02,1.850353e-01
GRID,308,,2.324100e-01,-1.311798e-02,-4.014572e-02
GRID,309,,2.324100e-01,-1.461511e-02,5.265314e-02
GRID,310,,2.324100e-01,-1.182671e-02,2.847647e-02
GRID,311,,2.324100e-01,-1.522940e-02,1.134955e-01
GRID,312,,2.324100e-01,-4.168452e-03,1.506488e-01
GRID,313,,2.324100e-01,-1.028997e-02,4.286835e-03
GRID,314,,2.324100e-01,-9.976223e-04,9.699127e-02
GRID,315,,2.324100e-01,-6.610867e-03,-1.647098e-02
GRID,316,,2.324100e-01,3.741292e-03,1.226642e-01
GRID,317,,2.324100e-01,6.901749e-03,7.441422e-02
GRID,318,,2.324100e-01,1.047085e-02,4.754094e-02
GRID,319,,2.324100e-01,1.725606e-02,1.636495e-01
GRID,320,,2.324100e-01,1.313091e-02,1.850369e-01
GRID,321,,2.324100e-01,1.187137e-02,-2.376714e-02
GRID,322,,2.324100e-01,1.309857e-02,-4.014549e-02
GRID,323,,2.324100e-01,1.150326e-02,2.144427e-02
GRID,324,,2.324100e-01,1.073444e-02,-2.216327e-03
GRID,325,,2.324100e-01,2.633340e-02,1.353611e-01
GRID,326,,2.324100e-01,2.832683e-02,1.019800e-01
GRID,327,,2.324100e-01,3.310883e-02,6.957739e-02
GRID,328,,2.324100e-01,3.851434e-02,3.778549e-02
GRID,329,,2.324100e-01,2.942502e-02,-1.278134e-02
GRID,330,,2.324100e-01,3.289543e-02,8.952654e-03
GRID,331,,2.324100e-01,3.930798e-02,-3.937946e-02
GRID,332,,2.324100e-01,3.943333e-02,1.837093e-01
GRID,333,,2.324100e-01,4.961316e-02,1.563779e-01
GRID,334,,2.324100e-01,6.080056e-02,1.242636e-01
GRID,335,,2.324100e-01,5.856308e-02,9.025081e-02
GRID,336,,2.324100e-01,5.139154e-02,-1.205500e-02
GRID,337,,2.324100e-01,5.822670e-02,1.253149e-02
GRID,338,,2.324100e-01,6.231532e-02,6.268447e-02
GRID,339,,2.324100e-01,7.020081e-02,3.619839e-02
GRID,340,,2.324100e-01,6.548351e-02,-3.790893e-02
GRID,341,,2.324100e-01,6.563599e-02,1.811839e-01
GRID,342,,2.324100e-01,8.466908e-02,1.529050e-01
GRID,343,,2.324100e-01,7.592132e-02,-1.171407e-02
GRID,344,,2.324100e-01,8.056074e-02,1.315564e-02
GRID,345,,2.324100e-01,8.943231e-02,7.908020e-02
GRID,346,,2.324100e-01,8.495756e-02,1.021917e-01
GRID,347,,2.324100e-01,9.627252e-02,1.238677e-01
GRID,348,,2.324100e-01,9.218864e-02,5.356018e-02
GRID,349,,2.324100e-01,9.161811e-02,-3.579741e-02
GRID,350,,2.324100e-01,9.172323e-02,1.775820e-01
GRID,351,,2.324100e-01,9.696132e-02,2.767968e-02
GRID,352,,2.324100e-01,9.870419e-02,-4.721033e-03
GRID,353,,2.324100e-01,1.177163e-01,1.472523e-01
GRID,354,,2.324100e-01,1.177165e-01,1.730165e-01
GRID,355,,2.324100e-01,1.177161e-01,9.572392e-02
GRID,356,,2.324100e-01,1.177160e-01,6.995973e-02
GRID,357,,2.324100e-01,1.177156e-01,-3.309701e-02
GRID,358,,2.324100e-01,1.177159e-01,4.419555e-02
GRID,359,,2.324100e-01,1.177162e-01,1.214881e-01
GRID,360,,2.324100e-01,1.177158e-01,1.843136e-02
GRID,361,,2.324100e-01,1.177157e-01,-7.332821e-03
GRID,362,,2.324100e-01,1.177155e-01,2.774197e-02
GRID,363,,2.336263e-01,1.177209e-01,3.836177e-03
GRID,364,,2.324100e-01,1.177176e-01,5.173537e-02
GRID,365,,2.340959e-01,1.177282e-01,5.173661e-02
GRID,366,,2.340100e-01,1.177255e-01,2.772885e-02
GRID,367,,2.324100e-01,1.433416e-01,-2.991160e-02
GRID,368,,2.324100e-01,1.330358e-01,2.158001e-02
GRID,369,,2.324100e-01,1.508228e-01,-4.083080e-04
GRID,370,,2.324100e-01,1.401048e-01,4.970971e-02
GRID,371,,2.324100e-01,1.534410e-01,7.136388e-02
GRID,372,,2.324100e-01,1.423451e-01,9.327159e-02
GRID,373,,2.324100e-01,1.349373e-01,1.199173e-01
GRID,374,,2.324100e-01,1.496325e-01,1.405313e-01
GRID,375,,2.324100e-01,1.442318e-01,1.674371e-01
GRID,376,,2.340267e-01,1.177299e-01,7.569028e-02
GRID,377,,2.324100e-01,1.562957e-01,3.023987e-02
GRID,378,,2.324100e-01,1.607671e-01,1.145705e-01
GRID,379,,2.324100e-01,1.700040e-01,5.231646e-02
GRID,380,,2.324100e-01,1.725449e-01,9.197700e-02
GRID,381,,2.324100e-01,1.688991e-01,-2.622109e-02
GRID,382,,2.324100e-01,1.693260e-01,1.613470e-01
GRID,383,,2.324100e-01,1.760226e-01,1.350408e-01
GRID,384,,2.324100e-01,1.845718e-01,-3.813245e-03
GRID,385,,2.324100e-01,1.728816e-01,1.627172e-02
GRID,386,,2.324100e-01,1.866733e-01,7.188043e-02
GRID,387,,2.324100e-01,1.857702e-01,3.463550e-02
GRID,388,,2.324100e-01,1.894068e-01,1.118018e-01
GRID,389,,2.324100e-01,1.943826e-01,-2.205193e-02
GRID,390,,2.324100e-01,1.942433e-01,1.545675e-01
GRID,391,,2.324100e-01,2.017772e-01,5.270245e-02
GRID,392,,2.324100e-01,2.042581e-01,9.159703e-02
GRID,393,,2.324100e-01,2.034353e-01,1.325599e-02
GRID,394,,2.324100e-01,2.001699e-01,1.317612e-01
GRID,395,,2.324100e-01,2.188640e-01,3.413166e-02
GRID,396,,2.324100e-01,2.186992e-01,7.068088e-02
GRID,397,,2.324100e-01,2.213967e-01,1.154249e-01
GRID,398,,2.324100e-01,2.189785e-01,1.471557e-01
GRID,399,,2.324100e-01,2.197890e-01,-1.743321e-02
GRID,400,,2.324100e-01,2.353735e-01,5.257750e-02
GRID,401,,2.324100e-01,2.342367e-01,1.189037e-02
GRID,402,,2.324100e-01,2.351311e-01,8.876848e-02
GRID,403,,2.324100e-01,2.526758e-01,7.056649e-02
GRID,404,,2.324100e-01,2.520694e-01,3.403721e-02
GRID,405,,2.324100e-01,2.435317e-01,1.391557e-01
GRID,406,,2.324100e-01,2.451088e-01,-1.236754e-02
GRID,407,,2.324100e-01,2.540469e-01,1.110283e-01
GRID,408,,2.324100e-01,2.677766e-01,1.371050e-02
GRID,409,,2.324100e-01,2.719840e-01,9.154978e-02
GRID,410,,2.324100e-01,2.694441e-01,5.257018e-02
GRID,411,,2.324100e-01,2.678676e-01,1.305252e-01
GRID,412,,2.324100e-01,2.703264e-01,-6.806368e-03
GRID,413,,2.324100e-01,2.812389e-01,3.492752e-02
GRID,414,,2.324100e-01,2.841226e-01,7.027001e-02
GRID,415,,2.324100e-01,2.954132e-01,-6.950977e-04
GRID,416,,2.324100e-01,3.010859e-01,2.171081e-02
GRID,417,,2.324100e-01,2.919692e-01,1.212527e-01
GRID,418,,2.324100e-01,3.034822e-01,5.235118e-02
GRID,419,,2.324100e-01,3.068750e-01,8.567146e-02
GRID,420,,2.324100e-01,3.157222e-01,1.111122e-01
GRID,421,,2.324100e-01,3.202949e-01,6.216471e-03
GRID,422,,2.324100e-01,3.216295e-01,2.992502e-02
GRID,423,,2.324100e-01,3.337054e-01,5.563229e-02
GRID,424,,2.324100e-01,3.390219e-01,9.999522e-02
GRID,425,,2.324100e-01,3.448532e-01,1.419803e-02
GRID,426,,2.324100e-01,3.682306e-01,2.443660e-02
GRID,427,,2.324100e-01,3.580625e-01,6.296437e-02
GRID,428,,2.324100e-01,3.615168e-01,8.730309e-02
GRID,429,,2.324100e-01,3.861451e-01,4.463885e-02
GRID,430,,2.324100e-01,3.806664e-01,6.991463e-02
GRID,431,,2.590760e-01,-1.178802e-01,4.048795e-03
GRID,432,,2.340105e-01,-1.177255e-01,2.778593e-02
GRID,433,,2.340104e-01,1.177255e-01,2.778581e-02
GRID,434,,2.600674e-01,1.178883e-01,2.454487e-02
GRID,435,,2.590760e-01,1.178802e-01,4.048795e-03
GRID,436,,2.340959e-01,1.177282e-01,5.173806e-02
GRID,437,,2.559271e-01,1.178644e-01,4.683127e-02
GRID,438,,2.629612e-01,-1.179065e-01,2.561602e-02
GRID,439,,2.606111e-01,-1.178941e-01,5.052938e-02
GRID,440,,2.340956e-01,-1.177282e-01,5.173807e-02
GRID,441,,2.593404e-01,1.178884e-01,7.590176e-02
GRID,442,,2.593404e-01,-1.178884e-01,7.590176e-02
GRID,443,,2.827471e-01,1.180323e-01,4.692426e-02
GRID,444,,2.845258e-01,-1.180396e-01,4.261413e-03
GRID,445,,2.845258e-01,1.180396e-01,4.261413e-03
GRID,446,,2.846541e-01,1.180469e-01,7.611324e-02
GRID,447,,2.846542e-01,-1.180469e-01,7.611324e-02
GRID,448,,2.858761e-01,-1.180508e-01,3.496840e-02
GRID,449,,3.099679e-01,1.182054e-01,7.632471e-02
GRID,450,,3.109256e-01,1.182076e-01,3.487677e-02
GRID,451,,3.099755e-01,-1.181989e-01,4.474031e-03
GRID,452,,3.099755e-01,1.181989e-01,4.474030e-03
GRID,453,,3.133645e-01,-1.182233e-01,3.960898e-02
GRID,454,,3.099679e-01,-1.182054e-01,7.632471e-02
GRID,455,,3.352816e-01,1.183639e-01,7.653620e-02
GRID,456,,3.361046e-01,1.183671e-01,5.499509e-02
GRID,457,,3.264303e-01,-1.183067e-01,5.780392e-02
GRID,458,,3.352816e-01,-1.183639e-01,7.653620e-02
GRID,459,,3.354252e-01,-1.183582e-01,4.686648e-03
GRID,460,,3.354252e-01,1.183582e-01,4.686648e-03
GRID,461,,3.423554e-01,1.184038e-01,2.818015e-02
GRID,462,,3.493831e-01,-1.184489e-01,4.067403e-02
GRID,463,,3.605953e-01,-1.185223e-01,7.674769e-02
GRID,464,,3.605953e-01,1.185223e-01,7.674769e-02
GRID,465,,3.608749e-01,1.185176e-01,4.899266e-03
GRID,466,,3.608749e-01,-1.185176e-01,4.899266e-03
GRID,467,,3.671780e-01,1.185603e-01,4.060230e-02
GRID,468,,3.780758e-01,-1.186272e-01,2.647423e-02
GRID,469,,3.820613e-01,-1.186543e-01,5.049243e-02
GRID,470,,3.859091e-01,-1.186808e-01,7.695916e-02
GRID,471,,3.859091e-01,1.186808e-01,7.695916e-02
GRID,472,,3.863247e-01,1.186769e-01,5.111884e-03
GRID,473,,3.863247e-01,-1.186769e-01,5.111884e-03
GRID,474,,4.072954e-01,1.188131e-01,5.971410e-02
GRID,475,,4.008300e-01,1.187706e-01,3.728441e-02
GRID,476,,4.075262e-01,-1.188115e-01,2.586547e-02
GRID,477,,4.103527e-01,-1.188316e-01,5.166567e-02
GRID,478,,4.112228e-01,-1.188393e-01,7.717064e-02
GRID,479,,4.112228e-01,1.188393e-01,7.717064e-02
GRID,480,,4.117744e-01,-1.188363e-01,5.324502e-03
GRID,481,,4.117744e-01,1.188363e-01,5.324502e-03
GRID,482,,4.364272e-01,1.189949e-01,5.343103e-02
GRID,483,,4.366127e-01,1.189939e-01,2.948101e-02
GRID,484,,4.366128e-01,-1.189939e-01,2.947874e-02
GRID,485,,4.364279e-01,-1.189949e-01,5.342807e-02
GRID,486,,4.365366e-01,-1.189978e-01,7.738213e-02
GRID,487,,4.365366e-01,1.189978e-01,7.738213e-02
GRID,488,,4.372241e-01,1.189956e-01,5.537119e-03
GRID,489,,4.372242e-01,-1.189956e-01,5.537120e-03
GRID,490,,4.364272e-01,1.189949e-01,5.343604e-02
GRID,491,,4.407188e-01,1.190218e-01,5.343603e-02
GRID,492,,4.407188e-01,1.190196e-01,2.928381e-02
GRID,493,,4.366175e-01,1.189939e-01,2.920428e-02
GRID,494,,4.364279e-01,-1.189949e-01,5.342443e-02
GRID,495,,4.366171e-01,-1.189939e-01,2.923424e-02
GRID,496,,4.407188e-01,-1.190218e-01,5.342671e-02
GRID,497,,4.407188e-01,-1.190240e-01,7.741707e-02
GRID,498,,4.407188e-01,1.190240e-01,7.741707e-02
GRID,499,,4.407188e-01,-1.190196e-01,2.923424e-02
GRID,500,,4.407188e-01,1.190175e-01,5.566316e-03
GRID,501,,4.407188e-01,-1.190175e-01,5.566316e-03
GRID,502,,4.407188e-01,-5.650646e-01,4.835256e-02
GRID,503,,4.407188e-01,-5.448251e-01,3.261308e-02
GRID,504,,4.407188e-01,-5.411082e-01,5.913312e-02
GRID,505,,4.407188e-01,-5.580061e-01,7.119466e-02
GRID,506,,4.407188e-01,-5.354682e-01,8.428305e-02
GRID,507,,4.407188e-01,-5.206656e-01,2.458048e-02
GRID,508,,4.407188e-01,-5.130894e-01,5.560225e-02
GRID,509,,4.407188e-01,-5.118143e-01,9.334781e-02
GRID,510,,4.407188e-01,-4.960185e-01,1.815849e-02
GRID,511,,4.407188e-01,-4.786209e-01,4.335205e-02
GRID,512,,4.407188e-01,-4.864495e-01,7.367828e-02
GRID,513,,4.407188e-01,-4.876743e-01,1.014763e-01
GRID,514,,4.407188e-01,-4.712061e-01,1.239560e-02
GRID,515,,4.407188e-01,-4.670313e-01,8.952998e-02
GRID,516,,4.407188e-01,-4.633837e-01,1.091453e-01
GRID,517,,4.407188e-01,-4.565957e-01,6.629749e-02
GRID,518,,4.407188e-01,-4.421635e-01,3.610403e-02
GRID,519,,4.407188e-01,-4.463000e-01,7.056223e-03
GRID,520,,4.407188e-01,-4.434536e-01,9.313570e-02
GRID,521,,4.407188e-01,-4.390070e-01,1.165336e-01
GRID,522,,4.407188e-01,-4.251027e-01,7.072849e-02
GRID,523,,4.407188e-01,-4.213527e-01,1.912780e-03
GRID,524,,4.407188e-01,-4.158759e-01,1.026173e-01
GRID,525,,4.407188e-01,-4.069409e-01,4.284195e-02
GRID,526,,4.407188e-01,-4.146097e-01,1.238532e-01
GRID,527,,4.407188e-01,-3.910580e-01,8.643809e-02
GRID,528,,4.407188e-01,-3.963771e-01,-3.091813e-03
GRID,529,,4.407188e-01,-3.915043e-01,1.514851e-02
GRID,530,,4.407188e-01,-3.902083e-01,1.311606e-01
GRID,531,,4.407188e-01,-3.795515e-01,3.177855e-02
GRID,532,,4.407188e-01,-3.734447e-01,5.863360e-02
GRID,533,,4.407188e-01,-3.713822e-01,-7.998367e-03
GRID,534,,4.407188e-01,-3.637062e-01,1.161915e-02
GRID,535,,4.407188e-01,-3.550000e-01,8.791416e-02
GRID,536,,4.407188e-01,-3.641258e-01,1.163130e-01
GRID,537,,4.407188e-01,-3.658080e-01,1.384714e-01
GRID,538,,4.407188e-01,-3.516904e-01,3.595381e-02
GRID,539,,4.407188e-01,-3.378409e-01,6.243116e-02
GRID,540,,4.407188e-01,-3.463625e-01,-1.277675e-02
GRID,541,,4.407188e-01,-3.341547e-01,1.192431e-01
GRID,542,,4.407188e-01,-3.413883e-01,1.457173e-01
GRID,543,,4.407188e-01,-3.350577e-01,1.128908e-02
GRID,544,,4.407188e-01,-3.196283e-01,9.319816e-02
GRID,545,,4.407188e-01,-3.186043e-01,3.790307e-02
GRID,546,,4.407188e-01,-3.213189e-01,-1.742891e-02
GRID,547,,4.407188e-01,-3.169494e-01,1.528981e-01
GRID,548,,4.407188e-01,-3.019179e-01,6.688928e-02
GRID,549,,4.407188e-01,-3.008622e-01,1.277987e-02
GRID,550,,4.407188e-01,-3.032408e-01,1.262621e-01
GRID,551,,4.407188e-01,-2.962521e-01,-2.195517e-02
GRID,552,,4.407188e-01,-2.826566e-01,1.015181e-01
GRID,553,,4.407188e-01,-2.804496e-01,4.177848e-02
GRID,554,,4.407188e-01,-2.924765e-01,1.599624e-01
GRID,555,,4.407188e-01,-2.717932e-01,1.355633e-01
GRID,556,,4.407188e-01,-2.603496e-01,7.520229e-02
GRID,557,,4.407188e-01,-2.809314e-01,-5.007082e-03
GRID,558,,4.407188e-01,-2.609146e-01,1.489915e-02
GRID,559,,4.407188e-01,-2.711557e-01,-2.631186e-02
GRID,560,,4.407188e-01,-2.679484e-01,1.668320e-01
GRID,561,,4.407188e-01,-2.410801e-01,1.105723e-01
GRID,562,,4.407188e-01,-2.601637e-01,-1.147425e-02
GRID,563,,4.407188e-01,-2.398072e-01,4.461566e-02
GRID,564,,4.407188e-01,-2.446900e-01,1.478130e-01
GRID,565,,4.407188e-01,-2.460240e-01,-3.046276e-02
GRID,566,,4.407188e-01,-2.433493e-01,1.734440e-01
GRID,567,,4.407188e-01,-2.375045e-01,-8.741552e-03
GRID,568,,4.407188e-01,-2.221416e-01,1.382679e-02
GRID,569,,4.407188e-01,-2.174147e-01,7.654991e-02
GRID,570,,4.407188e-01,-2.208559e-01,-3.438553e-02
GRID,571,,4.407188e-01,-2.145395e-01,1.356290e-01
GRID,572,,4.407188e-01,-2.240005e-01,1.604079e-01
GRID,573,,4.407188e-01,-2.186716e-01,1.797546e-01
GRID,574,,4.407188e-01,-1.973751e-01,1.073571e-01
GRID,575,,4.407188e-01,-1.983398e-01,4.024166e-02
GRID,576,,4.407188e-01,-2.122977e-01,-1.434941e-02
GRID,577,,4.407188e-01,-1.979322e-01,1.598903e-01
GRID,578,,4.407188e-01,-1.862599e-01,8.030093e-04
GRID,579,,4.407188e-01,-1.956495e-01,-3.805778e-02
GRID,580,,4.407188e-01,-1.939084e-01,1.857235e-01
GRID,581,,4.407188e-01,-1.703270e-01,7.292800e-02
GRID,582,,4.407188e-01,-1.803107e-01,1.364412e-01
GRID,583,,4.407188e-01,-1.613809e-01,3.517915e-02
GRID,584,,4.407188e-01,-1.668025e-01,1.583443e-01
GRID,585,,4.407188e-01,-1.798659e-01,1.742257e-01
GRID,586,,4.407188e-01,-1.631524e-01,1.098051e-01
GRID,587,,4.407188e-01,-1.704036e-01,-4.144438e-02
GRID,588,,4.407188e-01,-1.690512e-01,1.912849e-01
GRID,589,,4.407188e-01,-1.598475e-01,-1.361103e-03
GRID,590,,4.407188e-01,-1.462154e-01,1.392136e-01
GRID,591,,4.407188e-01,-1.586009e-01,1.777693e-01
GRID,592,,4.407188e-01,-1.451161e-01,-4.451010e-02
GRID,593,,4.407188e-01,-1.418576e-01,-1.588435e-02
GRID,594,,4.407188e-01,-1.190200e-01,5.198264e-02
GRID,595,,4.407188e-01,-1.399436e-01,8.759872e-02
GRID,596,,4.407188e-01,-1.440904e-01,1.963660e-01
GRID,597,,4.407188e-01,-1.397604e-01,1.671361e-01
GRID,598,,4.407188e-01,-1.357223e-01,1.156587e-01
GRID,599,,4.407188e-01,-1.380101e-01,1.819702e-02
GRID,600,,4.407188e-01,-1.190203e-01,1.264339e-01
GRID,601,,4.407188e-01,-1.190204e-01,1.512510e-01
GRID,602,,4.407188e-01,-1.190197e-01,-2.246861e-02
GRID,603,,4.407188e-01,-1.190196e-01,-4.728570e-02
GRID,604,,4.407188e-01,-1.190205e-01,1.760681e-01
GRID,605,,4.407188e-01,-1.190206e-01,2.008852e-01
GRID,606,,4.407188e-01,-1.190198e-01,2.348474e-03
GRID,607,,4.407188e-01,-1.190202e-01,1.016168e-01
GRID,608,,4.407188e-01,-1.190201e-01,7.679973e-02
GRID,609,,4.407188e-01,-1.190199e-01,2.716556e-02
GRID,610,,4.407188e-01,-1.190218e-01,5.346457e-02
GRID,611,,4.435203e-01,-1.190393e-01,5.346356e-02
GRID,612,,4.434114e-01,-1.190408e-01,7.743956e-02
GRID,613,,4.407188e-01,-1.190196e-01,2.935042e-02
GRID,614,,4.433310e-01,-1.190360e-01,2.935042e-02
GRID,615,,4.407188e-01,-9.365646e-02,1.719803e-01
GRID,616,,4.407188e-01,-9.274371e-02,2.049047e-01
GRID,617,,4.407188e-01,-1.032150e-01,1.496825e-01
GRID,618,,4.407188e-01,-9.342809e-02,1.210279e-01
GRID,619,,4.407188e-01,-8.788599e-02,9.320111e-02
GRID,620,,4.407188e-01,-8.810839e-02,6.659269e-02
GRID,621,,4.407188e-01,-9.383446e-02,4.080620e-02
GRID,622,,4.407188e-01,-9.847884e-02,1.845305e-02
GRID,623,,4.407188e-01,-9.393273e-02,-8.880659e-03
GRID,624,,4.407188e-01,-9.261806e-02,-4.964700e-02
GRID,625,,4.427225e-01,-1.190300e-01,5.583055e-03
GRID,626,,4.407188e-01,-7.768423e-02,1.459594e-01
GRID,627,,4.407188e-01,-7.166315e-02,1.807548e-02
GRID,628,,4.407188e-01,-7.022890e-02,-1.766503e-02
GRID,629,,4.407188e-01,-6.674675e-02,5.035597e-02
GRID,630,,4.407188e-01,-7.182432e-02,1.787565e-01
GRID,631,,4.407188e-01,-5.835387e-02,1.177297e-01
GRID,632,,4.407188e-01,-6.635442e-02,2.081024e-01
GRID,633,,4.407188e-01,-6.618821e-02,-5.150609e-02
GRID,634,,4.407188e-01,-5.584237e-02,8.394693e-02
GRID,635,,4.407188e-01,-5.253164e-02,1.544720e-01
GRID,636,,4.407188e-01,-4.632483e-02,1.859045e-01
GRID,637,,4.407188e-01,-4.739978e-02,2.634946e-03
GRID,638,,4.407188e-01,-4.103677e-02,3.226778e-02
GRID,639,,4.407188e-01,-4.651138e-02,-2.634959e-02
GRID,640,,4.407188e-01,-4.233161e-02,5.912868e-02
GRID,641,,4.407188e-01,-3.987117e-02,2.103551e-01
GRID,642,,4.407188e-01,-3.972692e-02,-5.280642e-02
GRID,643,,4.407188e-01,-2.670350e-02,1.103339e-01
GRID,644,,4.407188e-01,-2.693095e-02,1.426585e-01
GRID,645,,4.407188e-01,-2.214639e-02,8.074338e-02
GRID,646,,4.407188e-01,-2.764459e-02,1.703417e-01
GRID,647,,4.407188e-01,-2.817100e-02,-9.478559e-03
GRID,648,,4.407188e-01,-2.147889e-02,1.161624e-02
GRID,649,,4.407188e-01,-2.108482e-02,-3.060507e-02
GRID,650,,4.407188e-01,-1.686582e-02,1.941164e-01
GRID,651,,4.407188e-01,-1.747358e-02,5.515699e-02
GRID,652,,4.407188e-01,-1.045299e-02,3.211857e-02
GRID,653,,4.407188e-01,-1.331234e-02,2.115437e-01
GRID,654,,4.407188e-01,-1.323983e-02,-5.348508e-02
GRID,655,,4.407188e-01,-4.409091e-03,-1.141064e-02
GRID,656,,4.407188e-01,5.414883e-04,1.722240e-01
GRID,657,,4.407188e-01,4.887462e-05,1.365136e-01
GRID,658,,4.407188e-01,1.470902e-03,1.049625e-01
GRID,659,,4.407188e-01,7.913926e-03,7.761108e-02
GRID,660,,4.407188e-01,6.245850e-03,8.721498e-03
GRID,661,,4.407188e-01,8.478046e-03,-3.511023e-02
GRID,662,,4.407188e-01,7.512542e-03,5.034703e-02
GRID,663,,4.407188e-01,1.326246e-02,2.115451e-01
GRID,664,,4.407188e-01,1.325332e-02,-5.348462e-02
GRID,665,,4.407188e-01,1.649987e-02,2.893376e-02
GRID,666,,4.407188e-01,2.466144e-02,-1.760421e-02
GRID,667,,4.407188e-01,2.396246e-02,1.288987e-01
GRID,668,,4.407188e-01,2.305378e-02,1.573875e-01
GRID,669,,4.407188e-01,2.757088e-02,1.863736e-01
GRID,670,,4.407188e-01,2.836404e-02,1.018841e-01
GRID,671,,4.407188e-01,3.222263e-02,8.027728e-03
GRID,672,,4.407188e-01,3.129031e-02,4.490258e-02
GRID,673,,4.407188e-01,2.557459e-02,6.307901e-02
GRID,674,,4.407188e-01,3.763736e-02,8.104489e-02
GRID,675,,4.407188e-01,3.974046e-02,-5.280568e-02
GRID,676,,4.407188e-01,3.982186e-02,2.103584e-01
GRID,677,,4.407188e-01,3.844281e-02,2.689141e-02
GRID,678,,4.407188e-01,4.444711e-02,1.470227e-01
GRID,679,,4.407188e-01,4.667558e-02,1.716890e-01
GRID,680,,4.407188e-01,4.751883e-02,1.217902e-01
GRID,681,,4.407188e-01,5.184689e-02,-1.470827e-02
GRID,682,,4.407188e-01,4.756046e-02,6.006980e-02
GRID,683,,4.407188e-01,5.049349e-02,1.933877e-01
GRID,684,,4.407188e-01,5.528183e-02,9.915398e-02
GRID,685,,4.407188e-01,5.370161e-02,3.768761e-02
GRID,686,,4.407188e-01,5.748236e-02,1.216633e-02
GRID,687,,4.407188e-01,6.316294e-02,7.566106e-02
GRID,688,,4.407188e-01,6.620153e-02,-5.150642e-02
GRID,689,,4.407188e-01,6.924728e-02,-3.134126e-02
GRID,690,,4.407188e-01,6.630389e-02,2.081065e-01
GRID,691,,4.407188e-01,6.421628e-02,1.378078e-01
GRID,692,,4.407188e-01,6.805183e-02,1.598006e-01
GRID,693,,4.407188e-01,7.009602e-02,1.847117e-01
GRID,694,,4.407188e-01,7.274088e-02,1.167905e-01
GRID,695,,4.407188e-01,7.091936e-02,5.100257e-02
GRID,696,,4.407188e-01,8.480246e-02,-3.488354e-03
GRID,697,,4.407188e-01,7.640969e-02,2.611946e-02
GRID,698,,4.407188e-01,7.972226e-02,9.113323e-02
GRID,699,,4.407188e-01,8.849754e-02,6.491209e-02
GRID,700,,4.407188e-01,9.075022e-02,1.393542e-01
GRID,701,,4.407188e-01,9.263161e-02,-4.964650e-02
GRID,702,,4.407188e-01,9.269547e-02,2.049100e-01
GRID,703,,4.407188e-01,9.249973e-02,1.698614e-01
GRID,704,,4.407188e-01,9.454301e-02,-2.899961e-02
GRID,705,,4.407188e-01,9.581898e-02,3.984612e-02
GRID,706,,4.407188e-01,9.649397e-02,1.097692e-01
GRID,707,,4.407188e-01,9.921850e-02,1.651122e-02
GRID,708,,4.407188e-01,1.019575e-01,8.108975e-02
GRID,709,,4.407188e-01,1.190197e-01,-2.246955e-02
GRID,710,,4.407188e-01,1.190198e-01,2.347592e-03
GRID,711,,4.407188e-01,1.190200e-01,5.198187e-02
GRID,712,,4.407188e-01,1.190203e-01,1.264333e-01
GRID,713,,4.407188e-01,1.190204e-01,1.512504e-01
GRID,714,,4.407188e-01,1.190205e-01,1.760676e-01
GRID,715,,4.407188e-01,1.190196e-01,-4.728669e-02
GRID,716,,4.407188e-01,1.190206e-01,2.008847e-01
GRID,717,,4.407188e-01,1.190199e-01,2.716473e-02
GRID,718,,4.407188e-01,1.190202e-01,1.016161e-01
GRID,719,,4.407188e-01,1.190201e-01,7.679901e-02
GRID,720,,4.407188e-01,1.190196e-01,2.938066e-02
GRID,721,,4.427224e-01,1.190300e-01,5.583055e-03
GRID,722,,4.407188e-01,1.443274e-01,-4.459998e-02
GRID,723,,4.407188e-01,1.190218e-01,5.346988e-02
GRID,724,,4.435195e-01,1.190393e-01,5.346844e-02
GRID,725,,4.433307e-01,1.190360e-01,2.933379e-02
GRID,726,,4.407188e-01,1.424936e-01,-1.255172e-02
GRID,727,,4.407188e-01,1.402250e-01,1.392929e-02
GRID,728,,4.407188e-01,1.366812e-01,3.587223e-02
GRID,729,,4.407188e-01,1.451870e-01,5.539976e-02
GRID,730,,4.407188e-01,1.621022e-01,7.697178e-02
GRID,731,,4.407188e-01,1.471039e-01,9.827189e-02
GRID,732,,4.407188e-01,1.377640e-01,1.169895e-01
GRID,733,,4.407188e-01,1.446074e-01,1.398629e-01
GRID,734,,4.407188e-01,1.354353e-01,1.611746e-01
GRID,735,,4.407188e-01,1.410684e-01,1.808054e-01
GRID,736,,4.407188e-01,1.441146e-01,1.963603e-01
GRID,737,,4.434114e-01,1.190408e-01,7.743956e-02
GRID,738,,4.407188e-01,1.575763e-01,1.643181e-01
GRID,739,,4.407188e-01,1.597088e-01,3.132427e-02
GRID,740,,4.407188e-01,1.677090e-01,1.222329e-01
GRID,741,,4.407188e-01,1.654024e-01,4.038602e-03
GRID,742,,4.407188e-01,1.691001e-01,1.912730e-01
GRID,743,,4.407188e-01,1.677707e-01,-2.235049e-02
GRID,744,,4.407188e-01,1.696409e-01,-4.154239e-02
GRID,745,,4.407188e-01,1.775344e-01,1.471771e-01
GRID,746,,4.407188e-01,1.775267e-01,5.202782e-02
GRID,747,,4.407188e-01,1.877228e-01,1.008946e-01
GRID,748,,4.407188e-01,1.793560e-01,1.709709e-01
GRID,749,,4.407188e-01,1.879228e-01,2.363146e-02
GRID,750,,4.407188e-01,2.019517e-01,7.464202e-02
GRID,751,,4.407188e-01,1.930599e-01,-5.590365e-03
GRID,752,,4.407188e-01,2.069954e-01,1.291794e-01
GRID,753,,4.407188e-01,1.949127e-01,-3.815968e-02
GRID,754,,4.407188e-01,1.939816e-01,1.857063e-01
GRID,755,,4.407188e-01,2.128083e-01,4.505160e-02
GRID,756,,4.407188e-01,2.097455e-01,1.586174e-01
GRID,757,,4.407188e-01,2.322007e-01,1.021548e-01
GRID,758,,4.407188e-01,2.201980e-01,1.484100e-02
GRID,759,,4.407188e-01,2.205096e-01,-1.239872e-02
GRID,760,,4.407188e-01,2.187686e-01,1.797295e-01
GRID,761,,4.407188e-01,2.201448e-01,-3.449207e-02
GRID,762,,4.407188e-01,2.412123e-01,6.762997e-02
GRID,763,,4.407188e-01,2.429315e-01,1.395489e-01
GRID,764,,4.407188e-01,2.434709e-01,1.734120e-01
GRID,765,,4.407188e-01,2.491660e-01,3.476141e-02
GRID,766,,4.407188e-01,2.453391e-01,-3.057315e-02
GRID,767,,4.407188e-01,2.535595e-01,1.005446e-03
GRID,768,,4.407188e-01,2.714546e-01,8.429041e-02
GRID,769,,4.407188e-01,2.696151e-01,1.160636e-01
GRID,770,,4.407188e-01,2.805711e-01,5.112402e-02
GRID,771,,4.407188e-01,2.680938e-01,1.667925e-01
GRID,772,,4.407188e-01,2.752954e-01,1.426104e-01
GRID,773,,4.407188e-01,2.704964e-01,-2.642357e-02
GRID,774,,4.407188e-01,2.849470e-01,2.178947e-02
GRID,775,,4.407188e-01,2.891833e-01,-4.025432e-03
GRID,776,,4.407188e-01,2.926456e-01,1.599144e-01
GRID,777,,4.407188e-01,2.998690e-01,1.000437e-01
GRID,778,,4.407188e-01,2.975167e-01,1.310375e-01
GRID,779,,4.407188e-01,2.956187e-01,-2.206745e-02
GRID,780,,4.407188e-01,3.081215e-01,6.815897e-02
GRID,781,,4.407188e-01,3.217290e-01,3.604288e-02
GRID,782,,4.407188e-01,3.190741e-01,6.983330e-03
GRID,783,,4.407188e-01,3.207109e-01,-1.754051e-02
GRID,784,,4.407188e-01,3.171422e-01,1.528417e-01
GRID,785,,4.407188e-01,3.226203e-01,1.198802e-01
GRID,786,,4.407188e-01,3.312455e-01,8.885358e-02
GRID,787,,4.407188e-01,3.449650e-01,5.977887e-02
GRID,788,,4.407188e-01,3.416050e-01,1.456531e-01
GRID,789,,4.407188e-01,3.457794e-01,-1.288638e-02
GRID,790,,4.407188e-01,3.526999e-01,1.225013e-02
GRID,791,,4.407188e-01,3.650835e-01,3.570799e-02
GRID,792,,4.407188e-01,3.492271e-01,1.112282e-01
GRID,793,,4.407188e-01,3.643793e-01,8.212123e-02
GRID,794,,4.407188e-01,3.660485e-01,1.383992e-01
GRID,795,,4.407188e-01,3.849508e-01,5.869956e-02
GRID,796,,4.407188e-01,3.708247e-01,-8.106792e-03
GRID,797,,4.407188e-01,3.754816e-01,1.080030e-01
GRID,798,,4.407188e-01,3.859870e-01,1.470673e-02
GRID,799,,4.407188e-01,4.008557e-01,8.377483e-02
GRID,800,,4.407188e-01,4.028245e-01,3.420666e-02
GRID,801,,4.407188e-01,3.904735e-01,1.310832e-01
GRID,802,,4.407188e-01,3.958448e-01,-3.198053e-03
GRID,803,,4.407188e-01,3.999957e-01,1.097253e-01
GRID,804,,4.407188e-01,4.247867e-01,5.600916e-02
GRID,805,,4.407188e-01,4.208453e-01,1.810021e-03
GRID,806,,4.407188e-01,4.148989e-01,1.237686e-01
GRID,807,,4.407188e-01,4.229867e-01,1.011974e-01
GRID,808,,4.407188e-01,4.372603e-01,7.829962e-02
GRID,809,,4.407188e-01,4.285379e-01,2.731620e-02
GRID,810,,4.407188e-01,4.393199e-01,1.164394e-01
GRID,811,,4.407188e-01,4.458177e-01,6.956241e-03
GRID,812,,4.407188e-01,4.460747e-01,9.789873e-02
GRID,813,,4.407188e-01,4.526362e-01,3.381583e-02
GRID,814,,4.407188e-01,4.649145e-01,5.721128e-02
GRID,815,,4.407188e-01,4.654203e-01,8.449970e-02
GRID,816,,4.407188e-01,4.637206e-01,1.090428e-01
GRID,817,,4.407188e-01,4.707498e-01,1.229414e-02
GRID,818,,4.407188e-01,4.856370e-01,3.555941e-02
GRID,819,,4.407188e-01,4.880305e-01,1.013612e-01
GRID,820,,4.407188e-01,5.024586e-01,5.664982e-02
GRID,821,,4.407188e-01,4.872845e-01,7.694373e-02
GRID,822,,4.407188e-01,4.955888e-01,1.805456e-02
GRID,823,,4.407188e-01,5.202646e-01,2.446688e-02
GRID,824,,4.407188e-01,5.121948e-01,9.321072e-02
GRID,825,,4.407188e-01,5.300499e-01,5.715128e-02
GRID,826,,4.407188e-01,5.359917e-01,8.406326e-02
GRID,827,,4.407188e-01,5.444655e-01,3.245653e-02
GRID,828,,4.407188e-01,5.647807e-01,4.780535e-02
GRID,829,,4.407188e-01,5.580917e-01,7.111720e-02
GRID,830,,4.433342e-01,1.190360e-01,2.953240e-02
GRID,831,,4.671829e-01,1.191832e-01,5.787407e-03
GRID,832,,4.671829e-01,-1.191832e-01,5.787408e-03
GRID,833,,4.676526e-01,-1.191875e-01,2.133274e-02
GRID,834,,4.433342e-01,-1.190360e-01,2.952867e-02
GRID,835,,4.667285e-01,-1.191839e-01,4.496043e-02
GRID,836,,4.435203e-01,-1.190393e-01,5.348282e-02
GRID,837,,4.435195e-01,1.190393e-01,5.348650e-02
GRID,838,,4.669794e-01,1.191851e-01,4.140284e-02
GRID,839,,4.677486e-01,-1.191932e-01,7.764289e-02
GRID,840,,4.677486e-01,1.191932e-01,7.764289e-02
GRID,841,,4.908858e-01,-1.193341e-01,3.443337e-02
GRID,842,,4.848522e-01,-1.192985e-01,5.747426e-02
GRID,843,,4.874762e-01,1.193147e-01,5.575265e-02
GRID,844,,4.904595e-01,1.193312e-01,3.182621e-02
GRID,845,,4.916433e-01,1.193363e-01,5.991760e-03
GRID,846,,4.916434e-01,-1.193363e-01,5.991761e-03
GRID,847,,4.920857e-01,-1.193456e-01,7.784621e-02
GRID,848,,4.920857e-01,1.193456e-01,7.784621e-02
GRID,849,,4.841849e-01,-6.096000e-01,6.015477e-02
GRID,850,,4.961055e-01,-6.096000e-01,3.982049e-02
GRID,851,,5.058943e-01,-6.096000e-01,5.469174e-02
GRID,852,,5.004539e-01,-6.096000e-01,7.809787e-02
GRID,853,,4.841849e-01,6.096000e-01,6.015477e-02
GRID,854,,5.004539e-01,6.096000e-01,7.809787e-02
GRID,855,,5.160390e-01,6.096000e-01,5.842699e-02
GRID,856,,4.961055e-01,6.096000e-01,3.982049e-02
GRID,857,,5.045067e-01,-1.194215e-01,5.731306e-02
GRID,858,,5.148710e-01,1.194861e-01,5.442937e-02
GRID,859,,5.154990e-01,1.194876e-01,2.776150e-02
GRID,860,,5.084152e-01,-1.194428e-01,2.307258e-02
GRID,861,,5.162964e-01,-1.194939e-01,4.188377e-02
GRID,862,,5.161038e-01,1.194894e-01,6.196113e-03
GRID,863,,5.161038e-01,-1.194894e-01,6.196113e-03
GRID,864,,5.164229e-01,-1.194979e-01,7.804952e-02
GRID,865,,5.164229e-01,1.194979e-01,7.804952e-02
GRID,866,,5.193744e-01,-6.096000e-01,3.168699e-02
GRID,867,,5.193744e-01,6.096000e-01,3.168699e-02
GRID,868,,5.238010e-01,-6.096000e-01,6.233665e-02
GRID,869,,5.230905e-01,-6.096000e-01,8.816759e-02
GRID,870,,5.230905e-01,6.096000e-01,8.816759e-02
GRID,871,,5.281553e-01,-1.195698e-01,6.088078e-02
GRID,872,,5.284431e-01,-1.195685e-01,2.609838e-02
GRID,873,,5.407600e-01,1.196503e-01,7.825285e-02
GRID,874,,5.391171e-01,1.196371e-01,4.628094e-02
GRID,875,,5.408478e-01,1.196459e-01,2.384710e-02
GRID,876,,5.428938e-01,6.096000e-01,6.994514e-02
GRID,877,,5.433862e-01,6.096000e-01,4.494994e-02
GRID,878,,5.405642e-01,-1.196426e-01,6.400466e-03
GRID,879,,5.405642e-01,1.196426e-01,6.400466e-03
GRID,880,,5.400640e-01,-1.196429e-01,4.458316e-02
GRID,881,,5.407600e-01,-1.196503e-01,7.825285e-02
GRID,882,,5.392419e-01,-6.096000e-01,4.772807e-02
GRID,883,,5.435292e-01,-6.096000e-01,2.669804e-02
GRID,884,,5.435292e-01,6.096000e-01,2.669804e-02
GRID,885,,5.442663e-01,-6.096000e-01,7.052392e-02
GRID,886,,5.464438e-01,-6.096000e-01,9.571679e-02
GRID,887,,5.464438e-01,6.096000e-01,9.571679e-02
GRID,888,,5.531328e-01,-1.197263e-01,6.190796e-02
GRID,889,,5.478801e-01,-1.196902e-01,2.595220e-02
GRID,890,,5.588226e-01,1.197615e-01,5.740361e-02
GRID,891,,5.638914e-01,1.197911e-01,3.426094e-02
GRID,892,,5.618228e-01,-6.096000e-01,4.807043e-02
GRID,893,,5.641588e-01,-1.197932e-01,3.885659e-02
GRID,894,,5.650247e-01,-1.197957e-01,6.604820e-03
GRID,895,,5.650247e-01,1.197957e-01,6.604819e-03
GRID,896,,5.650972e-01,-1.198027e-01,7.845618e-02
GRID,897,,5.650972e-01,1.198027e-01,7.845618e-02
GRID,898,,5.693391e-01,6.096000e-01,7.702790e-02
GRID,899,,5.663983e-01,6.096000e-01,5.222228e-02
GRID,900,,5.678672e-01,6.096000e-01,2.276023e-02
GRID,901,,5.678672e-01,-6.096000e-01,2.276023e-02
GRID,902,,5.723193e-01,-6.096000e-01,7.337337e-02
GRID,903,,5.702592e-01,-6.096000e-01,1.021091e-01
GRID,904,,5.702592e-01,6.096000e-01,1.021091e-01
GRID,905,,5.775356e-01,-1.198787e-01,5.848008e-02
GRID,906,,5.814946e-01,1.199032e-01,5.453645e-02
GRID,907,,5.832003e-01,-6.096000e-01,4.487148e-02
GRID,908,,5.956609e-01,1.199895e-01,2.902128e-02
GRID,909,,5.894852e-01,1.199489e-01,6.809172e-03
GRID,910,,5.861451e-01,-1.199303e-01,3.249076e-02
GRID,911,,5.894852e-01,-1.199489e-01,6.809172e-03
GRID,912,,5.894344e-01,-1.199551e-01,7.865950e-02
GRID,913,,5.894344e-01,1.199551e-01,7.865950e-02
GRID,914,,5.880552e-01,6.096000e-01,6.108943e-02
GRID,915,,5.892578e-01,6.096000e-01,4.020873e-02
GRID,916,,5.923052e-01,-6.096000e-01,1.948158e-02
GRID,917,,5.923052e-01,6.096000e-01,1.948158e-02
GRID,918,,5.956773e-01,6.096000e-01,8.215076e-02
GRID,919,,5.980698e-01,-6.096000e-01,8.764239e-02
GRID,920,,5.942794e-01,-6.096000e-01,1.076563e-01
GRID,921,,5.942794e-01,6.096000e-01,1.076563e-01
GRID,922,,5.983024e-01,-6.096000e-01,6.077312e-02
GRID,923,,6.034460e-01,-1.200407e-01,5.535122e-02
GRID,924,,6.120743e-01,1.200946e-01,5.480973e-02
GRID,925,,6.027659e-01,-6.096000e-01,3.679667e-02
GRID,926,,6.127002e-01,-1.200965e-01,3.191199e-02
GRID,927,,6.147272e-01,6.096000e-01,5.849432e-02
GRID,928,,6.124648e-01,6.096000e-01,3.406859e-02
GRID,929,,6.137715e-01,-1.201074e-01,7.886282e-02
GRID,930,,6.137715e-01,1.201074e-01,7.886282e-02
GRID,931,,6.139456e-01,-1.201020e-01,7.013525e-03
GRID,932,,6.139456e-01,1.201020e-01,7.013525e-03
GRID,933,,6.167983e-01,-6.096000e-01,1.665033e-02
GRID,934,,6.167983e-01,6.096000e-01,1.665033e-02
GRID,935,,6.184327e-01,-6.096000e-01,1.126133e-01
GRID,936,,6.184327e-01,6.096000e-01,1.126133e-01
GRID,937,,6.214044e-01,6.096000e-01,8.944430e-02
GRID,938,,6.381087e-01,1.202555e-01,3.116755e-02
GRID,939,,6.173925e-01,-6.096000e-01,6.963438e-02
GRID,940,,6.243931e-01,-6.096000e-01,9.078575e-02
GRID,941,,6.206365e-01,-6.096000e-01,4.601482e-02
GRID,942,,6.381086e-01,-1.202576e-01,5.511453e-02
GRID,943,,6.381086e-01,1.202576e-01,5.511672e-02
GRID,944,,6.426776e-01,6.096000e-01,3.978711e-02
GRID,945,,6.381087e-01,-1.202555e-01,3.116293e-02
GRID,946,,6.381086e-01,-1.202598e-01,7.906614e-02
GRID,947,,6.381086e-01,1.202598e-01,7.906614e-02
GRID,948,,6.384061e-01,-1.202552e-01,7.217878e-03
GRID,949,,6.384061e-01,1.202552e-01,7.217877e-03
GRID,950,,6.426777e-01,6.096000e-01,6.555559e-02
GRID,951,,6.426776e-01,-6.096000e-01,1.401863e-02
GRID,952,,6.426776e-01,-6.096000e-01,3.978711e-02
GRID,953,,6.426776e-01,6.096000e-01,1.401863e-02
GRID,954,,6.426777e-01,-6.096000e-01,6.555559e-02
GRID,955,,6.426776e-01,-6.096000e-01,1.170925e-01
GRID,956,,6.426776e-01,6.096000e-01,9.132406e-02
GRID,957,,6.426776e-01,6.096000e-01,1.170925e-01
GRID,958,,6.426776e-01,-6.096000e-01,9.132406e-02
GRID,959,,6.381086e-01,-1.202576e-01,5.513326e-02
GRID,960,,6.426777e-01,-1.202862e-01,5.513326e-02
GRID,961,,6.426777e-01,-1.202884e-01,7.910432e-02
GRID,962,,6.381087e-01,-1.202555e-01,3.118655e-02
GRID,963,,6.381086e-01,1.202576e-01,5.513318e-02
GRID,964,,6.426777e-01,1.202862e-01,5.513318e-02
GRID,965,,6.381087e-01,1.202555e-01,3.118646e-02
GRID,966,,6.426777e-01,1.202884e-01,7.910432e-02
GRID,967,,6.426777e-01,-1.202841e-01,3.118654e-02
GRID,968,,6.426777e-01,1.202841e-01,3.118646e-02
GRID,969,,6.426777e-01,-1.202819e-01,7.253564e-03
GRID,970,,6.426777e-01,1.202819e-01,7.253564e-03
GRID,971,,6.674720e-01,-6.096000e-01,1.176746e-02
GRID,972,,6.676111e-01,-6.096000e-01,4.502345e-02
GRID,973,,6.703481e-01,-6.096000e-01,7.111199e-02
GRID,974,,6.673394e-01,-6.096000e-01,1.212516e-01
GRID,975,,6.767379e-01,-6.096000e-01,9.482645e-02
GRID,976,,6.612631e-01,6.096000e-01,4.045714e-02
GRID,977,,6.674700e-01,6.096000e-01,1.176763e-02
GRID,978,,6.673394e-01,6.096000e-01,1.212516e-01
GRID,979,,6.794031e-01,6.096000e-01,9.691012e-02
GRID,980,,6.705028e-01,6.096000e-01,6.994473e-02
GRID,981,,6.426777e-01,-5.927512e-01,2.934835e-02
GRID,982,,6.426777e-01,-5.838477e-01,1.035118e-02
GRID,983,,6.426777e-01,-6.096000e-01,1.402138e-02
GRID,984,,6.426777e-01,-6.096000e-01,3.978778e-02
GRID,985,,6.586144e-01,-6.285927e-01,3.215548e-02
GRID,986,,6.597272e-01,-6.299189e-01,1.533858e-02
GRID,987,,6.426777e-01,-5.884807e-01,5.032394e-02
GRID,988,,6.426777e-01,-6.096000e-01,6.555545e-02
GRID,989,,6.426777e-01,-6.096000e-01,6.555417e-02
GRID,990,,6.551766e-01,-6.244957e-01,5.207800e-02
GRID,991,,6.426777e-01,-6.096000e-01,9.132057e-02
GRID,992,,6.551012e-01,-6.244058e-01,9.335367e-02
GRID,993,,6.624185e-01,-6.331263e-01,7.177438e-02
GRID,994,,6.426777e-01,-5.872558e-01,7.389338e-02
GRID,995,,6.426777e-01,-6.096000e-01,1.170870e-01
GRID,996,,6.426777e-01,-5.800046e-01,9.973183e-02
GRID,997,,6.426777e-01,-6.096000e-01,1.170918e-01
GRID,998,,6.597300e-01,-6.299221e-01,1.170953e-01
GRID,999,,6.426777e-01,-5.848931e-01,1.207925e-01
GRID,1000,,6.426777e-01,-5.716925e-01,3.072714e-02
GRID,1001,,6.426777e-01,-5.663397e-01,5.385520e-02
GRID,1002,,6.426777e-01,-5.649620e-01,7.641782e-02
GRID,1003,,6.426777e-01,-5.602075e-01,1.246352e-01
GRID,1004,,6.426777e-01,-5.580936e-01,6.696071e-03
GRID,1005,,6.426777e-01,-5.486591e-01,9.180879e-02
GRID,1006,,6.426777e-01,-5.482668e-01,3.244164e-02
GRID,1007,,6.426777e-01,-5.431159e-01,6.324191e-02
GRID,1008,,6.426777e-01,-5.272646e-01,1.066138e-01
GRID,1009,,6.426777e-01,-5.355920e-01,1.289028e-01
GRID,1010,,6.426777e-01,-5.323635e-01,2.874827e-03
GRID,1011,,6.426777e-01,-5.151014e-01,7.741914e-02
GRID,1012,,6.426777e-01,-5.236519e-01,4.340961e-02
GRID,1013,,6.426777e-01,-5.110218e-01,1.334246e-01
GRID,1014,,6.426777e-01,-5.074384e-01,2.596305e-02
GRID,1015,,6.426777e-01,-5.066366e-01,-9.667325e-04
GRID,1016,,6.426777e-01,-4.956102e-01,1.065564e-01
GRID,1017,,6.426777e-01,-4.931873e-01,5.435251e-02
GRID,1018,,6.426777e-01,-4.745853e-01,8.101171e-02
GRID,1019,,6.426777e-01,-4.864873e-01,1.381351e-01
GRID,1020,,6.426777e-01,-4.817998e-01,2.636057e-02
GRID,1021,,6.426777e-01,-4.809093e-01,-4.806623e-03
GRID,1022,,6.426777e-01,-4.618633e-01,1.085984e-01
GRID,1023,,6.426777e-01,-4.545532e-01,5.456697e-02
GRID,1024,,6.426777e-01,-4.551614e-01,1.290488e-01
GRID,1025,,6.426777e-01,-4.619895e-01,1.430337e-01
GRID,1026,,6.426777e-01,-4.555332e-01,1.930685e-02
GRID,1027,,6.426777e-01,-4.551834e-01,-8.655572e-03
GRID,1028,,6.426777e-01,-4.292812e-01,8.847369e-02
GRID,1029,,6.426777e-01,-4.375320e-01,1.481292e-01
GRID,1030,,6.426777e-01,-4.298520e-01,1.223459e-01
GRID,1031,,6.426777e-01,-4.295133e-01,9.326310e-03
GRID,1032,,6.426777e-01,-4.318108e-01,3.508356e-02
GRID,1033,,6.426777e-01,-4.294618e-01,-1.253234e-02
GRID,1034,,6.426777e-01,-4.148651e-01,5.913587e-02
GRID,1035,,6.426777e-01,-4.131197e-01,1.534371e-01
GRID,1036,,6.426777e-01,-4.069553e-01,2.443200e-02
GRID,1037,,6.426777e-01,-3.959518e-01,1.216393e-01
GRID,1038,,6.426777e-01,-4.037455e-01,-1.644546e-02
GRID,1039,,6.426777e-01,-3.836035e-01,8.661372e-02
GRID,1040,,6.426777e-01,-3.845387e-01,4.874712e-02
GRID,1041,,6.426777e-01,-3.887505e-01,1.589401e-01
GRID,1042,,6.426777e-01,-3.836891e-01,1.410496e-02
GRID,1043,,6.426777e-01,-3.780334e-01,-2.038506e-02
GRID,1044,,6.426777e-01,-3.571988e-01,1.186648e-01
GRID,1045,,6.426777e-01,-3.676756e-01,1.422450e-01
GRID,1046,,6.426777e-01,-3.644172e-01,1.645990e-01
GRID,1047,,6.426777e-01,-3.586335e-01,3.755666e-02
GRID,1048,,6.426777e-01,-3.549841e-01,6.677110e-02
GRID,1049,,6.426777e-01,-3.607676e-01,7.777858e-03
GRID,1050,,6.426777e-01,-3.408192e-01,9.592168e-02
GRID,1051,,6.426777e-01,-3.523214e-01,-2.432571e-02
GRID,1052,,6.426777e-01,-3.345382e-01,1.481313e-01
GRID,1053,,6.426777e-01,-3.401075e-01,1.703584e-01
GRID,1054,,6.426777e-01,-3.440741e-01,1.811680e-03
GRID,1055,,6.426777e-01,-3.291828e-01,2.643443e-02
GRID,1056,,6.426777e-01,-3.276762e-01,5.512450e-02
GRID,1057,,6.426777e-01,-3.188885e-01,1.234744e-01
GRID,1058,,6.426777e-01,-3.247094e-01,7.893278e-02
GRID,1059,,6.426777e-01,-3.266062e-01,-2.824555e-02
GRID,1060,,6.426777e-01,-3.185585e-01,-5.185789e-03
GRID,1061,,6.426777e-01,-3.016015e-01,9.865199e-02
GRID,1062,,6.426777e-01,-3.158106e-01,1.761718e-01
GRID,1063,,6.426777e-01,-2.946989e-01,1.518260e-01
GRID,1064,,6.426777e-01,-2.991460e-01,1.811730e-02
GRID,1065,,6.426777e-01,-2.912855e-01,4.522282e-02
GRID,1066,,6.426777e-01,-2.921373e-01,7.099955e-02
GRID,1067,,6.426777e-01,-3.008849e-01,-3.212495e-02
GRID,1068,,6.426777e-01,-2.872087e-01,1.261790e-01
GRID,1069,,6.426777e-01,-2.818573e-01,-4.687049e-03
GRID,1070,,6.426777e-01,-2.915124e-01,1.819798e-01
GRID,1071,,6.426777e-01,-2.669821e-01,8.794698e-02
GRID,1072,,6.426777e-01,-2.687361e-01,1.117369e-01
GRID,1073,,6.426777e-01,-2.751524e-01,-3.592928e-02
GRID,1074,,6.426777e-01,-2.622915e-01,2.574002e-02
GRID,1075,,6.426777e-01,-2.564607e-01,1.441151e-01
GRID,1076,,6.426777e-01,-2.671971e-01,1.877152e-01
GRID,1077,,6.426777e-01,-2.474915e-01,6.166537e-02
GRID,1078,,6.426777e-01,-2.519969e-01,-6.966277e-03
GRID,1079,,6.426777e-01,-2.494042e-01,-3.962522e-02
GRID,1080,,6.426777e-01,-2.385770e-01,1.073343e-01
GRID,1081,,6.426777e-01,-2.330079e-01,1.693159e-01
GRID,1082,,6.426777e-01,-2.428517e-01,1.933219e-01
GRID,1083,,6.426777e-01,-2.273323e-01,2.344148e-02
GRID,1084,,6.426777e-01,-2.206356e-01,1.415299e-01
GRID,1085,,6.426777e-01,-2.248439e-01,-1.633517e-02
GRID,1086,,6.426777e-01,-2.236363e-01,-4.318322e-02
GRID,1087,,6.426777e-01,-2.065741e-01,5.588311e-02
GRID,1088,,6.426777e-01,-2.099276e-01,8.848085e-02
GRID,1089,,6.426777e-01,-2.184646e-01,1.987455e-01
GRID,1090,,6.426777e-01,-2.072631e-01,1.204079e-01
GRID,1091,,6.426777e-01,-2.036416e-01,1.683644e-01
GRID,1092,,6.426777e-01,-2.018931e-01,2.392512e-03
GRID,1093,,6.426777e-01,-1.913202e-01,3.025359e-02
GRID,1094,,6.426777e-01,-2.019811e-01,-2.407351e-02
GRID,1095,,6.426777e-01,-1.978448e-01,-4.656360e-02
GRID,1096,,6.426777e-01,-1.853835e-01,1.491522e-01
GRID,1097,,6.426777e-01,-1.951685e-01,1.868260e-01
GRID,1098,,6.426777e-01,-1.940247e-01,2.039264e-01
GRID,1099,,6.426777e-01,-1.718725e-01,8.847675e-02
GRID,1100,,6.426777e-01,-1.786738e-01,1.209347e-01
GRID,1101,,6.426777e-01,-1.708314e-01,5.596509e-02
GRID,1102,,6.426777e-01,-1.702703e-01,1.813116e-01
GRID,1103,,6.426777e-01,-1.801277e-01,-2.897616e-02
GRID,1104,,6.426777e-01,-1.821795e-01,-8.421917e-03
GRID,1105,,6.426777e-01,-1.800573e-01,1.178981e-02
GRID,1106,,6.426777e-01,-1.720245e-01,-4.971980e-02
GRID,1107,,6.426777e-01,-1.695229e-01,2.087997e-01
GRID,1108,,6.426777e-01,-1.645197e-01,3.135666e-02
GRID,1109,,6.426777e-01,-1.522563e-01,1.550751e-01
GRID,1110,,6.426777e-01,-1.612750e-01,-1.175239e-02
GRID,1111,,6.426777e-01,-1.616078e-01,8.833808e-03
GRID,1112,,6.426777e-01,-1.602940e-01,-3.231381e-02
GRID,1113,,6.426777e-01,-1.489344e-01,1.231699e-01
GRID,1114,,6.426777e-01,-1.461722e-01,-5.259800e-02
GRID,1115,,6.426777e-01,-1.454996e-01,7.599850e-02
GRID,1116,,6.426777e-01,-1.413276e-01,1.001694e-01
GRID,1117,,6.426777e-01,-1.426795e-01,5.093398e-02
GRID,1118,,6.426777e-01,-1.427474e-01,1.892469e-01
GRID,1119,,6.426777e-01,-1.449463e-01,2.132906e-01
GRID,1120,,6.426777e-01,-1.413332e-01,2.704661e-02
GRID,1121,,6.426777e-01,-1.408310e-01,3.435183e-03
GRID,1122,,6.426777e-01,-1.410419e-01,-2.142387e-02
GRID,1123,,6.426777e-01,-1.202846e-01,1.430155e-01
GRID,1124,,6.426777e-01,-1.202847e-01,1.677857e-01
GRID,1125,,6.426777e-01,-1.202845e-01,1.182454e-01
GRID,1126,,6.426777e-01,-1.202839e-01,-3.037561e-02
GRID,1127,,6.426777e-01,-1.202838e-01,-5.514577e-02
GRID,1128,,6.426777e-01,-1.202843e-01,6.870505e-02
GRID,1129,,6.426777e-01,-1.202844e-01,9.347520e-02
GRID,1130,,6.426777e-01,-1.202848e-01,1.925559e-01
GRID,1131,,6.426777e-01,-1.202849e-01,2.173260e-01
GRID,1132,,6.426777e-01,-1.202842e-01,4.393488e-02
GRID,1133,,6.426777e-01,-1.202841e-01,1.916472e-02
GRID,1134,,6.426777e-01,-1.202840e-01,-5.605446e-03
GRID,1135,,6.426777e-01,-1.202862e-01,5.516704e-02
GRID,1136,,6.457407e-01,-1.203054e-01,5.516704e-02
GRID,1137,,6.457407e-01,-1.203076e-01,7.912991e-02
GRID,1138,,6.426777e-01,-1.202841e-01,3.121391e-02
GRID,1139,,6.426777e-01,-9.332318e-02,2.032356e-01
GRID,1140,,6.426777e-01,-9.369985e-02,2.210488e-01
GRID,1141,,6.426777e-01,-9.700459e-02,1.812626e-01
GRID,1142,,6.426777e-01,-1.004496e-01,1.601266e-01
GRID,1143,,6.426777e-01,-9.829055e-02,1.355849e-01
GRID,1144,,6.426777e-01,-9.083883e-02,1.099128e-01
GRID,1145,,6.426777e-01,-9.103769e-02,6.498369e-02
GRID,1146,,6.426777e-01,-7.970974e-02,8.415657e-02
GRID,1147,,6.426777e-01,-9.818938e-02,4.352134e-02
GRID,1148,,6.426777e-01,-1.086684e-01,2.231706e-02
GRID,1149,,6.454415e-01,-1.202992e-01,7.276655e-03
GRID,1150,,6.457407e-01,-1.203032e-01,3.121391e-02
GRID,1151,,6.426777e-01,-9.964069e-02,-2.988867e-02
GRID,1152,,6.426777e-01,-8.336759e-02,-7.715132e-03
GRID,1153,,6.426777e-01,-9.085553e-02,1.555536e-02
GRID,1154,,6.426777e-01,-9.359280e-02,-5.736789e-02
GRID,1155,,6.426777e-01,-8.123618e-02,1.490570e-01
GRID,1156,,6.426777e-01,-7.535750e-02,1.687934e-01
GRID,1157,,6.426777e-01,-7.351588e-02,-3.375637e-02
GRID,1158,,6.426777e-01,-7.270275e-02,1.276473e-01
GRID,1159,,6.426777e-01,-7.304350e-02,3.712025e-02
GRID,1160,,6.426777e-01,-7.033087e-02,1.934055e-01
GRID,1161,,6.426777e-01,-6.702145e-02,2.240270e-01
GRID,1162,,6.426777e-01,-6.687965e-02,-5.912041e-02
GRID,1163,,6.426777e-01,-6.141175e-02,5.673075e-02
GRID,1164,,6.426777e-01,-6.480367e-02,1.094199e-02
GRID,1165,,6.426777e-01,-6.147237e-02,1.020077e-01
GRID,1166,,6.426777e-01,-5.602481e-02,-1.423417e-02
GRID,1167,,6.426777e-01,-5.978226e-02,1.478192e-01
GRID,1168,,6.426777e-01,-4.785130e-02,7.486645e-02
GRID,1169,,6.426777e-01,-4.856079e-02,1.712727e-01
GRID,1170,,6.426777e-01,-5.040313e-02,-3.987085e-02
GRID,1171,,6.426777e-01,-4.790328e-02,2.942355e-02
GRID,1172,,6.426777e-01,-4.795188e-02,1.210725e-01
GRID,1173,,6.426777e-01,-4.777541e-02,2.011680e-01
GRID,1174,,6.426777e-01,-4.026284e-02,2.261340e-01
GRID,1175,,6.426777e-01,-4.013954e-02,-6.034624e-02
GRID,1176,,6.426777e-01,-4.007967e-02,3.386858e-03
GRID,1177,,6.426777e-01,-3.472106e-02,9.316682e-02
GRID,1178,,6.426777e-01,-3.512938e-02,4.775368e-02
GRID,1179,,6.426777e-01,-3.431622e-02,1.403554e-01
GRID,1180,,6.426777e-01,-3.347834e-02,-2.214999e-02
GRID,1181,,6.426777e-01,-2.953754e-02,-4.373552e-02
GRID,1182,,6.426777e-01,-2.039552e-02,1.600775e-01
GRID,1183,,6.426777e-01,-2.704068e-02,1.872737e-01
GRID,1184,,6.426777e-01,-2.008553e-02,1.109941e-01
GRID,1185,,6.426777e-01,-2.513267e-02,2.105720e-02
GRID,1186,,6.426777e-01,-2.106384e-02,6.534743e-02
GRID,1187,,6.426777e-01,-2.760083e-02,2.107748e-01
GRID,1188,,6.426777e-01,-1.343910e-02,2.272484e-01
GRID,1189,,6.426777e-01,-1.337621e-02,-6.098600e-02
GRID,1190,,6.426777e-01,-1.764377e-02,-5.294180e-03
GRID,1191,,6.426777e-01,-9.538177e-03,3.834280e-02
GRID,1192,,6.426777e-01,-6.720613e-03,8.291000e-02
GRID,1193,,6.426777e-01,-4.602281e-03,1.292025e-01
GRID,1194,,6.426777e-01,-1.255202e-02,-3.220050e-02
GRID,1195,,6.426777e-01,-6.941461e-03,2.061011e-01
GRID,1196,,6.426777e-01,-3.720903e-03,1.802014e-01
GRID,1197,,6.426777e-01,-1.155705e-03,1.262790e-02
GRID,1198,,6.426777e-01,4.569430e-03,5.570378e-02
GRID,1199,,6.426777e-01,6.461262e-03,1.557630e-01
GRID,1200,,6.426777e-01,8.274980e-03,1.002351e-01
GRID,1201,,6.426777e-01,4.573861e-03,-1.433012e-02
GRID,1202,,6.426777e-01,1.339831e-02,2.272497e-01
GRID,1203,,6.426777e-01,6.519902e-03,-4.073161e-02
GRID,1204,,6.426777e-01,1.339141e-02,-6.098571e-02
GRID,1205,,6.426777e-01,1.988163e-02,2.988345e-02
GRID,1206,,6.426777e-01,1.279261e-02,1.987409e-01
GRID,1207,,6.426777e-01,1.891505e-02,7.388615e-02
GRID,1208,,6.426777e-01,2.421451e-02,1.148702e-01
GRID,1209,,6.426777e-01,2.000292e-02,1.363724e-01
GRID,1210,,6.426777e-01,2.376688e-02,1.776867e-01
GRID,1211,,6.426777e-01,2.443933e-02,2.368791e-03
GRID,1212,,6.426777e-01,2.673061e-02,5.314315e-02
GRID,1213,,6.426777e-01,2.691569e-02,-2.311500e-02
GRID,1214,,6.426777e-01,3.561414e-02,1.532513e-01
GRID,1215,,6.426777e-01,2.686335e-02,-4.481325e-02
GRID,1216,,6.426777e-01,3.344106e-02,9.000463e-02
GRID,1217,,6.426777e-01,3.979814e-02,2.025308e-01
GRID,1218,,6.426777e-01,4.015457e-02,-6.034563e-02
GRID,1219,,6.426777e-01,4.022240e-02,2.261370e-01
GRID,1220,,6.426777e-01,4.307019e-02,6.588779e-02
GRID,1221,,6.426777e-01,4.728010e-02,1.670656e-02
GRID,1222,,6.426777e-01,4.643423e-02,4.062958e-02
GRID,1223,,6.426777e-01,4.381497e-02,1.283708e-01
GRID,1224,,6.426777e-01,5.271560e-02,1.725314e-01
GRID,1225,,6.426777e-01,4.617109e-02,1.061103e-01
GRID,1226,,6.426777e-01,5.029896e-02,-1.049929e-02
GRID,1227,,6.426777e-01,4.751657e-02,-3.794653e-02
GRID,1228,,6.426777e-01,5.879470e-02,8.602444e-02
GRID,1229,,6.426777e-01,6.640105e-02,1.412780e-01
GRID,1230,,6.426777e-01,7.055553e-02,1.955919e-01
GRID,1231,,6.426777e-01,6.697948e-02,2.240302e-01
GRID,1232,,6.426777e-01,6.689457e-02,-5.911951e-02
GRID,1233,,6.426777e-01,6.731297e-02,5.998790e-02
GRID,1234,,6.426777e-01,6.755676e-02,1.109942e-01
GRID,1235,,6.426777e-01,7.081385e-02,3.362105e-02
GRID,1236,,6.426777e-01,7.181722e-02,9.076434e-03
GRID,1237,,6.426777e-01,6.902284e-02,-3.047522e-02
GRID,1238,,6.426777e-01,7.585211e-02,-1.071878e-02
GRID,1239,,6.426777e-01,7.864803e-02,1.662613e-01
GRID,1240,,6.426777e-01,8.863052e-02,8.342647e-02
GRID,1241,,6.426777e-01,9.279848e-02,1.147579e-01
GRID,1242,,6.426777e-01,9.443977e-02,1.411692e-01
GRID,1243,,6.426777e-01,8.829309e-02,-4.003660e-02
GRID,1244,,6.426777e-01,9.360699e-02,-5.736583e-02
GRID,1245,,6.426777e-01,9.365936e-02,2.210540e-01
GRID,1246,,6.426777e-01,9.371453e-02,5.290676e-02
GRID,1247,,6.426777e-01,9.582349e-02,-2.017413e-02
GRID,1248,,6.426777e-01,9.555470e-02,1.857774e-01
GRID,1249,,6.426777e-01,9.549473e-02,2.592567e-02
GRID,1250,,6.426777e-01,9.662950e-02,3.004465e-03
GRID,1251,,6.426777e-01,1.010945e-01,1.606375e-01
GRID,1252,,6.426777e-01,1.202838e-01,-5.514594e-02
GRID,1253,,6.426777e-01,1.202839e-01,-3.037585e-02
GRID,1254,,6.426777e-01,1.202843e-01,6.870448e-02
GRID,1255,,6.426777e-01,1.202844e-01,9.347456e-02
GRID,1256,,6.426777e-01,1.202845e-01,1.182446e-01
GRID,1257,,6.426777e-01,1.202848e-01,1.925549e-01
GRID,1258,,6.426777e-01,1.202849e-01,2.173250e-01
GRID,1259,,6.426777e-01,1.202842e-01,4.393439e-02
GRID,1260,,6.426777e-01,1.202846e-01,1.430147e-01
GRID,1261,,6.426777e-01,1.202841e-01,1.916431e-02
GRID,1262,,6.426777e-01,1.202847e-01,1.677848e-01
GRID,1263,,6.426777e-01,1.202840e-01,-5.605772e-03
GRID,1264,,6.426777e-01,1.202841e-01,3.121181e-02
GRID,1265,,6.454415e-01,1.202992e-01,7.276655e-03
GRID,1266,,6.426777e-01,1.461720e-01,-5.259753e-02
GRID,1267,,6.426777e-01,1.458989e-01,-9.018524e-03
GRID,1268,,6.426777e-01,1.529044e-01,-3.161544e-02
GRID,1269,,6.426777e-01,1.387729e-01,1.926782e-02
GRID,1270,,6.426777e-01,1.202862e-01,5.516309e-02
GRID,1271,,6.457407e-01,1.203054e-01,5.516308e-02
GRID,1272,,6.457407e-01,1.203032e-01,3.121181e-02
GRID,1273,,6.426777e-01,1.528871e-01,5.012012e-02
GRID,1274,,6.426777e-01,1.546301e-01,8.079237e-02
GRID,1275,,6.426777e-01,1.414045e-01,1.232316e-01
GRID,1276,,6.426777e-01,1.620042e-01,1.087847e-01
GRID,1277,,6.426777e-01,1.433472e-01,1.542063e-01
GRID,1278,,6.426777e-01,1.452842e-01,1.851667e-01
GRID,1279,,6.426777e-01,1.449407e-01,2.132917e-01
GRID,1280,,6.457407e-01,1.203076e-01,7.912991e-02
GRID,1281,,6.426777e-01,1.660699e-01,1.532518e-02
GRID,1282,,6.426777e-01,1.673071e-01,1.419674e-01
GRID,1283,,6.426777e-01,1.677563e-01,1.734671e-01
GRID,1284,,6.426777e-01,1.695166e-01,2.087989e-01
GRID,1285,,6.426777e-01,1.774043e-01,-1.754289e-02
GRID,1286,,6.426777e-01,1.720248e-01,-4.971878e-02
GRID,1287,,6.426777e-01,1.869500e-01,3.696125e-02
GRID,1288,,6.426777e-01,1.845961e-01,6.754542e-02
GRID,1289,,6.426777e-01,1.937064e-01,9.834043e-02
GRID,1290,,6.426777e-01,1.927830e-01,1.317731e-01
GRID,1291,,6.426777e-01,2.017647e-01,6.455345e-03
GRID,1292,,6.426777e-01,1.945309e-01,1.636019e-01
GRID,1293,,6.426777e-01,1.890742e-01,1.881650e-01
GRID,1294,,6.426777e-01,1.940187e-01,2.039277e-01
GRID,1295,,6.426777e-01,1.978450e-01,-4.656414e-02
GRID,1296,,6.426777e-01,2.058748e-01,-2.195782e-02
GRID,1297,,6.426777e-01,2.091320e-01,5.364467e-02
GRID,1298,,6.426777e-01,2.189501e-01,7.743625e-02
GRID,1299,,6.426777e-01,2.218201e-01,3.120288e-02
GRID,1300,,6.426777e-01,2.184582e-01,1.987461e-01
GRID,1301,,6.426777e-01,2.187879e-01,1.246593e-01
GRID,1302,,6.426777e-01,2.244796e-01,1.600979e-01
GRID,1303,,6.426777e-01,2.347553e-01,1.033603e-01
GRID,1304,,6.426777e-01,2.236367e-01,-4.318364e-02
GRID,1305,,6.426777e-01,2.303674e-01,-1.492124e-02
GRID,1306,,6.426777e-01,2.407962e-01,9.438489e-03
GRID,1307,,6.426777e-01,2.416839e-01,5.623811e-02
GRID,1308,,6.426777e-01,2.428454e-01,1.933234e-01
GRID,1309,,6.426777e-01,2.486082e-01,1.349707e-01
GRID,1310,,6.426777e-01,2.577991e-01,8.281152e-02
GRID,1311,,6.426777e-01,2.593644e-01,3.359663e-02
GRID,1312,,6.426777e-01,2.494044e-01,-3.962539e-02
GRID,1313,,6.426777e-01,2.590015e-01,1.658770e-01
GRID,1314,,6.426777e-01,2.612551e-01,-1.278997e-02
GRID,1315,,6.426777e-01,2.714342e-01,1.142113e-01
GRID,1316,,6.426777e-01,2.788492e-01,1.120261e-02
GRID,1317,,6.426777e-01,2.802115e-01,6.036067e-02
GRID,1318,,6.426777e-01,2.671909e-01,1.877178e-01
GRID,1319,,6.426777e-01,2.839556e-01,1.493355e-01
GRID,1320,,6.426777e-01,2.751527e-01,-3.592911e-02
GRID,1321,,6.426777e-01,2.951126e-01,9.187924e-02
GRID,1322,,6.426777e-01,2.915060e-01,1.819812e-01
GRID,1323,,6.426777e-01,2.996017e-01,3.663251e-02
GRID,1324,,6.426777e-01,2.949053e-01,-1.169357e-02
GRID,1325,,6.426777e-01,3.066984e-01,1.301005e-01
GRID,1326,,6.426777e-01,3.008852e-01,-3.212479e-02
GRID,1327,,6.426777e-01,3.148615e-01,9.345769e-03
GRID,1328,,6.426777e-01,3.223122e-01,6.747729e-02
GRID,1329,,6.426777e-01,3.158040e-01,1.761732e-01
GRID,1330,,6.426777e-01,3.266065e-01,-2.824548e-02
GRID,1331,,6.426777e-01,3.287784e-01,1.050673e-01
GRID,1332,,6.426777e-01,3.400064e-01,3.457555e-02
GRID,1333,,6.426777e-01,3.345119e-01,1.412191e-01
GRID,1334,,6.426777e-01,3.398040e-01,1.529759e-03
GRID,1335,,6.426777e-01,3.401008e-01,1.703596e-01
GRID,1336,,6.426777e-01,3.633175e-01,5.979667e-02
GRID,1337,,6.426777e-01,3.580605e-01,8.996974e-02
GRID,1338,,6.426777e-01,3.523217e-01,-2.432565e-02
GRID,1339,,6.426777e-01,3.591458e-01,1.205263e-01
GRID,1340,,6.426777e-01,3.617937e-01,1.468981e-01
GRID,1341,,6.426777e-01,3.635368e-01,7.619239e-03
GRID,1342,,6.426777e-01,3.785003e-01,3.343927e-02
GRID,1343,,6.426777e-01,3.644104e-01,1.646003e-01
GRID,1344,,6.426777e-01,3.780336e-01,-2.038463e-02
GRID,1345,,6.426777e-01,3.920366e-01,8.207607e-02
GRID,1346,,6.426777e-01,3.881586e-01,1.093298e-01
GRID,1347,,6.426777e-01,3.878260e-01,1.355423e-01
GRID,1348,,6.426777e-01,3.887438e-01,1.589420e-01
GRID,1349,,6.426777e-01,4.011023e-01,5.757072e-02
GRID,1350,,6.426777e-01,3.917935e-01,8.667588e-03
GRID,1351,,6.426777e-01,4.037458e-01,-1.644556e-02
GRID,1352,,6.426777e-01,4.113969e-01,3.344113e-02
GRID,1353,,6.426777e-01,4.152597e-01,1.272957e-01
GRID,1354,,6.426777e-01,4.131128e-01,1.534399e-01
GRID,1355,,6.426777e-01,4.151193e-01,1.026186e-01
GRID,1356,,6.426777e-01,4.195421e-01,1.007255e-02
GRID,1357,,6.426777e-01,4.278632e-01,8.218464e-02
GRID,1358,,6.426777e-01,4.356998e-01,5.683799e-02
GRID,1359,,6.426777e-01,4.294620e-01,-1.253260e-02
GRID,1360,,6.426777e-01,4.407510e-01,3.273124e-02
GRID,1361,,6.426777e-01,4.375248e-01,1.481298e-01
GRID,1362,,6.426777e-01,4.447772e-01,1.133148e-01
GRID,1363,,6.426777e-01,4.454505e-01,1.077224e-02
GRID,1364,,6.426777e-01,4.656680e-01,8.171060e-02
GRID,1365,,6.426777e-01,4.551837e-01,-8.656206e-03
GRID,1366,,6.426777e-01,4.672838e-01,5.155210e-02
GRID,1367,,6.426777e-01,4.619821e-01,1.430349e-01
GRID,1368,,6.426777e-01,4.674675e-01,2.888107e-02
GRID,1369,,6.426777e-01,4.797204e-01,1.118149e-01
GRID,1370,,6.426777e-01,4.688217e-01,9.534645e-03
GRID,1371,,6.426777e-01,4.809094e-01,-4.806305e-03
GRID,1372,,6.426777e-01,4.864801e-01,1.381369e-01
GRID,1373,,6.426777e-01,4.997919e-01,6.231752e-02
GRID,1374,,6.426777e-01,5.046506e-01,9.245297e-02
GRID,1375,,6.426777e-01,4.949455e-01,3.731868e-02
GRID,1376,,6.426777e-01,4.906978e-01,1.648450e-02
GRID,1377,,6.426777e-01,5.110142e-01,1.334257e-01
GRID,1378,,6.426777e-01,5.066367e-01,-9.668369e-04
GRID,1379,,6.426777e-01,5.165970e-01,2.035196e-02
GRID,1380,,6.426777e-01,5.271482e-01,4.125900e-02
GRID,1381,,6.426777e-01,5.328703e-01,6.749813e-02
GRID,1382,,6.426777e-01,5.334641e-01,9.954717e-02
GRID,1383,,6.426777e-01,5.323636e-01,2.874594e-03
GRID,1384,,6.426777e-01,5.355844e-01,1.289043e-01
GRID,1385,,6.426777e-01,5.421971e-01,2.246805e-02
GRID,1386,,6.426777e-01,5.617210e-01,4.005459e-02
GRID,1387,,6.426777e-01,5.580936e-01,6.696043e-03
GRID,1388,,6.426777e-01,5.599810e-01,7.455206e-02
GRID,1389,,6.426777e-01,5.585090e-01,1.030114e-01
GRID,1390,,6.426777e-01,5.601998e-01,1.246363e-01
GRID,1391,,6.426777e-01,5.838477e-01,1.035118e-02
GRID,1392,,6.426777e-01,5.836948e-01,8.412703e-02
GRID,1393,,6.426777e-01,5.839434e-01,1.050979e-01
GRID,1394,,6.426777e-01,5.859157e-01,5.745737e-02
GRID,1395,,6.426777e-01,5.848853e-01,1.207938e-01
GRID,1396,,6.426777e-01,5.897551e-01,3.273152e-02
GRID,1397,,6.426777e-01,6.096000e-01,6.555544e-02
GRID,1398,,6.426777e-01,6.096000e-01,1.170918e-01
GRID,1399,,6.426777e-01,6.096000e-01,1.402138e-02
GRID,1400,,6.597272e-01,6.299189e-01,1.533858e-02
GRID,1401,,6.426777e-01,6.096000e-01,3.978778e-02
GRID,1402,,6.614133e-01,6.319282e-01,5.373866e-02
GRID,1403,,6.426777e-01,6.096000e-01,6.555417e-02
GRID,1404,,6.548540e-01,6.241112e-01,8.954509e-02
GRID,1405,,6.426777e-01,6.096000e-01,9.132057e-02
GRID,1406,,6.426777e-01,6.096000e-01,1.170870e-01
GRID,1407,,6.597300e-01,6.299221e-01,1.170953e-01
GRID,1408,,6.627076e-01,-1.204095e-01,3.188913e-02
GRID,1409,,6.457407e-01,-1.203033e-01,3.122334e-02
GRID,1410,,6.718880e-01,-1.204648e-01,7.497600e-03
GRID,1411,,6.457407e-01,1.203033e-01,3.122334e-02
GRID,1412,,6.715027e-01,1.204638e-01,2.373232e-02
GRID,1413,,6.718880e-01,1.204648e-01,7.497600e-03
GRID,1414,,6.457407e-01,-1.203054e-01,5.517662e-02
GRID,1415,,6.721600e-01,-1.204730e-01,7.935062e-02
GRID,1416,,6.766024e-01,-1.204986e-01,5.528289e-02
GRID,1417,,6.457407e-01,1.203054e-01,5.517662e-02
GRID,1418,,6.649716e-01,1.204248e-01,4.371910e-02
GRID,1419,,6.718571e-01,1.204696e-01,6.334741e-02
GRID,1420,,6.721600e-01,1.204730e-01,7.935062e-02
GRID,1421,,6.712863e-01,6.436945e-01,8.863186e-02
GRID,1422,,6.697451e-01,-6.418576e-01,9.620466e-02
GRID,1423,,6.728862e-01,-6.456012e-01,4.875698e-02
GRID,1424,,6.767772e-01,-6.502383e-01,1.664282e-02
GRID,1425,,6.767772e-01,6.502383e-01,1.664282e-02
GRID,1426,,6.767820e-01,-6.502441e-01,1.171908e-01
GRID,1427,,6.767820e-01,6.502441e-01,1.171908e-01
GRID,1428,,6.899473e-01,6.096000e-01,4.205619e-02
GRID,1429,,6.793016e-01,6.532467e-01,6.124162e-02
GRID,1430,,6.798577e-01,-6.539094e-01,7.727528e-02
GRID,1431,,6.828443e-01,-1.205355e-01,3.122348e-02
GRID,1432,,6.925799e-01,1.205976e-01,4.386919e-02
GRID,1433,,6.938239e-01,-6.096000e-01,1.109914e-01
GRID,1434,,6.920627e-01,-6.096000e-01,1.250333e-01
GRID,1435,,6.920627e-01,6.096000e-01,1.250333e-01
GRID,1436,,6.922843e-01,6.096000e-01,9.767577e-03
GRID,1437,,6.877548e-01,-6.096000e-01,3.066623e-02
GRID,1438,,6.922863e-01,-6.096000e-01,9.767422e-03
GRID,1439,,6.935518e-01,-6.096000e-01,5.104881e-02
GRID,1440,,6.839424e-01,-6.587775e-01,1.005731e-01
GRID,1441,,7.006240e-01,-6.096000e-01,7.249555e-02
GRID,1442,,7.000942e-01,6.096000e-01,7.461187e-02
GRID,1443,,6.917482e-01,6.680798e-01,9.347014e-02
GRID,1444,,6.983345e-01,1.206304e-01,7.718545e-03
GRID,1445,,6.985792e-01,1.206384e-01,7.957134e-02
GRID,1446,,6.983345e-01,-1.206304e-01,7.718545e-03
GRID,1447,,6.985792e-01,-1.206384e-01,7.957134e-02
GRID,1448,,6.919572e-01,-6.683290e-01,6.118070e-02
GRID,1449,,6.870810e-01,-6.625178e-01,3.594169e-02
GRID,1450,,7.020200e-01,-1.206572e-01,4.886526e-02
GRID,1451,,7.104791e-01,-6.096000e-01,9.586141e-02
GRID,1452,,6.938278e-01,-6.705583e-01,1.793153e-02
GRID,1453,,6.924974e-01,6.689728e-01,4.322532e-02
GRID,1454,,6.938278e-01,6.705583e-01,1.793153e-02
GRID,1455,,6.938340e-01,-6.705658e-01,1.173518e-01
GRID,1456,,6.938340e-01,6.705658e-01,1.173518e-01
GRID,1457,,6.967562e-01,6.740483e-01,6.852075e-02
GRID,1458,,7.089082e-01,6.096000e-01,1.021365e-01
GRID,1459,,6.996714e-01,-6.775225e-01,8.972208e-02
GRID,1460,,7.031093e-01,-6.816196e-01,4.041640e-02
GRID,1461,,7.108312e-01,-6.096000e-01,3.071449e-02
GRID,1462,,7.218024e-01,6.096000e-01,5.375193e-02
GRID,1463,,7.175776e-01,6.096000e-01,2.787998e-02
GRID,1464,,7.113893e-01,6.914874e-01,8.562081e-02
GRID,1465,,7.108856e-01,6.908871e-01,1.175873e-01
GRID,1466,,7.108642e-01,-6.908616e-01,6.586008e-02
GRID,1467,,7.168300e-01,-6.096000e-01,1.285108e-01
GRID,1468,,7.168300e-01,6.096000e-01,1.285108e-01
GRID,1469,,7.171132e-01,6.096000e-01,7.957503e-03
GRID,1470,,7.171152e-01,-6.096000e-01,7.957363e-03
GRID,1471,,7.102670e-01,6.901498e-01,3.571988e-02
GRID,1472,,7.108036e-01,6.907894e-01,5.790870e-02
GRID,1473,,7.212698e-01,1.207784e-01,5.667045e-02
GRID,1474,,7.151661e-01,1.207378e-01,3.055570e-02
GRID,1475,,7.229406e-01,-6.096000e-01,5.112377e-02
GRID,1476,,7.108784e-01,-6.908785e-01,1.921570e-02
GRID,1477,,7.108784e-01,6.908785e-01,1.921570e-02
GRID,1478,,7.108856e-01,-6.908871e-01,1.175873e-01
GRID,1479,,7.225952e-01,-1.207850e-01,3.781924e-02
GRID,1480,,7.247810e-01,-1.207959e-01,7.939490e-03
GRID,1481,,7.247810e-01,1.207959e-01,7.939490e-03
GRID,1482,,7.249985e-01,-1.208038e-01,7.979206e-02
GRID,1483,,7.249985e-01,1.208038e-01,7.979206e-02
GRID,1484,,7.199580e-01,-7.016992e-01,9.143985e-02
GRID,1485,,7.273352e-01,6.096000e-01,8.063538e-02
GRID,1486,,7.327386e-01,-6.096000e-01,7.418801e-02
GRID,1487,,7.192416e-01,-7.008453e-01,4.254873e-02
GRID,1488,,7.081399e-01,-8.534400e-01,6.866980e-02
GRID,1489,,7.246249e-01,-8.534400e-01,8.759831e-02
GRID,1490,,7.382894e-01,-8.534400e-01,7.279481e-02
GRID,1491,,7.232660e-01,-8.534400e-01,5.039360e-02
GRID,1492,,7.081399e-01,8.534400e-01,6.866980e-02
GRID,1493,,7.232660e-01,8.534400e-01,5.039360e-02
GRID,1494,,7.246249e-01,8.534400e-01,8.759831e-02
GRID,1495,,7.346224e-01,6.096000e-01,1.058331e-01
GRID,1496,,7.279293e-01,7.111989e-01,2.049229e-02
GRID,1497,,7.298480e-01,7.134857e-01,4.557439e-02
GRID,1498,,7.373708e-01,-6.096000e-01,1.026058e-01
GRID,1499,,7.255305e-01,7.083401e-01,7.026411e-02
GRID,1500,,7.385578e-01,-6.096000e-01,2.744884e-02
GRID,1501,,7.290790e-01,-7.125691e-01,6.645137e-02
GRID,1502,,7.279293e-01,-7.111989e-01,2.049229e-02
GRID,1503,,7.279369e-01,-7.112080e-01,1.178777e-01
GRID,1504,,7.318389e-01,7.158582e-01,9.474423e-02
GRID,1505,,7.279369e-01,7.112080e-01,1.178777e-01
GRID,1506,,7.398893e-01,1.208932e-01,3.781520e-02
GRID,1507,,7.416345e-01,-6.096000e-01,1.317137e-01
GRID,1508,,7.416345e-01,6.096000e-01,1.317137e-01
GRID,1509,,7.419529e-01,6.096000e-01,6.309696e-03
GRID,1510,,7.419548e-01,-6.096000e-01,6.309577e-03
GRID,1511,,7.464526e-01,6.096000e-01,3.175623e-02
GRID,1512,,7.346228e-01,-7.191760e-01,4.261802e-02
GRID,1513,,7.388188e-01,-7.241766e-01,9.082133e-02
GRID,1514,,7.514178e-01,1.209692e-01,8.001278e-02
GRID,1515,,7.502351e-01,6.096000e-01,6.035351e-02
GRID,1516,,7.429681e-01,-1.209115e-01,2.674802e-02
GRID,1517,,7.456111e-01,-1.209304e-01,5.250808e-02
GRID,1518,,7.559492e-01,-6.096000e-01,4.536325e-02
GRID,1519,,7.508137e-01,-8.534400e-01,5.638510e-02
GRID,1520,,7.476423e-01,-8.534400e-01,4.332249e-02
GRID,1521,,7.476423e-01,8.534400e-01,4.332249e-02
GRID,1522,,7.538994e-01,8.534400e-01,6.989061e-02
GRID,1523,,7.479118e-01,-8.534400e-01,9.736404e-02
GRID,1524,,7.479118e-01,8.534400e-01,9.736404e-02
GRID,1525,,7.512274e-01,-1.209615e-01,8.160436e-03
GRID,1526,,7.512274e-01,1.209615e-01,8.160436e-03
GRID,1527,,7.514178e-01,-1.209692e-01,8.001278e-02
GRID,1528,,7.422562e-01,7.282730e-01,6.965527e-02
GRID,1529,,7.497563e-01,6.096000e-01,8.540602e-02
GRID,1530,,7.449802e-01,-7.315193e-01,2.176787e-02
GRID,1531,,7.449802e-01,7.315193e-01,2.176787e-02
GRID,1532,,7.449877e-01,-7.315284e-01,1.182214e-01
GRID,1533,,7.449877e-01,7.315284e-01,1.182214e-01
GRID,1534,,7.477272e-01,-7.347931e-01,6.112492e-02
GRID,1535,,7.514246e-01,7.391995e-01,4.534979e-02
GRID,1536,,7.572576e-01,7.461510e-01,9.110549e-02
GRID,1537,,7.613596e-01,-6.096000e-01,7.890213e-02
GRID,1538,,7.599249e-01,6.096000e-01,1.061296e-01
GRID,1539,,7.661748e-01,-6.096000e-01,1.077502e-01
GRID,1540,,7.689743e-01,-8.534400e-01,7.283316e-02
GRID,1541,,7.668052e-01,-6.096000e-01,4.823617e-03
GRID,1542,,7.554845e-01,-7.440380e-01,9.217921e-02
GRID,1543,,7.680187e-01,1.210699e-01,4.422757e-02
GRID,1544,,7.664728e-01,-6.096000e-01,1.346435e-01
GRID,1545,,7.664728e-01,6.096000e-01,1.346435e-01
GRID,1546,,7.668033e-01,6.096000e-01,4.823724e-03
GRID,1547,,7.599763e-01,7.493910e-01,6.578158e-02
GRID,1548,,7.683233e-01,-1.210706e-01,3.104697e-02
GRID,1549,,7.632222e-01,-7.532593e-01,4.535408e-02
GRID,1550,,7.620310e-01,-7.518398e-01,2.304359e-02
GRID,1551,,7.620310e-01,7.518398e-01,2.304359e-02
GRID,1552,,7.620381e-01,-7.518483e-01,1.186128e-01
GRID,1553,,7.620381e-01,7.518483e-01,1.186128e-01
GRID,1554,,7.675626e-01,-1.210683e-01,5.772112e-02
GRID,1555,,7.747959e-01,6.096000e-01,4.201951e-02
GRID,1556,,7.723119e-01,-8.534400e-01,3.874727e-02
GRID,1557,,7.723119e-01,8.534400e-01,3.874727e-02
GRID,1558,,7.654773e-01,-7.559470e-01,7.085085e-02
GRID,1559,,7.720264e-01,-8.534400e-01,1.047114e-01
GRID,1560,,7.720264e-01,8.534400e-01,1.047114e-01
GRID,1561,,7.713686e-01,6.096000e-01,7.468623e-02
GRID,1562,,7.776740e-01,-1.211271e-01,8.381381e-03
GRID,1563,,7.776740e-01,1.211271e-01,8.381381e-03
GRID,1564,,7.778371e-01,-1.211346e-01,8.023349e-02
GRID,1565,,7.778371e-01,1.211346e-01,8.023349e-02
GRID,1566,,7.718420e-01,7.635321e-01,4.659822e-02
GRID,1567,,7.830264e-01,8.534400e-01,6.691137e-02
GRID,1568,,7.722814e-01,-7.640557e-01,9.544591e-02
GRID,1569,,7.827997e-01,-6.096000e-01,2.808137e-02
GRID,1570,,7.826481e-01,-6.096000e-01,5.826866e-02
GRID,1571,,7.765801e-01,7.691788e-01,7.108311e-02
GRID,1572,,7.801104e-01,7.733859e-01,9.701280e-02
GRID,1573,,7.845529e-01,6.096000e-01,1.030765e-01
GRID,1574,,7.912384e-01,-6.096000e-01,8.724332e-02
GRID,1575,,7.790819e-01,-7.721602e-01,2.432053e-02
GRID,1576,,7.790819e-01,7.721602e-01,2.432053e-02
GRID,1577,,7.790881e-01,-7.721676e-01,1.190477e-01
GRID,1578,,7.790881e-01,7.721676e-01,1.190477e-01
GRID,1579,,7.795598e-01,-7.727296e-01,5.510402e-02
GRID,1580,,7.805057e-01,-7.738571e-01,7.691824e-02
GRID,1581,,7.945144e-01,-6.096000e-01,1.153934e-01
GRID,1582,,7.913386e-01,-6.096000e-01,1.373254e-01
GRID,1583,,7.913386e-01,6.096000e-01,1.373254e-01
GRID,1584,,7.899683e-01,6.096000e-01,2.187848e-02
GRID,1585,,7.916622e-01,6.096000e-01,3.489238e-03
GRID,1586,,7.916641e-01,-6.096000e-01,3.489137e-03
GRID,1587,,7.904714e-01,-1.212113e-01,5.316925e-02
GRID,1588,,8.020317e-01,1.212839e-01,5.620476e-02
GRID,1589,,7.921553e-01,1.212198e-01,3.113939e-02
GRID,1590,,7.988147e-01,-1.212612e-01,2.808322e-02
GRID,1591,,7.959255e-01,-8.534400e-01,8.308241e-02
GRID,1592,,7.978944e-01,-8.534400e-01,5.629787e-02
GRID,1593,,7.960346e-01,6.096000e-01,6.963881e-02
GRID,1594,,7.932157e-01,7.890043e-01,4.896088e-02
GRID,1595,,7.964755e-01,-8.534400e-01,1.108806e-01
GRID,1596,,8.012987e-01,8.534400e-01,8.928678e-02
GRID,1597,,7.964755e-01,8.534400e-01,1.108806e-01
GRID,1598,,7.892360e-01,-7.842614e-01,9.485023e-02
GRID,1599,,7.971735e-01,-8.534400e-01,3.510847e-02
GRID,1600,,7.971735e-01,8.534400e-01,3.510847e-02
GRID,1601,,8.061220e-01,6.096000e-01,4.308334e-02
GRID,1602,,7.919128e-01,7.874515e-01,7.616225e-02
GRID,1603,,8.041204e-01,-1.212927e-01,8.602324e-03
GRID,1604,,8.041204e-01,1.212927e-01,8.602324e-03
GRID,1605,,8.042564e-01,-1.213000e-01,8.045422e-02
GRID,1606,,8.042564e-01,1.213000e-01,8.045422e-02
GRID,1607,,7.953630e-01,-7.915632e-01,4.528956e-02
GRID,1608,,7.961326e-01,-7.924804e-01,2.560260e-02
GRID,1609,,7.961326e-01,7.924804e-01,2.560260e-02
GRID,1610,,7.961376e-01,-7.924865e-01,1.195241e-01
GRID,1611,,7.961376e-01,7.924865e-01,1.195241e-01
GRID,1612,,7.949290e-01,-7.910460e-01,7.007865e-02
GRID,1613,,8.013640e-01,7.987150e-01,9.519568e-02
GRID,1614,,8.016775e-01,-6.096000e-01,4.247372e-02
GRID,1615,,8.118005e-01,-6.096000e-01,6.851398e-02
GRID,1616,,8.082728e-01,-6.096000e-01,2.128560e-02
GRID,1617,,8.123094e-01,8.534400e-01,5.969185e-02
GRID,1618,,8.102437e-01,6.096000e-01,9.698285e-02
GRID,1619,,8.085623e-01,-8.072936e-01,9.068410e-02
GRID,1620,,8.147619e-01,6.096000e-01,1.900413e-02
GRID,1621,,8.185837e-01,-1.213869e-01,4.925224e-02
GRID,1622,,8.242589e-01,-6.096000e-01,9.841059e-02
GRID,1623,,8.162271e-01,-6.096000e-01,1.397914e-01
GRID,1624,,8.162271e-01,6.096000e-01,1.397914e-01
GRID,1625,,8.249086e-01,6.096000e-01,1.144324e-01
GRID,1626,,8.165281e-01,6.096000e-01,2.294623e-03
GRID,1627,,8.165300e-01,-6.096000e-01,2.294538e-03
GRID,1628,,8.076536e-01,8.062106e-01,6.582829e-02
GRID,1629,,8.170406e-01,1.213754e-01,2.924168e-02
GRID,1630,,8.131831e-01,8.128005e-01,2.688868e-02
GRID,1631,,8.228028e-01,-6.096000e-01,1.228634e-01
GRID,1632,,8.099227e-01,-8.089149e-01,6.020824e-02
GRID,1633,,8.131831e-01,-8.128005e-01,2.688868e-02
GRID,1634,,8.199576e-01,-8.534400e-01,9.109708e-02
GRID,1635,,8.219749e-01,-8.534400e-01,6.463515e-02
GRID,1636,,8.239434e-01,6.096000e-01,6.558101e-02
GRID,1637,,8.131867e-01,-8.128047e-01,1.200359e-01
GRID,1638,,8.131867e-01,8.128047e-01,1.200359e-01
GRID,1639,,8.211235e-01,-8.534400e-01,1.161890e-01
GRID,1640,,8.211235e-01,8.534400e-01,1.161890e-01
GRID,1641,,8.222068e-01,-8.534400e-01,3.209392e-02
GRID,1642,,8.222068e-01,8.534400e-01,3.209392e-02
GRID,1643,,8.305670e-01,-1.214582e-01,8.823270e-03
GRID,1644,,8.264537e-01,8.534400e-01,8.257977e-02
GRID,1645,,8.186943e-01,8.193684e-01,9.236443e-02
GRID,1646,,8.244720e-01,-6.096000e-01,4.648195e-02
GRID,1647,,8.306757e-01,1.214654e-01,8.067493e-02
GRID,1648,,8.279128e-01,1.214454e-01,5.037475e-02
GRID,1649,,8.305670e-01,1.214582e-01,8.823270e-03
GRID,1650,,8.306757e-01,-1.214654e-01,8.067493e-02
GRID,1651,,8.346929e-01,6.096000e-01,3.598854e-02
GRID,1652,,8.230952e-01,8.246132e-01,5.887688e-02
GRID,1653,,8.327529e-01,-6.096000e-01,2.339871e-02
GRID,1654,,8.286234e-01,-8.312015e-01,9.564384e-02
GRID,1655,,8.261980e-01,-8.283110e-01,7.103783e-02
GRID,1656,,8.234534e-01,-8.250401e-01,4.804914e-02
GRID,1657,,8.401169e-01,6.096000e-01,8.710303e-02
GRID,1658,,8.419079e-01,-6.096000e-01,7.574045e-02
GRID,1659,,8.472836e-01,8.534400e-01,5.239880e-02
GRID,1660,,8.302335e-01,-8.331204e-01,2.818060e-02
GRID,1661,,8.302335e-01,8.331204e-01,2.818060e-02
GRID,1662,,8.302354e-01,-8.331226e-01,1.205803e-01
GRID,1663,,8.302354e-01,8.331226e-01,1.205803e-01
GRID,1664,,8.414004e-01,6.096000e-01,1.240964e-03
GRID,1665,,8.411362e-01,-6.096000e-01,1.420391e-01
GRID,1666,,8.411362e-01,6.096000e-01,1.420391e-01
GRID,1667,,8.414023e-01,-6.096000e-01,1.240887e-03
GRID,1668,,8.419951e-01,1.215316e-01,2.873766e-02
GRID,1669,,8.451110e-01,-1.215530e-01,4.981511e-02
GRID,1670,,8.334211e-01,8.369191e-01,8.488126e-02
GRID,1671,,8.360005e-01,-8.534400e-01,9.982955e-02
GRID,1672,,8.472836e-01,-8.534400e-01,7.531902e-02
GRID,1673,,8.472834e-01,-8.534400e-01,1.211595e-01
GRID,1674,,8.472835e-01,8.534400e-01,9.823925e-02
GRID,1675,,8.472834e-01,8.534400e-01,1.211595e-01
GRID,1676,,8.472836e-01,-8.534400e-01,5.239880e-02
GRID,1677,,8.472837e-01,-8.534400e-01,2.947858e-02
GRID,1678,,8.472837e-01,8.534400e-01,2.947858e-02
GRID,1679,,8.486459e-01,-6.096000e-01,1.220828e-01
GRID,1680,,8.370580e-01,8.412535e-01,5.338931e-02
GRID,1681,,8.369252e-01,-8.410952e-01,5.161434e-02
GRID,1682,,8.535712e-01,6.096000e-01,5.871470e-02
GRID,1683,,8.569577e-01,-6.096000e-01,1.021784e-01
GRID,1684,,8.489495e-01,-6.096000e-01,4.811239e-02
GRID,1685,,8.464607e-01,6.096000e-01,1.259898e-01
GRID,1686,,8.570988e-01,6.096000e-01,1.046345e-01
GRID,1687,,8.472837e-01,-8.534399e-01,7.531846e-02
GRID,1688,,8.472836e-01,8.534400e-01,7.531902e-02
GRID,1689,,8.495903e-01,1.215815e-01,5.472672e-02
GRID,1690,,8.472836e-01,-8.534399e-01,9.823838e-02
GRID,1691,,8.472836e-01,-8.534399e-01,1.211583e-01
GRID,1692,,8.472836e-01,8.534399e-01,9.823838e-02
GRID,1693,,8.472836e-01,8.534399e-01,1.211583e-01
GRID,1694,,8.570134e-01,-1.216238e-01,9.044215e-03
GRID,1695,,8.616503e-01,-1.216547e-01,2.898532e-02
GRID,1696,,8.570134e-01,1.216238e-01,9.044215e-03
GRID,1697,,8.570950e-01,-1.216308e-01,8.089565e-02
GRID,1698,,8.570950e-01,1.216308e-01,8.089565e-02
GRID,1699,,8.571064e-01,-6.096000e-01,2.398133e-02
GRID,1700,,8.472837e-01,8.534399e-01,7.531846e-02
GRID,1701,,8.615345e-01,6.096000e-01,2.898872e-02
GRID,1702,,8.472835e-01,-8.534400e-01,9.823925e-02
GRID,1703,,8.708478e-01,6.096000e-01,8.023609e-02
GRID,1704,,8.660633e-01,-6.096000e-01,1.440778e-01
GRID,1705,,8.660633e-01,6.096000e-01,1.440778e-01
GRID,1706,,8.662779e-01,6.096000e-01,3.164183e-04
GRID,1707,,8.662798e-01,-6.096000e-01,3.163507e-04
GRID,1708,,8.681421e-01,-6.096000e-01,6.727110e-02
GRID,1709,,8.689009e-01,-6.096000e-01,8.683881e-02
GRID,1710,,8.664327e-01,1.216848e-01,3.169191e-02
GRID,1711,,8.707463e-01,-1.217141e-01,5.650982e-02
GRID,1712,,8.764002e-01,6.096000e-01,1.223631e-01
GRID,1713,,8.721229e-01,-8.534400e-01,1.253939e-01
GRID,1714,,8.648805e-01,8.534400e-01,1.012681e-01
GRID,1715,,8.721229e-01,8.534400e-01,1.253939e-01
GRID,1716,,8.711163e-01,-8.534400e-01,8.549986e-02
GRID,1717,,8.852972e-01,-8.534400e-01,1.048560e-01
GRID,1718,,8.715781e-01,-8.534400e-01,6.470953e-02
GRID,1719,,8.691516e-01,8.534400e-01,6.348613e-02
GRID,1720,,8.796797e-01,8.534400e-01,8.154140e-02
GRID,1721,,8.721840e-01,-8.534400e-01,4.324599e-02
GRID,1722,,8.643072e-01,-8.737278e-01,1.056787e-01
GRID,1723,,8.627145e-01,-8.718298e-01,8.170928e-02
GRID,1724,,8.643362e-01,-8.737625e-01,1.217680e-01
GRID,1725,,8.655745e-01,8.752381e-01,1.044202e-01
GRID,1726,,8.643362e-01,8.737625e-01,1.217680e-01
GRID,1727,,8.643128e-01,8.737346e-01,8.052923e-02
GRID,1728,,8.717061e-01,8.534400e-01,4.295636e-02
GRID,1729,,8.587049e-01,-8.670513e-01,5.513359e-02
GRID,1730,,8.593455e-01,8.678146e-01,5.450733e-02
GRID,1731,,8.729256e-01,-8.534400e-01,2.712594e-02
GRID,1732,,8.643355e-01,-8.737616e-01,3.078377e-02
GRID,1733,,8.729290e-01,8.534400e-01,2.712564e-02
GRID,1734,,8.643355e-01,8.737616e-01,3.078377e-02
GRID,1735,,8.763542e-01,-6.096000e-01,1.231869e-01
GRID,1736,,8.727365e-01,-6.096000e-01,4.590231e-02
GRID,1737,,8.754442e-01,1.217434e-01,5.597556e-02
GRID,1738,,8.853881e-01,6.096000e-01,5.289076e-02
GRID,1739,,8.861853e-01,-6.096000e-01,1.033833e-01
GRID,1740,,8.834598e-01,-1.217894e-01,9.265161e-03
GRID,1741,,8.834598e-01,1.217894e-01,9.265161e-03
GRID,1742,,8.835142e-01,-1.217962e-01,8.111636e-02
GRID,1743,,8.835142e-01,1.217962e-01,8.111636e-02
GRID,1744,,8.875485e-01,6.096000e-01,1.003340e-01
GRID,1745,,8.802439e-01,-6.096000e-01,2.254283e-02
GRID,1746,,8.756802e-01,-8.872817e-01,6.252816e-02
GRID,1747,,8.783214e-01,8.904293e-01,5.958776e-02
GRID,1748,,8.873640e-01,6.096000e-01,2.376570e-02
GRID,1749,,8.841188e-01,-1.217960e-01,3.676338e-02
GRID,1750,,8.797391e-01,-8.921188e-01,9.568774e-02
GRID,1751,,8.813885e-01,-8.940845e-01,1.224043e-01
GRID,1752,,8.852078e-01,8.986362e-01,9.233926e-02
GRID,1753,,8.813871e-01,-8.940829e-01,3.209606e-02
GRID,1754,,8.813871e-01,8.940829e-01,3.209606e-02
GRID,1755,,8.813885e-01,8.940845e-01,1.224043e-01
GRID,1756,,8.917861e-01,8.534400e-01,1.034754e-01
GRID,1757,,8.910052e-01,-6.096000e-01,1.459280e-01
GRID,1758,,8.910052e-01,6.096000e-01,1.459280e-01
GRID,1759,,8.911592e-01,6.096000e-01,-4.975576e-04
GRID,1760,,8.911611e-01,-6.096000e-01,-4.976165e-04
GRID,1761,,8.921668e-01,1.218461e-01,3.319595e-02
GRID,1762,,8.929603e-01,-6.096000e-01,6.083518e-02
GRID,1763,,8.922303e-01,-6.096000e-01,8.164391e-02
GRID,1764,,8.916460e-01,8.534400e-01,5.631141e-02
GRID,1765,,8.951170e-01,-1.218668e-01,5.766406e-02
GRID,1766,,8.990026e-01,6.096000e-01,7.888284e-02
GRID,1767,,8.957411e-01,-8.534400e-01,7.925979e-02
GRID,1768,,8.951614e-01,-8.534400e-01,5.494107e-02
GRID,1769,,8.985965e-01,8.534400e-01,2.506946e-02
GRID,1770,,8.970300e-01,-8.534400e-01,1.292035e-01
GRID,1771,,8.970300e-01,8.534400e-01,1.292035e-01
GRID,1772,,8.985928e-01,-8.534400e-01,2.506975e-02
GRID,1773,,8.920826e-01,-6.096000e-01,4.112362e-02
GRID,1774,,9.071028e-01,1.219419e-01,5.944645e-02
GRID,1775,,8.932889e-01,-9.082669e-01,8.362235e-02
GRID,1776,,8.909301e-01,-9.054557e-01,5.525763e-02
GRID,1777,,9.054734e-01,-6.096000e-01,1.233449e-01
GRID,1778,,9.052537e-01,6.096000e-01,1.231324e-01
GRID,1779,,8.949462e-01,9.102419e-01,4.644740e-02
GRID,1780,,9.021514e-01,9.188288e-01,6.822412e-02
GRID,1781,,9.086120e-01,8.534400e-01,7.677003e-02
GRID,1782,,8.984404e-01,-9.144061e-01,1.230663e-01
GRID,1783,,9.027851e-01,-6.096000e-01,2.345069e-02
GRID,1784,,8.984386e-01,-9.144040e-01,3.341563e-02
GRID,1785,,8.984386e-01,9.144040e-01,3.341563e-02
GRID,1786,,8.984404e-01,9.144061e-01,1.230663e-01
GRID,1787,,9.052485e-01,-1.219279e-01,3.205488e-02
GRID,1788,,9.099064e-01,-1.219550e-01,9.486105e-03
GRID,1789,,9.099064e-01,1.219550e-01,9.486105e-03
GRID,1790,,9.099335e-01,-1.219617e-01,8.133709e-02
GRID,1791,,9.099335e-01,1.219617e-01,8.133709e-02
GRID,1792,,9.078752e-01,9.256501e-01,9.824348e-02
GRID,1793,,9.110941e-01,-8.534400e-01,1.150017e-01
GRID,1794,,9.131231e-01,-8.534400e-01,9.484241e-02
GRID,1795,,9.161210e-01,6.096000e-01,6.118317e-02
GRID,1796,,9.128680e-01,6.096000e-01,3.778384e-02
GRID,1797,,9.142850e-01,-6.096000e-01,1.000448e-01
GRID,1798,,9.103046e-01,6.096000e-01,1.691781e-02
GRID,1799,,9.159858e-01,6.096000e-01,1.021109e-01
GRID,1800,,9.077397e-01,-9.254886e-01,6.352545e-02
GRID,1801,,9.159603e-01,-6.096000e-01,1.475878e-01
GRID,1802,,9.159603e-01,6.096000e-01,1.475878e-01
GRID,1803,,9.160439e-01,6.096000e-01,-1.200989e-03
GRID,1804,,9.160458e-01,-6.096000e-01,-1.201039e-03
GRID,1805,,9.116723e-01,8.534400e-01,4.665228e-02
GRID,1806,,9.158531e-01,8.534400e-01,1.056039e-01
GRID,1807,,9.132084e-01,-6.096000e-01,4.895514e-02
GRID,1808,,9.162526e-01,1.219969e-01,3.364266e-02
GRID,1809,,9.187256e-01,-6.096000e-01,7.345799e-02
GRID,1810,,9.088840e-01,-9.268523e-01,9.637199e-02
GRID,1811,,9.154897e-01,9.347247e-01,3.474309e-02
GRID,1812,,9.163147e-01,-1.219990e-01,5.283775e-02
GRID,1813,,9.159928e-01,-8.534400e-01,7.068361e-02
GRID,1814,,9.187413e-01,-8.534400e-01,4.595032e-02
GRID,1815,,9.219873e-01,-8.534400e-01,1.326732e-01
GRID,1816,,9.219873e-01,8.534400e-01,1.326732e-01
GRID,1817,,9.154897e-01,-9.347247e-01,3.474309e-02
GRID,1818,,9.154918e-01,-9.347272e-01,1.237552e-01
GRID,1819,,9.154918e-01,9.347272e-01,1.237552e-01
GRID,1820,,9.242767e-01,-8.534400e-01,2.323249e-02
GRID,1821,,9.242802e-01,8.534400e-01,2.323225e-02
GRID,1822,,9.223569e-01,6.096000e-01,8.206259e-02
GRID,1823,,9.245630e-01,9.455378e-01,5.832085e-02
GRID,1824,,9.234238e-01,9.441803e-01,8.268371e-02
GRID,1825,,9.227610e-01,-6.096000e-01,2.930953e-02
GRID,1826,,9.363528e-01,-1.221227e-01,3.365730e-02
GRID,1827,,9.409335e-01,6.096000e-01,1.239174e-01
GRID,1828,,9.409335e-01,-6.096000e-01,1.239174e-01
GRID,1829,,9.363528e-01,1.221249e-01,5.760756e-02
GRID,1830,,9.222491e-01,-9.427803e-01,8.238686e-02
GRID,1831,,9.247379e-01,-9.457463e-01,5.730230e-02
GRID,1832,,9.260785e-01,9.473440e-01,1.045554e-01
GRID,1833,,9.294586e-01,8.534400e-01,5.543453e-02
GRID,1834,,9.322761e-01,8.534400e-01,8.441956e-02
GRID,1835,,9.224937e-01,-9.430718e-01,1.057551e-01
GRID,1836,,9.363528e-01,-1.221205e-01,9.707050e-03
GRID,1837,,9.363528e-01,1.221205e-01,9.707050e-03
GRID,1838,,9.363528e-01,-1.221249e-01,5.760755e-02
GRID,1839,,9.363528e-01,-1.221271e-01,8.155780e-02
GRID,1840,,9.363528e-01,1.221271e-01,8.155780e-02
GRID,1841,,9.409335e-01,6.096000e-01,2.335155e-02
GRID,1842,,9.359827e-01,-8.534400e-01,1.110244e-01
GRID,1843,,9.409335e-01,6.096000e-01,4.849302e-02
GRID,1844,,9.383466e-01,-8.534400e-01,8.458718e-02
GRID,1845,,9.409335e-01,-6.096000e-01,4.849302e-02
GRID,1846,,9.409335e-01,-6.096000e-01,9.877598e-02
GRID,1847,,9.325406e-01,-9.550452e-01,3.607849e-02
GRID,1848,,9.325406e-01,9.550452e-01,3.607849e-02
GRID,1849,,9.325428e-01,-9.550479e-01,1.244674e-01
GRID,1850,,9.325428e-01,9.550479e-01,1.244674e-01
GRID,1851,,9.384344e-01,8.534400e-01,1.109690e-01
GRID,1852,,9.409335e-01,-6.096000e-01,1.490589e-01
GRID,1853,,9.409335e-01,6.096000e-01,1.490589e-01
GRID,1854,,9.409335e-01,6.096000e-01,9.877598e-02
GRID,1855,,9.364377e-01,-8.534400e-01,6.268608e-02
GRID,1856,,9.409335e-01,6.096000e-01,-1.789927e-03
GRID,1857,,9.409335e-01,-6.096000e-01,-1.789927e-03
GRID,1858,,9.409335e-01,-6.096000e-01,2.335155e-02
GRID,1859,,9.409335e-01,6.096000e-01,7.363450e-02
GRID,1860,,9.363528e-01,1.221227e-01,3.365730e-02
GRID,1861,,9.409335e-01,-6.096000e-01,7.363450e-02
GRID,1862,,9.457314e-01,-8.534400e-01,4.337727e-02
GRID,1863,,9.469855e-01,-8.534400e-01,1.358327e-01
GRID,1864,,9.469855e-01,8.534400e-01,1.358327e-01
GRID,1865,,9.351748e-01,-9.581846e-01,1.009452e-01
GRID,1866,,9.363135e-01,-9.595415e-01,7.531673e-02
GRID,1867,,9.233564e-01,-1.097280e+00,7.148209e-02
GRID,1868,,9.274078e-01,-1.097280e+00,9.412835e-02
GRID,1869,,9.598074e-01,-1.097280e+00,8.359913e-02
GRID,1870,,9.473939e-01,-1.097280e+00,6.047980e-02
GRID,1871,,9.233564e-01,1.097280e+00,7.148209e-02
GRID,1872,,9.430903e-01,1.097280e+00,8.219389e-02
GRID,1873,,9.274078e-01,1.097280e+00,9.412835e-02
GRID,1874,,9.473939e-01,1.097280e+00,6.047980e-02
GRID,1875,,9.394647e-01,9.632971e-01,7.394112e-02
GRID,1876,,9.438180e-01,9.684850e-01,9.609858e-02
GRID,1877,,9.499734e-01,-8.534400e-01,2.158813e-02
GRID,1878,,9.445634e-01,8.534400e-01,4.106990e-02
GRID,1879,,9.499772e-01,8.534400e-01,2.158790e-02
GRID,1880,,9.421255e-01,9.664681e-01,5.536325e-02
GRID,1881,,9.388434e-01,-9.625566e-01,5.383570e-02
GRID,1882,,9.511443e-01,-1.097280e+00,1.059149e-01
GRID,1883,,9.511443e-01,1.097280e+00,1.059149e-01
GRID,1884,,9.490433e-01,8.534400e-01,6.527284e-02
GRID,1885,,9.527110e-01,8.534400e-01,9.088508e-02
GRID,1886,,9.495912e-01,-9.753654e-01,3.742078e-02
GRID,1887,,9.495912e-01,9.753654e-01,3.742078e-02
GRID,1888,,9.495935e-01,-9.753680e-01,1.252005e-01
GRID,1889,,9.495935e-01,9.753680e-01,1.252005e-01
GRID,1890,,9.480731e-01,-9.735562e-01,9.149834e-02
GRID,1891,,9.596213e-01,-8.534400e-01,1.194628e-01
GRID,1892,,9.622194e-01,-8.534400e-01,9.570951e-02
GRID,1893,,9.489724e-01,-9.746278e-01,6.489098e-02
GRID,1894,,9.363528e-01,-1.221249e-01,5.763129e-02
GRID,1895,,9.409335e-01,-1.221536e-01,5.763129e-02
GRID,1896,,9.409335e-01,-1.221557e-01,8.159607e-02
GRID,1897,,9.363528e-01,-1.221227e-01,3.368176e-02
GRID,1898,,9.363528e-01,1.221249e-01,5.762204e-02
GRID,1899,,9.409335e-01,1.221536e-01,5.762205e-02
GRID,1900,,9.409335e-01,1.221514e-01,3.367108e-02
GRID,1901,,9.363528e-01,1.221227e-01,3.367108e-02
GRID,1902,,9.409335e-01,1.221557e-01,8.159607e-02
GRID,1903,,9.409335e-01,-1.221492e-01,9.745318e-03
GRID,1904,,9.409335e-01,-1.221514e-01,3.368176e-02
GRID,1905,,9.409335e-01,1.221492e-01,9.745318e-03
GRID,1906,,9.642214e-01,-8.534400e-01,6.634898e-02
GRID,1907,,9.612005e-01,8.534400e-01,1.147485e-01
GRID,1908,,9.578692e-01,9.852307e-01,7.071503e-02
GRID,1909,,9.409335e-01,-5.898282e-01,2.297954e-02
GRID,1910,,9.409335e-01,-6.096000e-01,2.335148e-02
GRID,1911,,9.409335e-01,-5.838672e-01,-3.903872e-03
GRID,1912,,9.591121e-01,-6.096000e-01,2.363481e-02
GRID,1913,,9.657907e-01,-6.096000e-01,-2.253078e-03
GRID,1914,,9.409335e-01,-5.836284e-01,5.335021e-02
GRID,1915,,9.622856e-01,-6.096000e-01,5.019037e-02
GRID,1916,,9.409335e-01,-5.829688e-01,8.540114e-02
GRID,1917,,9.686689e-01,-6.096000e-01,7.487193e-02
GRID,1918,,9.409335e-01,-5.839736e-01,1.195208e-01
GRID,1919,,9.669581e-01,-6.096000e-01,1.022828e-01
GRID,1920,,9.409335e-01,-5.836456e-01,1.503924e-01
GRID,1921,,9.657694e-01,-6.096000e-01,1.503290e-01
GRID,1922,,9.696890e-01,-6.096000e-01,1.247597e-01
GRID,1923,,9.409335e-01,-5.658444e-01,2.744530e-02
GRID,1924,,9.409335e-01,-5.560486e-01,1.113449e-01
GRID,1925,,9.409335e-01,-5.577283e-01,1.522815e-01
GRID,1926,,9.409335e-01,-5.581576e-01,-6.271371e-03
GRID,1927,,9.409335e-01,-5.539905e-01,6.658589e-02
GRID,1928,,9.409335e-01,-5.394256e-01,2.978296e-02
GRID,1929,,9.409335e-01,-5.324911e-01,-9.070911e-03
GRID,1930,,9.409335e-01,-5.318951e-01,1.551271e-01
GRID,1931,,9.409335e-01,-5.284417e-01,1.025964e-01
GRID,1932,,9.409335e-01,-5.221041e-01,6.133532e-02
GRID,1933,,9.409335e-01,-5.151331e-01,2.597605e-02
GRID,1934,,9.409335e-01,-5.068354e-01,-1.196475e-02
GRID,1935,,9.409335e-01,-5.022197e-01,3.864277e-03
GRID,1936,,9.409335e-01,-5.046528e-01,1.277791e-01
GRID,1937,,9.409335e-01,-5.061150e-01,1.584066e-01
GRID,1938,,9.409335e-01,-4.988591e-01,8.663735e-02
GRID,1939,,9.409335e-01,-4.942234e-01,5.001920e-02
GRID,1940,,9.409335e-01,-4.920165e-01,2.158105e-02
GRID,1941,,9.409335e-01,-4.811835e-01,-1.489332e-02
GRID,1942,,9.409335e-01,-4.803731e-01,1.619786e-01
GRID,1943,,9.409335e-01,-4.746902e-01,1.131452e-01
GRID,1944,,9.409335e-01,-4.748825e-01,5.128729e-03
GRID,1945,,9.409335e-01,-4.667315e-01,7.044851e-02
GRID,1946,,9.409335e-01,-4.699022e-01,3.366921e-02
GRID,1947,,9.409335e-01,-4.555361e-01,-1.786052e-02
GRID,1948,,9.409335e-01,-4.489154e-01,1.325177e-01
GRID,1949,,9.409335e-01,-4.546713e-01,1.658252e-01
GRID,1950,,9.409335e-01,-4.501231e-01,1.165168e-02
GRID,1951,,9.409335e-01,-4.415159e-01,9.671759e-02
GRID,1952,,9.409335e-01,-4.429461e-01,4.082714e-02
GRID,1953,,9.409335e-01,-4.336605e-01,6.737665e-02
GRID,1954,,9.409335e-01,-4.323562e-01,-1.476588e-03
GRID,1955,,9.409335e-01,-4.298942e-01,-2.087484e-02
GRID,1956,,9.409335e-01,-4.285018e-01,1.482625e-01
GRID,1957,,9.409335e-01,-4.290107e-01,1.699410e-01
GRID,1958,,9.409335e-01,-4.220483e-01,2.069406e-02
GRID,1959,,9.409335e-01,-4.077921e-01,1.239440e-01
GRID,1960,,9.409335e-01,-4.101654e-01,5.067816e-02
GRID,1961,,9.409335e-01,-4.023701e-01,8.758507e-02
GRID,1962,,9.409335e-01,-4.066911e-01,-2.223960e-03
GRID,1963,,9.409335e-01,-4.042580e-01,-2.393744e-02
GRID,1964,,9.409335e-01,-4.017859e-01,1.561587e-01
GRID,1965,,9.409335e-01,-4.033926e-01,1.743109e-01
GRID,1966,,9.409335e-01,-3.918066e-01,2.156850e-02
GRID,1967,,9.409335e-01,-3.706176e-01,6.322855e-02
GRID,1968,,9.409335e-01,-3.635920e-01,1.120702e-01
GRID,1969,,9.409335e-01,-3.727986e-01,1.513466e-01
GRID,1970,,9.409335e-01,-3.786271e-01,-2.704411e-02
GRID,1971,,9.409335e-01,-3.778135e-01,1.789057e-01
GRID,1972,,9.409335e-01,-3.659410e-01,2.030186e-02
GRID,1973,,9.409335e-01,-3.530000e-01,-3.018216e-02
GRID,1974,,9.409335e-01,-3.448156e-01,3.584705e-03
GRID,1975,,9.409335e-01,-3.522689e-01,1.836872e-01
GRID,1976,,9.409335e-01,-3.392495e-01,1.537056e-01
GRID,1977,,9.409335e-01,-3.363857e-01,4.182578e-02
GRID,1978,,9.409335e-01,-3.297095e-01,8.215327e-02
GRID,1979,,9.409335e-01,-3.179388e-01,1.212102e-01
GRID,1980,,9.409335e-01,-3.273753e-01,-3.333950e-02
GRID,1981,,9.409335e-01,-3.207935e-01,-8.987134e-03
GRID,1982,,9.409335e-01,-3.267501e-01,1.886051e-01
GRID,1983,,9.409335e-01,-3.093558e-01,2.035038e-02
GRID,1984,,9.409335e-01,-3.053977e-01,1.603152e-01
GRID,1985,,9.409335e-01,-2.961113e-01,5.350443e-02
GRID,1986,,9.409335e-01,-2.864554e-01,9.057096e-02
GRID,1987,,9.409335e-01,-3.017508e-01,-3.649842e-02
GRID,1988,,9.409335e-01,-3.012473e-01,1.936045e-01
GRID,1989,,9.409335e-01,-2.883714e-01,-8.096534e-03
GRID,1990,,9.409335e-01,-2.780552e-01,1.307206e-01
GRID,1991,,9.409335e-01,-2.696175e-01,1.981358e-02
GRID,1992,,9.409335e-01,-2.689978e-01,1.680752e-01
GRID,1993,,9.409335e-01,-2.761223e-01,-3.962469e-02
GRID,1994,,9.409335e-01,-2.757444e-01,1.986036e-01
GRID,1995,,9.409335e-01,-2.502971e-01,5.560027e-02
GRID,1996,,9.409335e-01,-2.536924e-01,-1.570754e-02
GRID,1997,,9.409335e-01,-2.479799e-01,1.008102e-01
GRID,1998,,9.409335e-01,-2.402934e-01,1.375555e-01
GRID,1999,,9.409335e-01,-2.504882e-01,-4.270520e-02
GRID,2000,,9.409335e-01,-2.502309e-01,2.035481e-01
GRID,2001,,9.409335e-01,-2.271436e-01,7.294034e-03
GRID,2002,,9.409335e-01,-2.346098e-01,1.699194e-01
GRID,2003,,9.409335e-01,-2.248480e-01,-4.573351e-02
GRID,2004,,9.409335e-01,-2.089378e-01,4.496766e-02
GRID,2005,,9.409335e-01,-2.201113e-01,7.843913e-02
GRID,2006,,9.409335e-01,-2.270847e-01,1.910426e-01
GRID,2007,,9.409335e-01,-2.246975e-01,2.083891e-01
GRID,2008,,9.409335e-01,-2.045395e-01,1.142437e-01
GRID,2009,,9.409335e-01,-2.068586e-01,1.523864e-01
GRID,2010,,9.409335e-01,-2.066169e-01,1.835784e-01
GRID,2011,,9.409335e-01,-1.922426e-01,-2.118194e-02
GRID,2012,,9.409335e-01,-1.903591e-01,1.540381e-02
GRID,2013,,9.409335e-01,-1.991991e-01,-4.868818e-02
GRID,2014,,9.409335e-01,-1.991348e-01,2.130742e-01
GRID,2015,,9.409335e-01,-1.871283e-01,7.931753e-02
GRID,2016,,9.409335e-01,-1.752400e-01,4.754367e-02
GRID,2017,,9.409335e-01,-1.761300e-01,1.421648e-01
GRID,2018,,9.409335e-01,-1.810813e-01,1.728174e-01
GRID,2019,,9.409335e-01,-1.848500e-01,1.966466e-01
GRID,2020,,9.409335e-01,-1.623935e-01,1.118645e-01
GRID,2021,,9.409335e-01,-1.735372e-01,-5.152750e-02
GRID,2022,,9.409335e-01,-1.735320e-01,2.175304e-01
GRID,2023,,9.409335e-01,-1.526632e-01,-3.249725e-02
GRID,2024,,9.409335e-01,-1.635991e-01,-5.284207e-03
GRID,2025,,9.409335e-01,-1.615453e-01,2.376566e-02
GRID,2026,,9.409335e-01,-1.563036e-01,7.590896e-02
GRID,2027,,9.409335e-01,-1.633220e-01,1.960099e-01
GRID,2028,,9.409335e-01,-1.537539e-01,1.704362e-01
GRID,2029,,9.409335e-01,-1.439613e-01,1.451014e-01
GRID,2030,,9.409335e-01,-1.463232e-01,4.986934e-02
GRID,2031,,9.409335e-01,-1.478564e-01,-5.419173e-02
GRID,2032,,9.409335e-01,-1.478770e-01,2.216830e-01
GRID,2033,,9.409335e-01,-1.395034e-01,-1.378699e-02
GRID,2034,,9.409335e-01,-1.414531e-01,7.580425e-03
GRID,2035,,9.409335e-01,-1.399802e-01,1.976358e-01
GRID,2036,,9.409335e-01,-1.378984e-01,9.571880e-02
GRID,2037,,9.409335e-01,-1.221517e-01,1.228787e-01
GRID,2038,,9.409335e-01,-1.387722e-01,2.922619e-02
GRID,2039,,9.409335e-01,-1.221515e-01,7.159677e-02
GRID,2040,,9.409335e-01,-1.221519e-01,1.741606e-01
GRID,2041,,9.409335e-01,-1.221510e-01,-3.096709e-02
GRID,2042,,9.409335e-01,-1.221521e-01,2.254426e-01
GRID,2043,,9.409335e-01,-1.221509e-01,-5.660806e-02
GRID,2044,,9.409335e-01,-1.221514e-01,4.595580e-02
GRID,2045,,9.409335e-01,-1.221518e-01,1.485197e-01
GRID,2046,,9.409335e-01,-1.221512e-01,-5.326125e-03
GRID,2047,,9.409335e-01,-1.221512e-01,2.031484e-02
GRID,2048,,9.409335e-01,-1.221520e-01,1.998016e-01
GRID,2049,,9.409335e-01,-1.221516e-01,9.723774e-02
GRID,2050,,9.409335e-01,-1.221536e-01,5.765502e-02
GRID,2051,,9.439847e-01,-1.221727e-01,5.765502e-02
GRID,2052,,9.439847e-01,-1.221748e-01,8.162157e-02
GRID,2053,,9.409335e-01,-1.221514e-01,3.370525e-02
GRID,2054,,9.409335e-01,-9.801999e-02,2.071414e-01
GRID,2055,,9.409335e-01,-9.783301e-02,2.285401e-01
GRID,2056,,9.409335e-01,-1.014729e-01,1.747177e-01
GRID,2057,,9.409335e-01,-9.886484e-02,1.436848e-01
GRID,2058,,9.409335e-01,-1.043170e-01,9.799527e-02
GRID,2059,,9.409335e-01,-9.204401e-02,1.197430e-01
GRID,2060,,9.409335e-01,-9.443268e-02,5.677597e-02
GRID,2061,,9.409335e-01,-8.959469e-02,7.879182e-02
GRID,2062,,9.439848e-01,-1.221683e-01,9.770811e-03
GRID,2063,,9.439848e-01,-1.221705e-01,3.370525e-02
GRID,2064,,9.409335e-01,-9.643970e-02,3.483662e-02
GRID,2065,,9.409335e-01,-1.053015e-01,-4.729558e-03
GRID,2066,,9.409335e-01,-9.827284e-02,1.592175e-02
GRID,2067,,9.409335e-01,-9.775635e-02,-5.859948e-02
GRID,2068,,9.409335e-01,-8.776295e-02,-4.044269e-02
GRID,2069,,9.409335e-01,-8.701038e-02,-2.002495e-02
GRID,2070,,9.409335e-01,-8.534521e-02,8.979521e-04
GRID,2071,,9.409335e-01,-8.274306e-02,9.884373e-02
GRID,2072,,9.409335e-01,-7.993273e-02,1.633150e-01
GRID,2073,,9.409335e-01,-7.872073e-02,1.930040e-01
GRID,2074,,9.409335e-01,-7.468730e-02,1.371795e-01
GRID,2075,,9.409335e-01,-7.544962e-02,1.884309e-02
GRID,2076,,9.409335e-01,-7.345151e-02,2.311110e-01
GRID,2077,,9.409335e-01,-7.334560e-02,-6.023439e-02
GRID,2078,,9.409335e-01,-7.003547e-02,4.079134e-02
GRID,2079,,9.409335e-01,-6.578880e-02,6.418512e-02
GRID,2080,,9.409335e-01,-6.703048e-02,1.119994e-01
GRID,2081,,9.409335e-01,-6.480059e-02,8.802570e-02
GRID,2082,,9.409335e-01,-5.809206e-02,-3.202234e-02
GRID,2083,,9.409335e-01,-6.462796e-02,-3.954880e-03
GRID,2084,,9.409335e-01,-5.801343e-02,1.541892e-01
GRID,2085,,9.409335e-01,-6.258615e-02,1.767554e-01
GRID,2086,,9.409335e-01,-5.399628e-02,2.015823e-01
GRID,2087,,9.409335e-01,-5.124095e-02,2.096376e-02
GRID,2088,,9.409335e-01,-5.137655e-02,1.284162e-01
GRID,2089,,9.409335e-01,-4.901771e-02,2.330626e-01
GRID,2090,,9.409335e-01,-4.891176e-02,-6.145865e-02
GRID,2091,,9.409335e-01,-4.326020e-02,4.725183e-02
GRID,2092,,9.409335e-01,-4.455914e-02,1.019316e-01
GRID,2093,,9.409335e-01,-4.260668e-02,7.516030e-02
GRID,2094,,9.409335e-01,-3.905085e-02,-3.417577e-03
GRID,2095,,9.409335e-01,-4.112039e-02,1.738198e-01
GRID,2096,,9.409335e-01,-3.018684e-02,-3.081759e-02
GRID,2097,,9.409335e-01,-3.564917e-02,1.469315e-01
GRID,2098,,9.409335e-01,-2.211506e-02,1.925200e-01
GRID,2099,,9.409335e-01,-3.742713e-02,2.139336e-01
GRID,2100,,9.409335e-01,-2.838577e-02,1.191746e-01
GRID,2101,,9.409335e-01,-2.089264e-02,2.656957e-02
GRID,2102,,9.409335e-01,-2.453090e-02,2.343011e-01
GRID,2103,,9.409335e-01,-2.445830e-02,-6.222272e-02
GRID,2104,,9.409335e-01,-2.222870e-02,9.092014e-02
GRID,2105,,9.409335e-01,-1.901111e-02,6.025908e-02
GRID,2106,,9.409335e-01,-1.692594e-02,1.646547e-01
GRID,2107,,9.409335e-01,-1.351513e-02,-3.464633e-03
GRID,2108,,9.409335e-01,-1.637200e-02,2.166305e-01
GRID,2109,,9.409335e-01,-1.292672e-02,1.365494e-01
GRID,2110,,9.409335e-01,-1.189277e-02,-4.344810e-02
GRID,2111,,9.409335e-01,-2.801004e-03,-2.491298e-02
GRID,2112,,9.409335e-01,-5.075927e-03,1.095237e-01
GRID,2113,,9.409335e-01,-1.949915e-05,2.347357e-01
GRID,2114,,9.409335e-01,6.600942e-06,-6.248535e-02
GRID,2115,,9.409335e-01,7.604005e-04,7.956747e-02
GRID,2116,,9.409335e-01,8.487151e-03,1.758309e-01
GRID,2117,,9.409335e-01,5.096168e-03,2.069686e-01
GRID,2118,,9.409335e-01,4.457340e-03,1.496822e-02
GRID,2119,,9.409335e-01,6.756023e-03,4.605559e-02
GRID,2120,,9.409335e-01,3.049279e-03,1.502046e-01
GRID,2121,,9.409335e-01,7.738084e-03,-8.419616e-03
GRID,2122,,9.409335e-01,1.079837e-02,1.272313e-01
GRID,2123,,9.409335e-01,9.576207e-03,-4.332503e-02
GRID,2124,,9.409335e-01,1.748852e-02,9.954052e-02
GRID,2125,,9.409335e-01,2.073948e-02,-2.413176e-02
GRID,2126,,9.409335e-01,2.449446e-02,2.343026e-01
GRID,2127,,9.409335e-01,2.446995e-02,-6.222213e-02
GRID,2128,,9.409335e-01,2.410328e-02,7.246339e-02
GRID,2129,,9.409335e-01,2.495485e-02,1.467096e-01
GRID,2130,,9.409335e-01,2.577807e-02,-2.597250e-03
GRID,2131,,9.409335e-01,2.557937e-02,2.306856e-02
GRID,2132,,9.409335e-01,3.041227e-02,1.955197e-01
GRID,2133,,9.409335e-01,3.161025e-02,4.845664e-02
GRID,2134,,9.409335e-01,3.881157e-02,1.648976e-01
GRID,2135,,9.409335e-01,2.996328e-02,-4.284880e-02
GRID,2136,,9.409335e-01,3.336236e-02,1.193343e-01
GRID,2137,,9.409335e-01,4.042113e-02,9.297280e-02
GRID,2138,,9.409335e-01,4.442590e-02,-2.530713e-02
GRID,2139,,9.409335e-01,4.667753e-02,6.896873e-02
GRID,2140,,9.409335e-01,4.892406e-02,-6.145853e-02
GRID,2141,,9.409335e-01,5.338008e-02,2.081715e-01
GRID,2142,,9.409335e-01,4.898048e-02,2.330658e-01
GRID,2143,,9.409335e-01,4.864452e-02,1.376357e-01
GRID,2144,,9.409335e-01,4.642151e-02,3.861654e-03
GRID,2145,,9.409335e-01,4.663892e-02,2.941511e-02
GRID,2146,,9.409335e-01,5.285875e-02,1.809350e-01
GRID,2147,,9.409335e-01,5.258690e-02,4.936811e-02
GRID,2148,,9.409335e-01,5.585871e-02,1.106679e-01
GRID,2149,,9.409335e-01,6.685521e-02,1.562369e-01
GRID,2150,,9.409335e-01,6.351852e-02,8.474735e-02
GRID,2151,,9.409335e-01,6.775610e-02,-3.638736e-02
GRID,2152,,9.409335e-01,6.808052e-02,-1.070266e-02
GRID,2153,,9.409335e-01,6.788103e-02,1.444048e-02
GRID,2154,,9.409335e-01,6.909422e-02,3.808554e-02
GRID,2155,,9.409335e-01,7.007265e-02,6.114822e-02
GRID,2156,,9.409335e-01,7.212437e-02,1.276860e-01
GRID,2157,,9.409335e-01,7.335702e-02,-6.023389e-02
GRID,2158,,9.409335e-01,7.341592e-02,2.311152e-01
GRID,2159,,9.409335e-01,7.449073e-02,1.843178e-01
GRID,2160,,9.409335e-01,8.190057e-02,2.081986e-01
GRID,2161,,9.409335e-01,7.883204e-02,1.012899e-01
GRID,2162,,9.409335e-01,8.849170e-02,7.527790e-02
GRID,2163,,9.409335e-01,9.273032e-02,1.382393e-01
GRID,2164,,9.409335e-01,9.312090e-02,1.643500e-01
GRID,2165,,9.409335e-01,9.111893e-02,-4.089316e-02
GRID,2166,,9.409335e-01,9.351675e-02,-2.073876e-02
GRID,2167,,9.409335e-01,9.069542e-02,2.275019e-03
GRID,2168,,9.409335e-01,8.547040e-02,2.523864e-02
GRID,2169,,9.409335e-01,9.519715e-02,4.939135e-02
GRID,2170,,9.409335e-01,9.859546e-02,1.135094e-01
GRID,2171,,9.409335e-01,9.776786e-02,-5.859828e-02
GRID,2172,,9.409335e-01,9.779734e-02,2.285438e-01
GRID,2173,,9.409335e-01,9.901119e-02,1.889831e-01
GRID,2174,,9.409335e-01,1.023379e-01,9.104357e-02
GRID,2175,,9.409335e-01,1.044570e-01,2.096968e-01
GRID,2176,,9.409335e-01,1.056097e-01,2.157784e-02
GRID,2177,,9.409335e-01,1.221515e-01,7.159748e-02
GRID,2178,,9.409335e-01,1.221511e-01,-5.325560e-03
GRID,2179,,9.409335e-01,1.221509e-01,-5.660759e-02
GRID,2180,,9.409335e-01,1.221510e-01,-3.096657e-02
GRID,2181,,9.409335e-01,1.221517e-01,1.228795e-01
GRID,2182,,9.409335e-01,1.100711e-01,1.489977e-01
GRID,2183,,9.409335e-01,1.221519e-01,1.741615e-01
GRID,2184,,9.409335e-01,1.221514e-01,4.595647e-02
GRID,2185,,9.409335e-01,1.221521e-01,2.254436e-01
GRID,2186,,9.409335e-01,1.221516e-01,9.723849e-02
GRID,2187,,9.409335e-01,1.221520e-01,1.998026e-01
GRID,2188,,9.409335e-01,1.221512e-01,2.031545e-02
GRID,2189,,9.409335e-01,1.221518e-01,1.485205e-01
GRID,2190,,9.409335e-01,1.221514e-01,3.371140e-02
GRID,2191,,9.439848e-01,1.221683e-01,9.770811e-03
GRID,2192,,9.409335e-01,1.478592e-01,-5.419149e-02
GRID,2193,,9.409335e-01,1.472901e-01,-2.592633e-02
GRID,2194,,9.409335e-01,1.463347e-01,1.377509e-03
GRID,2195,,9.409335e-01,1.448387e-01,2.730917e-02
GRID,2196,,9.409335e-01,1.426076e-01,4.912495e-02
GRID,2197,,9.409335e-01,1.221536e-01,5.766213e-02
GRID,2198,,9.439848e-01,1.221705e-01,3.371141e-02
GRID,2199,,9.409335e-01,1.592604e-01,6.033176e-02
GRID,2200,,9.409335e-01,1.433501e-01,1.010674e-01
GRID,2201,,9.409335e-01,1.591150e-01,8.208641e-02
GRID,2202,,9.409335e-01,1.486894e-01,1.280702e-01
GRID,2203,,9.409335e-01,1.446988e-01,1.765338e-01
GRID,2204,,9.409335e-01,1.594822e-01,1.529488e-01
GRID,2205,,9.409335e-01,1.399436e-01,2.034937e-01
GRID,2206,,9.409335e-01,1.478675e-01,2.216840e-01
GRID,2207,,9.439847e-01,1.221727e-01,5.766213e-02
GRID,2208,,9.439847e-01,1.221748e-01,8.162157e-02
GRID,2209,,9.409335e-01,1.608945e-01,1.983324e-01
GRID,2210,,9.409335e-01,1.662958e-01,3.550571e-02
GRID,2211,,9.409335e-01,1.697412e-01,1.061217e-01
GRID,2212,,9.409335e-01,1.738712e-01,1.750992e-01
GRID,2213,,9.409335e-01,1.691052e-01,1.148944e-02
GRID,2214,,9.409335e-01,1.713818e-01,-1.734142e-02
GRID,2215,,9.409335e-01,1.735397e-01,-5.152749e-02
GRID,2216,,9.409335e-01,1.735226e-01,2.175322e-01
GRID,2217,,9.409335e-01,1.796714e-01,1.296651e-01
GRID,2218,,9.409335e-01,1.817838e-01,6.620644e-02
GRID,2219,,9.409335e-01,1.896320e-01,8.472715e-02
GRID,2220,,9.409335e-01,1.870727e-01,4.472421e-02
GRID,2221,,9.409335e-01,1.904606e-01,1.519530e-01
GRID,2222,,9.409335e-01,1.858854e-01,1.957679e-01
GRID,2223,,9.409335e-01,1.940462e-01,2.194778e-02
GRID,2224,,9.409335e-01,1.953984e-01,-3.293690e-03
GRID,2225,,9.409335e-01,1.980605e-01,1.059436e-01
GRID,2226,,9.409335e-01,1.960064e-01,-2.984901e-02
GRID,2227,,9.409335e-01,1.991256e-01,2.130751e-01
GRID,2228,,9.409335e-01,1.992016e-01,-4.868805e-02
GRID,2229,,9.409335e-01,2.012746e-01,1.731573e-01
GRID,2230,,9.409335e-01,2.090373e-01,1.274973e-01
GRID,2231,,9.409335e-01,2.058145e-01,6.213535e-02
GRID,2232,,9.409335e-01,2.106758e-01,1.927758e-01
GRID,2233,,9.409335e-01,2.162758e-01,3.802626e-02
GRID,2234,,9.409335e-01,2.166122e-01,8.362708e-02
GRID,2235,,9.409335e-01,2.194901e-01,1.489645e-01
GRID,2236,,9.409335e-01,2.265638e-01,1.033854e-02
GRID,2237,,9.409335e-01,2.173772e-01,-1.667729e-02
GRID,2238,,9.409335e-01,2.248503e-01,-4.573334e-02
GRID,2239,,9.409335e-01,2.226579e-01,1.042923e-01
GRID,2240,,9.409335e-01,2.246884e-01,2.083906e-01
GRID,2241,,9.409335e-01,2.259348e-01,1.718717e-01
GRID,2242,,9.409335e-01,2.339625e-01,6.019498e-02
GRID,2243,,9.409335e-01,2.414054e-01,1.193820e-01
GRID,2244,,9.409335e-01,2.319845e-01,1.915854e-01
GRID,2245,,9.409335e-01,2.483522e-01,3.433103e-02
GRID,2246,,9.409335e-01,2.429933e-01,8.599496e-02
GRID,2247,,9.409335e-01,2.416016e-01,-1.545474e-02
GRID,2248,,9.409335e-01,2.452831e-01,1.503078e-01
GRID,2249,,9.409335e-01,2.502218e-01,2.035497e-01
GRID,2250,,9.409335e-01,2.504905e-01,-4.270506e-02
GRID,2251,,9.409335e-01,2.480804e-01,1.762194e-01
GRID,2252,,9.409335e-01,2.654403e-01,7.370084e-03
GRID,2253,,9.409335e-01,2.630733e-01,6.044233e-02
GRID,2254,,9.409335e-01,2.708026e-01,9.116774e-02
GRID,2255,,9.409335e-01,2.681102e-01,1.278298e-01
GRID,2256,,9.409335e-01,2.644328e-01,-2.048796e-02
GRID,2257,,9.409335e-01,2.699103e-01,1.577457e-01
GRID,2258,,9.409335e-01,2.677274e-01,1.804518e-01
GRID,2259,,9.409335e-01,2.828427e-01,3.418034e-02
GRID,2260,,9.409335e-01,2.757356e-01,1.986061e-01
GRID,2261,,9.409335e-01,2.761244e-01,-3.962447e-02
GRID,2262,,9.409335e-01,2.930720e-01,5.951489e-02
GRID,2263,,9.409335e-01,2.883209e-01,-1.327793e-02
GRID,2264,,9.409335e-01,3.025093e-01,1.159898e-02
GRID,2265,,9.409335e-01,2.961613e-01,1.725387e-01
GRID,2266,,9.409335e-01,2.921504e-01,1.114548e-01
GRID,2267,,9.409335e-01,2.935569e-01,1.418840e-01
GRID,2268,,9.409335e-01,3.026153e-01,8.390668e-02
GRID,2269,,9.409335e-01,3.012383e-01,1.936062e-01
GRID,2270,,9.409335e-01,3.017528e-01,-3.649813e-02
GRID,2271,,9.409335e-01,3.195663e-01,3.271581e-02
GRID,2272,,9.409335e-01,3.135129e-01,-1.211196e-02
GRID,2273,,9.409335e-01,3.159292e-01,1.016287e-01
GRID,2274,,9.409335e-01,3.165343e-01,1.251178e-01
GRID,2275,,9.409335e-01,3.217349e-01,5.916388e-02
GRID,2276,,9.409335e-01,3.207137e-01,1.549212e-01
GRID,2277,,9.409335e-01,3.267411e-01,1.886068e-01
GRID,2278,,9.409335e-01,3.273772e-01,-3.333926e-02
GRID,2279,,9.409335e-01,3.355429e-01,9.294050e-04
GRID,2280,,9.409335e-01,3.297127e-01,8.224696e-02
GRID,2281,,9.409335e-01,3.378755e-01,1.061631e-01
GRID,2282,,9.409335e-01,3.412012e-01,1.324229e-01
GRID,2283,,9.409335e-01,3.554586e-01,1.885879e-02
GRID,2284,,9.409335e-01,3.482354e-01,4.384317e-02
GRID,2285,,9.409335e-01,3.506448e-01,1.606215e-01
GRID,2286,,9.409335e-01,3.450770e-01,6.504930e-02
GRID,2287,,9.409335e-01,3.522599e-01,1.836889e-01
GRID,2288,,9.409335e-01,3.530018e-01,-3.018195e-02
GRID,2289,,9.409335e-01,3.561460e-01,8.381738e-02
GRID,2290,,9.409335e-01,3.642368e-01,-6.074875e-03
GRID,2291,,9.409335e-01,3.624783e-01,1.075939e-01
GRID,2292,,9.409335e-01,3.682292e-01,1.332850e-01
GRID,2293,,9.409335e-01,3.701034e-01,5.913869e-02
GRID,2294,,9.409335e-01,3.782902e-01,3.232280e-02
GRID,2295,,9.409335e-01,3.831669e-01,1.553287e-01
GRID,2296,,9.409335e-01,3.778044e-01,1.789072e-01
GRID,2297,,9.409335e-01,3.786288e-01,-2.704367e-02
GRID,2298,,9.409335e-01,3.892025e-01,4.865716e-03
GRID,2299,,9.409335e-01,3.865676e-01,8.163055e-02
GRID,2300,,9.409335e-01,3.889525e-01,1.092975e-01
GRID,2301,,9.409335e-01,3.938640e-01,1.331182e-01
GRID,2302,,9.409335e-01,3.985267e-01,4.877948e-02
GRID,2303,,9.409335e-01,4.033833e-01,1.743129e-01
GRID,2304,,9.409335e-01,4.124761e-01,2.249570e-02
GRID,2305,,9.409335e-01,4.042596e-01,-2.393733e-02
GRID,2306,,9.409335e-01,4.139547e-01,1.486242e-01
GRID,2307,,9.409335e-01,4.163937e-01,6.649627e-02
GRID,2308,,9.409335e-01,4.130843e-01,9.478435e-02
GRID,2309,,9.409335e-01,4.140828e-01,1.204321e-01
GRID,2310,,9.409335e-01,4.246336e-01,-2.392214e-03
GRID,2311,,9.409335e-01,4.313885e-01,4.006465e-02
GRID,2312,,9.409335e-01,4.290016e-01,1.699420e-01
GRID,2313,,9.409335e-01,4.298957e-01,-2.087486e-02
GRID,2314,,9.409335e-01,4.512143e-01,1.130417e-02
GRID,2315,,9.409335e-01,4.341043e-01,8.311241e-02
GRID,2316,,9.409335e-01,4.368773e-01,1.063126e-01
GRID,2317,,9.409335e-01,4.380722e-01,1.293528e-01
GRID,2318,,9.409335e-01,4.399340e-01,1.502976e-01
GRID,2319,,9.409335e-01,4.469796e-01,6.021841e-02
GRID,2320,,9.409335e-01,4.555376e-01,-1.786071e-02
GRID,2321,,9.409335e-01,4.546617e-01,1.658263e-01
GRID,2322,,9.409335e-01,4.636880e-01,3.669655e-02
GRID,2323,,9.409335e-01,4.570016e-01,8.519113e-02
GRID,2324,,9.409335e-01,4.599662e-01,1.110388e-01
GRID,2325,,9.409335e-01,4.644103e-01,1.377325e-01
GRID,2326,,9.409335e-01,4.763742e-01,6.265353e-02
GRID,2327,,9.409335e-01,4.811848e-01,-1.489297e-02
GRID,2328,,9.409335e-01,4.851689e-01,1.235677e-02
GRID,2329,,9.409335e-01,4.803640e-01,1.619803e-01
GRID,2330,,9.409335e-01,4.814910e-01,8.980525e-02
GRID,2331,,9.409335e-01,4.813983e-01,1.145516e-01
GRID,2332,,9.409335e-01,4.958023e-01,3.916448e-02
GRID,2333,,9.409335e-01,4.920001e-01,1.345613e-01
GRID,2334,,9.409335e-01,5.077654e-01,7.038497e-02
GRID,2335,,9.409335e-01,5.061056e-01,1.584080e-01
GRID,2336,,9.409335e-01,5.068366e-01,-1.196466e-02
GRID,2337,,9.409335e-01,5.042122e-01,1.048091e-01
GRID,2338,,9.409335e-01,5.156096e-01,1.408112e-02
GRID,2339,,9.409335e-01,5.176237e-01,1.298889e-01
GRID,2340,,9.409335e-01,5.262416e-01,3.915735e-02
GRID,2341,,9.409335e-01,5.324483e-01,9.822550e-02
GRID,2342,,9.409335e-01,5.318854e-01,1.551282e-01
GRID,2343,,9.409335e-01,5.324923e-01,-9.070864e-03
GRID,2344,,9.409335e-01,5.381978e-01,6.441729e-02
GRID,2345,,9.409335e-01,5.458871e-01,1.519426e-02
GRID,2346,,9.409335e-01,5.434446e-01,1.292139e-01
GRID,2347,,9.409335e-01,5.558589e-01,3.865976e-02
GRID,2348,,9.409335e-01,5.577200e-01,1.522822e-01
GRID,2349,,9.409335e-01,5.600783e-01,8.308981e-02
GRID,2350,,9.409335e-01,5.621871e-01,1.099314e-01
GRID,2351,,9.409335e-01,5.581584e-01,-6.271128e-03
GRID,2352,,9.409335e-01,5.644670e-01,5.880969e-02
GRID,2353,,9.409335e-01,5.677676e-01,1.328239e-01
GRID,2354,,9.409335e-01,5.800420e-01,1.726528e-02
GRID,2355,,9.409335e-01,5.849377e-01,4.179692e-02
GRID,2356,,9.409335e-01,5.836386e-01,1.503929e-01
GRID,2357,,9.409335e-01,5.838693e-01,-3.903703e-03
GRID,2358,,9.409335e-01,5.856122e-01,6.698784e-02
GRID,2359,,9.409335e-01,5.852829e-01,9.258916e-02
GRID,2360,,9.409335e-01,5.884668e-01,1.226671e-01
GRID,2361,,9.409335e-01,6.096000e-01,2.335148e-02
GRID,2362,,9.668730e-01,6.096000e-01,1.539846e-02
GRID,2363,,9.657907e-01,6.096000e-01,-2.253078e-03
GRID,2364,,9.623994e-01,6.096000e-01,4.055530e-02
GRID,2365,,9.596650e-01,6.096000e-01,6.503284e-02
GRID,2366,,9.599532e-01,6.096000e-01,9.010774e-02
GRID,2367,,9.638570e-01,6.096000e-01,1.165993e-01
GRID,2368,,9.657694e-01,6.096000e-01,1.503290e-01
GRID,2369,,9.650955e-01,1.097280e+00,7.865179e-02
GRID,2370,,9.601653e-01,9.879670e-01,1.018429e-01
GRID,2371,,9.439847e-01,-1.221727e-01,5.767131e-02
GRID,2372,,9.609922e-01,-1.222791e-01,5.729102e-02
GRID,2373,,9.704041e-01,-1.223402e-01,8.184228e-02
GRID,2374,,9.439848e-01,-1.221705e-01,3.372106e-02
GRID,2375,,9.439847e-01,1.221727e-01,5.767131e-02
GRID,2376,,9.704041e-01,1.223402e-01,8.184228e-02
GRID,2377,,9.635382e-01,1.222946e-01,5.271728e-02
GRID,2378,,9.439848e-01,1.221705e-01,3.372106e-02
GRID,2379,,9.656805e-01,-1.223063e-01,3.295317e-02
GRID,2380,,9.704041e-01,-1.223337e-01,9.991529e-03
GRID,2381,,9.704041e-01,1.223337e-01,9.991529e-03
GRID,2382,,9.758055e-01,1.223696e-01,3.204191e-02
GRID,2383,,9.648464e-01,8.534400e-01,4.448584e-02
GRID,2384,,9.739918e-01,-8.534400e-01,3.904137e-02
GRID,2385,,9.720204e-01,-8.534400e-01,1.386885e-01
GRID,2386,,9.720204e-01,8.534400e-01,1.386885e-01
GRID,2387,,9.728851e-01,-1.097280e+00,5.536440e-02
GRID,2388,,9.728851e-01,1.097280e+00,5.536440e-02
GRID,2389,,9.616050e-01,-9.896827e-01,1.024636e-01
GRID,2390,,9.618605e-01,-9.899873e-01,7.749171e-02
GRID,2391,,9.605933e-01,-9.884771e-01,5.598238e-02
GRID,2392,,9.697106e-01,8.534400e-01,6.991067e-02
GRID,2393,,9.666416e-01,-9.956852e-01,3.877208e-02
GRID,2394,,9.666416e-01,9.956852e-01,3.877208e-02
GRID,2395,,9.666437e-01,-9.956877e-01,1.259575e-01
GRID,2396,,9.666437e-01,9.956877e-01,1.259575e-01
GRID,2397,,9.756816e-01,-8.534400e-01,2.013341e-02
GRID,2398,,9.756854e-01,8.534400e-01,2.013321e-02
GRID,2399,,9.756733e-01,-1.097280e+00,1.136140e-01
GRID,2400,,9.756733e-01,1.097280e+00,1.136140e-01
GRID,2401,,9.720658e-01,8.534400e-01,9.425879e-02
GRID,2402,,9.759814e-01,1.006816e+00,6.316113e-02
GRID,2403,,9.728832e-01,1.003124e+00,8.757973e-02
GRID,2404,,9.804987e-01,-6.096000e-01,2.403527e-02
GRID,2405,,9.823631e-01,-8.534400e-01,1.154169e-01
GRID,2406,,9.757398e-01,6.096000e-01,7.932919e-02
GRID,2407,,9.809354e-01,6.096000e-01,5.955848e-02
GRID,2408,,9.930410e-01,-1.097280e+00,9.694920e-02
GRID,2409,,9.939955e-01,-1.097280e+00,7.406339e-02
GRID,2410,,9.810815e-01,6.096000e-01,1.007526e-01
GRID,2411,,9.738747e-01,1.004305e+00,1.097725e-01
GRID,2412,,9.762180e-01,-1.007098e+00,6.198674e-02
GRID,2413,,9.837929e-01,-1.224218e-01,5.676948e-02
GRID,2414,,9.866937e-01,8.534400e-01,1.137843e-01
GRID,2415,,9.751243e-01,-1.005794e+00,1.091214e-01
GRID,2416,,9.754372e-01,-1.006167e+00,8.804409e-02
GRID,2417,,9.905543e-01,-8.534400e-01,8.626524e-02
GRID,2418,,9.876002e-01,-6.096000e-01,4.859130e-02
GRID,2419,,9.852213e-01,6.096000e-01,3.605504e-02
GRID,2420,,9.847536e-01,1.224278e-01,5.638343e-02
GRID,2421,,9.857337e-01,6.096000e-01,1.271397e-01
GRID,2422,,9.948630e-01,-8.534400e-01,5.436166e-02
GRID,2423,,9.913817e-01,8.534400e-01,4.920155e-02
GRID,2424,,9.864973e-01,1.097280e+00,7.071725e-02
GRID,2425,,9.861541e-01,1.097280e+00,9.421740e-02
GRID,2426,,9.895705e-01,-1.224558e-01,3.251729e-02
GRID,2427,,9.913129e-01,-6.096000e-01,1.345063e-01
GRID,2428,,9.906117e-01,-6.096000e-01,1.514075e-01
GRID,2429,,9.906117e-01,6.096000e-01,1.514075e-01
GRID,2430,,9.906501e-01,-6.096000e-01,-2.588769e-03
GRID,2431,,9.906501e-01,6.096000e-01,-2.588769e-03
GRID,2432,,9.836917e-01,-1.016005e+00,4.012964e-02
GRID,2433,,9.836917e-01,1.016005e+00,4.012964e-02
GRID,2434,,9.836935e-01,-1.016007e+00,1.267336e-01
GRID,2435,,9.836935e-01,1.016007e+00,1.267336e-01
GRID,2436,,9.933044e-01,6.096000e-01,1.507248e-02
GRID,2437,,9.933081e-01,-6.096000e-01,8.895151e-02
GRID,2438,,9.916267e-01,-6.096000e-01,1.119036e-01
GRID,2439,,9.960892e-01,-6.096000e-01,6.748329e-02
GRID,2440,,9.922679e-01,8.534400e-01,8.111868e-02
GRID,2441,,9.968233e-01,-1.225057e-01,8.206300e-02
GRID,2442,,9.968233e-01,1.225057e-01,8.206300e-02
GRID,2443,,9.968234e-01,-1.224991e-01,1.021225e-02
GRID,2444,,9.968234e-01,1.224991e-01,1.021225e-02
GRID,2445,,9.970832e-01,-8.534400e-01,1.412857e-01
GRID,2446,,9.970832e-01,8.534400e-01,1.412857e-01
GRID,2447,,9.856282e-01,1.018313e+00,8.154284e-02
GRID,2448,,9.866279e-01,1.019504e+00,1.051677e-01
GRID,2449,,9.985961e-01,-1.097280e+00,5.151241e-02
GRID,2450,,9.985961e-01,1.097280e+00,5.151241e-02
GRID,2451,,1.001399e+00,-8.534400e-01,1.884887e-02
GRID,2452,,9.888475e-01,-1.022149e+00,1.032058e-01
GRID,2453,,9.903083e-01,-1.023890e+00,7.863232e-02
GRID,2454,,1.000891e+00,-1.097280e+00,1.199520e-01
GRID,2455,,1.000891e+00,1.097280e+00,1.199520e-01
GRID,2456,,1.001403e+00,8.534400e-01,1.884870e-02
GRID,2457,,9.970145e-01,6.096000e-01,8.334454e-02
GRID,2458,,1.002656e+00,1.225378e-01,3.362656e-02
GRID,2459,,9.929268e-01,1.027011e+00,6.206414e-02
GRID,2460,,9.918160e-01,-1.025687e+00,5.763030e-02
GRID,2461,,1.004781e+00,-6.096000e-01,2.385702e-02
GRID,2462,,1.001277e+00,6.096000e-01,5.689095e-02
GRID,2463,,9.986470e-01,6.096000e-01,1.083585e-01
GRID,2464,,1.007256e+00,-8.534400e-01,1.155229e-01
GRID,2465,,1.000742e+00,-1.036324e+00,4.149556e-02
GRID,2466,,1.000742e+00,1.036324e+00,4.149556e-02
GRID,2467,,1.000743e+00,-1.036326e+00,1.275287e-01
GRID,2468,,1.000743e+00,1.036326e+00,1.275287e-01
GRID,2469,,1.013231e+00,-1.226057e-01,5.306900e-02
GRID,2470,,1.006993e+00,1.225672e-01,5.874280e-02
GRID,2471,,1.008284e+00,6.096000e-01,3.091276e-02
GRID,2472,,9.985427e-01,1.033703e+00,9.051255e-02
GRID,2473,,1.008516e+00,6.096000e-01,1.299395e-01
GRID,2474,,1.008589e+00,1.097280e+00,7.310281e-02
GRID,2475,,1.015151e+00,1.097280e+00,9.800036e-02
GRID,2476,,1.010316e+00,8.534400e-01,9.843391e-02
GRID,2477,,1.008609e+00,8.534400e-01,1.224276e-01
GRID,2478,,1.013228e+00,-6.096000e-01,4.884784e-02
GRID,2479,,1.004273e+00,-1.040533e+00,9.039577e-02
GRID,2480,,1.012598e+00,-1.225995e-01,2.820364e-02
GRID,2481,,1.005127e+00,-1.041550e+00,6.353482e-02
GRID,2482,,1.016925e+00,-8.534400e-01,9.445556e-02
GRID,2483,,1.017407e+00,-8.534400e-01,7.018097e-02
GRID,2484,,1.015462e+00,-6.096000e-01,1.522980e-01
GRID,2485,,1.015462e+00,6.096000e-01,1.522980e-01
GRID,2486,,1.015511e+00,-6.096000e-01,-2.800359e-03
GRID,2487,,1.015511e+00,6.096000e-01,-2.800359e-03
GRID,2488,,1.012189e+00,-6.096000e-01,1.254597e-01
GRID,2489,,1.019876e+00,8.534400e-01,4.256936e-02
GRID,2490,,1.014475e+00,8.534400e-01,6.906756e-02
GRID,2491,,1.017137e+00,-6.096000e-01,1.026683e-01
GRID,2492,,1.008027e+00,1.045006e+00,6.658914e-02
GRID,2493,,1.018609e+00,-1.097280e+00,1.070222e-01
GRID,2494,,1.022383e+00,-1.097280e+00,8.728972e-02
GRID,2495,,1.021517e+00,-6.096000e-01,7.598125e-02
GRID,2496,,1.025048e+00,-1.097280e+00,6.570877e-02
GRID,2497,,1.018320e+00,-8.534400e-01,4.332865e-02
GRID,2498,,1.023243e+00,-1.226711e-01,8.228372e-02
GRID,2499,,1.023243e+00,1.226711e-01,8.228372e-02
GRID,2500,,1.023243e+00,-1.226646e-01,1.043297e-02
GRID,2501,,1.023243e+00,1.226646e-01,1.043297e-02
GRID,2502,,1.016373e+00,6.096000e-01,1.051256e-01
GRID,2503,,1.018196e+00,6.096000e-01,7.903507e-02
GRID,2504,,1.022170e+00,-8.534400e-01,1.436384e-01
GRID,2505,,1.022170e+00,8.534400e-01,1.436384e-01
GRID,2506,,1.013170e+00,1.051136e+00,9.644122e-02
GRID,2507,,1.024408e+00,-1.097280e+00,4.842000e-02
GRID,2508,,1.024408e+00,1.097280e+00,4.842000e-02
GRID,2509,,1.017791e+00,-1.056643e+00,4.286858e-02
GRID,2510,,1.017791e+00,1.056643e+00,4.286858e-02
GRID,2511,,1.017631e+00,-1.056452e+00,9.994669e-02
GRID,2512,,1.017792e+00,-1.056644e+00,1.283428e-01
GRID,2513,,1.017792e+00,1.056644e+00,1.283428e-01
GRID,2514,,1.026329e+00,-1.097280e+00,1.253168e-01
GRID,2515,,1.026329e+00,1.097280e+00,1.253168e-01
GRID,2516,,1.019752e+00,6.096000e-01,5.426455e-02
GRID,2517,,1.027124e+00,-8.534400e-01,1.773134e-02
GRID,2518,,1.027128e+00,8.534400e-01,1.773119e-02
GRID,2519,,1.026451e+00,1.226873e-01,4.016014e-02
GRID,2520,,1.021042e+00,-1.060518e+00,6.811468e-02
GRID,2521,,1.029292e+00,-6.096000e-01,2.387897e-02
GRID,2522,,1.035243e+00,-8.534400e-01,1.156843e-01
GRID,2523,,1.022911e+00,1.062744e+00,6.845747e-02
GRID,2524,,1.032226e+00,6.096000e-01,3.191179e-02
GRID,2525,,1.031096e+00,6.096000e-01,1.279972e-01
GRID,2526,,1.031581e+00,1.097280e+00,7.264677e-02
GRID,2527,,1.032099e+00,8.534400e-01,1.161148e-01
GRID,2528,,1.033534e+00,8.534400e-01,8.534626e-02
GRID,2529,,1.038069e+00,-6.096000e-01,1.238214e-01
GRID,2530,,1.036385e+00,-1.227488e-01,3.182460e-02
GRID,2531,,1.028071e+00,1.068894e+00,9.900591e-02
GRID,2532,,1.037627e+00,-6.096000e-01,4.981822e-02
GRID,2533,,1.043746e+00,-1.227970e-01,5.567593e-02
GRID,2534,,1.040350e+00,8.534400e-01,6.117087e-02
GRID,2535,,1.037489e+00,1.097280e+00,1.008102e-01
GRID,2536,,1.040316e+00,-6.096000e-01,1.530220e-01
GRID,2537,,1.040316e+00,6.096000e-01,1.530220e-01
GRID,2538,,1.040372e+00,-6.096000e-01,-2.908089e-03
GRID,2539,,1.040372e+00,6.096000e-01,-2.908089e-03
GRID,2540,,1.036960e+00,6.096000e-01,1.002743e-01
GRID,2541,,1.038496e+00,-8.534400e-01,8.351673e-02
GRID,2542,,1.044347e+00,-6.096000e-01,9.511522e-02
GRID,2543,,1.043293e+00,-8.534400e-01,5.054686e-02
GRID,2544,,1.031404e+00,-1.072866e+00,1.080807e-01
GRID,2545,,1.035117e+00,-1.077291e+00,8.533737e-02
GRID,2546,,1.034841e+00,-1.076962e+00,4.424838e-02
GRID,2547,,1.034841e+00,1.076962e+00,4.424838e-02
GRID,2548,,1.034841e+00,-1.076962e+00,1.291740e-01
GRID,2549,,1.034841e+00,1.076962e+00,1.291740e-01
GRID,2550,,1.038497e+00,6.096000e-01,6.786678e-02
GRID,2551,,1.051889e+00,-1.097280e+00,1.018920e-01
GRID,2552,,1.046270e+00,8.534400e-01,3.844148e-02
GRID,2553,,1.039185e+00,-1.082139e+00,6.330945e-02
GRID,2554,,1.052088e+00,-6.096000e-01,7.104129e-02
GRID,2555,,1.047279e+00,-8.534400e-01,1.457487e-01
GRID,2556,,1.047279e+00,8.534400e-01,1.457487e-01
GRID,2557,,1.051890e+00,-1.097280e+00,7.376376e-02
GRID,2558,,1.037653e+00,1.080314e+00,7.030436e-02
GRID,2559,,1.049662e+00,-1.228365e-01,8.250443e-02
GRID,2560,,1.045911e+00,1.228098e-01,4.690902e-02
GRID,2561,,1.049662e+00,1.228365e-01,8.250443e-02
GRID,2562,,1.049662e+00,-1.228300e-01,1.065368e-02
GRID,2563,,1.049662e+00,1.228300e-01,1.065368e-02
GRID,2564,,1.051890e+00,-1.097280e+00,4.563556e-02
GRID,2565,,1.051890e+00,1.097280e+00,4.563556e-02
GRID,2566,,1.051889e+00,-1.097280e+00,1.300202e-01
GRID,2567,,1.051889e+00,1.097280e+00,1.300202e-01
GRID,2568,,1.052856e+00,-8.534400e-01,1.677027e-02
GRID,2569,,1.052859e+00,8.534400e-01,1.677014e-02
GRID,2570,,1.042016e+00,1.085514e+00,1.003207e-01
GRID,2571,,1.057237e+00,-6.096000e-01,2.546217e-02
GRID,2572,,1.057129e+00,6.096000e-01,1.220214e-01
GRID,2573,,1.051890e+00,-1.097280e+00,1.018898e-01
GRID,2574,,1.051890e+00,1.097280e+00,7.376376e-02
GRID,2575,,1.050340e+00,8.534400e-01,9.727519e-02
GRID,2576,,1.057687e+00,8.534400e-01,1.216097e-01
GRID,2577,,1.058102e+00,6.096000e-01,5.239565e-02
GRID,2578,,1.054222e+00,6.096000e-01,2.269758e-02
GRID,2579,,1.060655e+00,8.534400e-01,7.537527e-02
GRID,2580,,1.051890e+00,-1.097280e+00,4.563446e-02
GRID,2581,,1.051890e+00,1.097280e+00,4.563446e-02
GRID,2582,,1.051890e+00,-1.097280e+00,1.300174e-01
GRID,2583,,1.051890e+00,1.097280e+00,1.300174e-01
GRID,2584,,1.051890e+00,-1.097280e+00,7.376212e-02
GRID,2585,,1.058895e+00,-8.534400e-01,1.249094e-01
GRID,2586,,1.058793e+00,-8.534400e-01,9.922585e-02
GRID,2587,,1.064423e+00,-1.229245e-01,3.370405e-02
GRID,2588,,1.059172e+00,6.096000e-01,8.639840e-02
GRID,2589,,1.051889e+00,1.097280e+00,1.018920e-01
GRID,2590,,1.060652e+00,-6.096000e-01,5.072092e-02
GRID,2591,,1.051890e+00,1.097280e+00,7.376212e-02
GRID,2592,,1.066282e+00,-6.096000e-01,1.086157e-01
GRID,2593,,1.061165e+00,-6.096000e-01,1.323634e-01
GRID,2594,,1.064164e+00,-8.534400e-01,7.137024e-02
GRID,2595,,1.065176e+00,-6.096000e-01,1.535896e-01
GRID,2596,,1.065176e+00,6.096000e-01,1.535896e-01
GRID,2597,,1.063696e+00,8.534400e-01,5.596556e-02
GRID,2598,,1.065234e+00,-6.096000e-01,-2.916304e-03
GRID,2599,,1.065234e+00,6.096000e-01,-2.916304e-03
GRID,2600,,1.051890e+00,1.097280e+00,1.018898e-01
GRID,2601,,1.070569e+00,-8.534400e-01,4.240794e-02
GRID,2602,,1.070696e+00,-1.229659e-01,5.726754e-02
GRID,2603,,1.074288e+00,-6.096000e-01,8.585021e-02
GRID,2604,,1.058105e+00,1.228876e-01,6.406831e-02
GRID,2605,,1.068546e+00,1.229505e-01,3.646697e-02
GRID,2606,,1.072683e+00,8.534400e-01,3.891509e-02
GRID,2607,,1.072405e+00,-8.534400e-01,1.476427e-01
GRID,2608,,1.072405e+00,8.534400e-01,1.476427e-01
GRID,2609,,1.076081e+00,-1.230019e-01,8.272515e-02
GRID,2610,,1.076081e+00,1.230019e-01,8.272515e-02
GRID,2611,,1.076081e+00,-1.229954e-01,1.087440e-02
GRID,2612,,1.076081e+00,1.229954e-01,1.087440e-02
GRID,2613,,1.072577e+00,8.534400e-01,9.530247e-02
GRID,2614,,1.075177e+00,-1.097280e+00,1.026142e-01
GRID,2615,,1.077070e+00,-1.097280e+00,1.341361e-01
GRID,2616,,1.079376e+00,1.097280e+00,1.163599e-01
GRID,2617,,1.077070e+00,1.097280e+00,1.341361e-01
GRID,2618,,1.064121e+00,1.097280e+00,6.992969e-02
GRID,2619,,1.086019e+00,1.097280e+00,9.642054e-02
GRID,2620,,1.064161e+00,-1.111905e+00,1.076600e-01
GRID,2621,,1.068941e+00,-1.117601e+00,1.308806e-01
GRID,2622,,1.067981e+00,1.116457e+00,1.128826e-01
GRID,2623,,1.068941e+00,1.117601e+00,1.308806e-01
GRID,2624,,1.089930e+00,-1.097280e+00,7.359749e-02
GRID,2625,,1.075217e+00,-1.097280e+00,5.714097e-02
GRID,2626,,1.063361e+00,-1.110951e+00,8.368715e-02
GRID,2627,,1.065181e+00,1.113120e+00,8.826282e-02
GRID,2628,,1.061923e+00,-1.109238e+00,6.248604e-02
GRID,2629,,1.062775e+00,1.110252e+00,6.510538e-02
GRID,2630,,1.068941e+00,-1.117601e+00,4.703092e-02
GRID,2631,,1.077242e+00,-1.097280e+00,4.342300e-02
GRID,2632,,1.077248e+00,1.097280e+00,4.342250e-02
GRID,2633,,1.068941e+00,1.117601e+00,4.703092e-02
GRID,2634,,1.079133e+00,-6.096000e-01,6.499156e-02
GRID,2635,,1.078592e+00,-8.534400e-01,1.594162e-02
GRID,2636,,1.078595e+00,8.534400e-01,1.594151e-02
GRID,2637,,1.081386e+00,6.096000e-01,2.848696e-02
GRID,2638,,1.084586e+00,6.096000e-01,1.277453e-01
GRID,2639,,1.082682e+00,6.096000e-01,9.724660e-02
GRID,2640,,1.085918e+00,-6.096000e-01,1.931667e-02
GRID,2641,,1.082910e+00,-6.096000e-01,4.303085e-02
GRID,2642,,1.082404e+00,8.534400e-01,1.214988e-01
GRID,2643,,1.082703e+00,6.096000e-01,6.365979e-02
GRID,2644,,1.086206e+00,1.230629e-01,5.727855e-02
GRID,2645,,1.080052e+00,-8.534400e-01,1.156860e-01
GRID,2646,,1.085478e+00,-8.534400e-01,8.852689e-02
GRID,2647,,1.086047e+00,8.534400e-01,6.704312e-02
GRID,2648,,1.085428e+00,-6.096000e-01,1.207024e-01
GRID,2649,,1.080222e+00,-6.096000e-01,1.392081e-01
GRID,2650,,1.074975e+00,-1.124792e+00,6.509482e-02
GRID,2651,,1.076270e+00,1.126335e+00,7.075659e-02
GRID,2652,,1.076387e+00,-1.126475e+00,8.826066e-02
GRID,2653,,1.082873e+00,1.097280e+00,7.322390e-02
GRID,2654,,1.076403e+00,-1.126494e+00,1.111572e-01
GRID,2655,,1.090480e+00,-8.534400e-01,6.112166e-02
GRID,2656,,1.095616e+00,-1.231201e-01,3.838909e-02
GRID,2657,,1.090038e+00,-6.096000e-01,1.539948e-01
GRID,2658,,1.090038e+00,6.096000e-01,1.539948e-01
GRID,2659,,1.081688e+00,1.132792e+00,9.853140e-02
GRID,2660,,1.090095e+00,-6.096000e-01,-2.819657e-03
GRID,2661,,1.090095e+00,6.096000e-01,-2.819657e-03
GRID,2662,,1.093138e+00,-6.096000e-01,9.958123e-02
GRID,2663,,1.085993e+00,1.137922e+00,1.317543e-01
GRID,2664,,1.095579e+00,1.231194e-01,3.289009e-02
GRID,2665,,1.085992e+00,-1.137922e+00,4.843129e-02
GRID,2666,,1.085993e+00,-1.137922e+00,1.317543e-01
GRID,2667,,1.085992e+00,1.137922e+00,4.843129e-02
GRID,2668,,1.095139e+00,-8.534400e-01,3.705912e-02
GRID,2669,,1.093680e+00,-1.231104e-01,6.437755e-02
GRID,2670,,1.094582e+00,-8.534400e-01,1.309129e-01
GRID,2671,,1.097546e+00,-8.534400e-01,1.493231e-01
GRID,2672,,1.097546e+00,8.534400e-01,1.493231e-01
GRID,2673,,1.096090e+00,8.534400e-01,9.356317e-02
GRID,2674,,1.098759e+00,8.534400e-01,4.212239e-02
GRID,2675,,1.100366e+00,-6.096000e-01,7.954413e-02
GRID,2676,,1.089875e+00,-1.142548e+00,6.981770e-02
GRID,2677,,1.095398e+00,-1.097280e+00,1.179407e-01
GRID,2678,,1.108596e+00,-1.097280e+00,9.450616e-02
GRID,2679,,1.102618e+00,-1.097280e+00,4.150433e-02
GRID,2680,,1.102500e+00,-1.231673e-01,8.294587e-02
GRID,2681,,1.102500e+00,1.231673e-01,8.294587e-02
GRID,2682,,1.102501e+00,-1.231608e-01,1.109512e-02
GRID,2683,,1.102501e+00,1.231608e-01,1.109512e-02
GRID,2684,,1.092049e+00,1.145140e+00,7.593981e-02
GRID,2685,,1.089264e+00,-1.141821e+00,9.802796e-02
GRID,2686,,1.102312e+00,-1.097280e+00,1.378000e-01
GRID,2687,,1.102312e+00,1.097280e+00,1.378000e-01
GRID,2688,,1.102625e+00,1.097280e+00,4.150388e-02
GRID,2689,,1.104332e+00,-8.534400e-01,1.524370e-02
GRID,2690,,1.104335e+00,8.534400e-01,1.524362e-02
GRID,2691,,1.104637e+00,-6.096000e-01,5.907196e-02
GRID,2692,,1.105725e+00,1.097280e+00,1.083270e-01
GRID,2693,,1.107870e+00,-8.534400e-01,1.057133e-01
GRID,2694,,1.100352e+00,-6.096000e-01,1.353177e-01
GRID,2695,,1.108115e+00,6.096000e-01,4.448823e-02
GRID,2696,,1.112947e+00,6.096000e-01,1.785397e-02
GRID,2697,,1.097098e+00,1.151157e+00,1.061914e-01
GRID,2698,,1.103289e+00,8.534400e-01,1.174510e-01
GRID,2699,,1.110105e+00,6.096000e-01,1.061769e-01
GRID,2700,,1.105129e+00,6.096000e-01,7.445910e-02
GRID,2701,,1.107485e+00,1.097280e+00,7.919868e-02
GRID,2702,,1.108686e+00,-6.096000e-01,3.648640e-02
GRID,2703,,1.106404e+00,6.096000e-01,1.349941e-01
GRID,2704,,1.109018e+00,-6.096000e-01,1.155674e-01
GRID,2705,,1.111219e+00,-8.534400e-01,7.590701e-02
GRID,2706,,1.114660e+00,-6.096000e-01,1.484181e-02
GRID,2707,,1.103043e+00,-1.158243e+00,4.983773e-02
GRID,2708,,1.103043e+00,1.158243e+00,4.983773e-02
GRID,2709,,1.101920e+00,-1.156904e+00,1.077105e-01
GRID,2710,,1.103044e+00,-1.158243e+00,1.326418e-01
GRID,2711,,1.103044e+00,1.158243e+00,1.326418e-01
GRID,2712,,1.113990e+00,8.534400e-01,7.015612e-02
GRID,2713,,1.114415e+00,1.232390e-01,5.123199e-02
GRID,2714,,1.103408e+00,-1.158677e+00,7.903705e-02
GRID,2715,,1.125768e+00,-1.097280e+00,6.535892e-02
GRID,2716,,1.114903e+00,-6.096000e-01,1.541665e-01
GRID,2717,,1.114903e+00,6.096000e-01,1.541665e-01
GRID,2718,,1.114955e+00,-6.096000e-01,-2.539323e-03
GRID,2719,,1.114955e+00,6.096000e-01,-2.539323e-03
GRID,2720,,1.117583e+00,-8.534400e-01,4.475558e-02
GRID,2721,,1.106956e+00,1.162906e+00,8.272847e-02
GRID,2722,,1.118766e+00,-6.096000e-01,9.531926e-02
GRID,2723,,1.120298e+00,-1.232764e-01,5.811515e-02
GRID,2724,,1.117033e+00,-8.534400e-01,1.312655e-01
GRID,2725,,1.120339e+00,-1.097280e+00,1.171879e-01
GRID,2726,,1.121968e+00,1.232844e-01,3.034825e-02
GRID,2727,,1.125251e+00,-1.233049e-01,3.009969e-02
GRID,2728,,1.118769e+00,8.534400e-01,9.671338e-02
GRID,2729,,1.112867e+00,1.169950e+00,1.100315e-01
GRID,2730,,1.122700e+00,-8.534400e-01,1.507893e-01
GRID,2731,,1.119554e+00,8.534400e-01,1.262752e-01
GRID,2732,,1.122700e+00,8.534400e-01,1.507893e-01
GRID,2733,,1.130867e+00,8.534400e-01,4.608143e-02
GRID,2734,,1.123352e+00,-6.096000e-01,1.348060e-01
GRID,2735,,1.126047e+00,-6.096000e-01,7.388387e-02
GRID,2736,,1.114045e+00,-1.171354e+00,1.156854e-01
GRID,2737,,1.116075e+00,-1.173773e+00,9.279446e-02
GRID,2738,,1.127603e+00,-1.097280e+00,1.411095e-01
GRID,2739,,1.123427e+00,1.097280e+00,1.211121e-01
GRID,2740,,1.127603e+00,1.097280e+00,1.411095e-01
GRID,2741,,1.128920e+00,-1.233327e-01,8.316659e-02
GRID,2742,,1.128920e+00,1.233327e-01,8.316659e-02
GRID,2743,,1.132586e+00,1.233541e-01,6.630402e-02
GRID,2744,,1.128920e+00,-1.233262e-01,1.131584e-02
GRID,2745,,1.128920e+00,1.233262e-01,1.131584e-02
GRID,2746,,1.128010e+00,-1.097280e+00,3.979848e-02
GRID,2747,,1.127073e+00,1.097280e+00,6.499741e-02
GRID,2748,,1.128016e+00,1.097280e+00,3.979809e-02
GRID,2749,,1.118922e+00,-1.177165e+00,6.876302e-02
GRID,2750,,1.120094e+00,-1.178563e+00,5.124986e-02
GRID,2751,,1.119697e+00,1.178090e+00,6.899840e-02
GRID,2752,,1.120094e+00,1.178563e+00,5.124986e-02
GRID,2753,,1.120095e+00,-1.178564e+00,1.335406e-01
GRID,2754,,1.120095e+00,1.178564e+00,1.335406e-01
GRID,2755,,1.130075e+00,-8.534400e-01,1.468801e-02
GRID,2756,,1.130079e+00,8.534400e-01,1.468794e-02
GRID,2757,,1.131478e+00,-6.096000e-01,5.124289e-02
GRID,2758,,1.127449e+00,6.096000e-01,8.054977e-02
GRID,2759,,1.132368e+00,6.096000e-01,5.443938e-02
GRID,2760,,1.132787e+00,1.097280e+00,9.478730e-02
GRID,2761,,1.128728e+00,6.096000e-01,1.295073e-01
GRID,2762,,1.120331e+00,1.178845e+00,9.115572e-02
GRID,2763,,1.136665e+00,-8.534400e-01,1.137904e-01
GRID,2764,,1.134285e+00,-8.534400e-01,8.830572e-02
GRID,2765,,1.138807e+00,6.096000e-01,2.654911e-02
GRID,2766,,1.138115e+00,-1.097280e+00,9.202670e-02
GRID,2767,,1.136590e+00,-6.096000e-01,2.678068e-02
GRID,2768,,1.134834e+00,-6.096000e-01,1.154113e-01
GRID,2769,,1.139695e+00,6.096000e-01,1.022695e-01
GRID,2770,,1.133535e+00,-8.534400e-01,6.459013e-02
GRID,2771,,1.128894e+00,1.189050e+00,1.104034e-01
GRID,2772,,1.139812e+00,6.096000e-01,-2.042700e-03
GRID,2773,,1.144414e+00,8.534400e-01,8.195413e-02
GRID,2774,,1.127406e+00,-1.187276e+00,1.106313e-01
GRID,2775,,1.145687e+00,1.234343e-01,4.593253e-02
GRID,2776,,1.139812e+00,-6.096000e-01,-2.042700e-03
GRID,2777,,1.139769e+00,-6.096000e-01,1.540615e-01
GRID,2778,,1.139769e+00,6.096000e-01,1.540615e-01
GRID,2779,,1.132314e+00,-1.193126e+00,8.466450e-02
GRID,2780,,1.143993e+00,-8.534400e-01,1.372956e-01
GRID,2781,,1.147658e+00,-8.534400e-01,4.208289e-02
GRID,2782,,1.146343e+00,-6.096000e-01,9.416119e-02
GRID,2783,,1.135721e+00,8.534400e-01,1.083525e-01
GRID,2784,,1.137145e+00,-1.198883e+00,5.266779e-02
GRID,2785,,1.141599e+00,8.534400e-01,1.309499e-01
GRID,2786,,1.137145e+00,1.198883e+00,5.266779e-02
GRID,2787,,1.132980e+00,1.193920e+00,8.387589e-02
GRID,2788,,1.137146e+00,-1.198884e+00,1.344516e-01
GRID,2789,,1.137146e+00,1.198884e+00,1.344516e-01
GRID,2790,,1.146948e+00,-1.234419e-01,4.347731e-02
GRID,2791,,1.143333e+00,-1.234214e-01,6.692489e-02
GRID,2792,,1.146870e+00,-1.097280e+00,1.174863e-01
GRID,2793,,1.144831e+00,1.234272e-01,2.654596e-02
GRID,2794,,1.147866e+00,-8.534400e-01,1.520370e-01
GRID,2795,,1.147866e+00,8.534400e-01,1.520370e-01
GRID,2796,,1.146393e+00,-6.096000e-01,1.368113e-01
GRID,2797,,1.145766e+00,1.097280e+00,1.193116e-01
GRID,2798,,1.155339e+00,-1.234916e-01,1.153655e-02
GRID,2799,,1.158484e+00,-1.097280e+00,6.513111e-02
GRID,2800,,1.153414e+00,-1.097280e+00,3.830281e-02
GRID,2801,,1.153182e+00,-6.096000e-01,6.876100e-02
GRID,2802,,1.144248e+00,1.097280e+00,5.400470e-02
GRID,2803,,1.152666e+00,1.097280e+00,7.370887e-02
GRID,2804,,1.141123e+00,-1.203624e+00,1.063085e-01
GRID,2805,,1.153498e+00,6.096000e-01,6.980002e-02
GRID,2806,,1.152937e+00,-1.097280e+00,1.440664e-01
GRID,2807,,1.152937e+00,1.097280e+00,1.440664e-01
GRID,2808,,1.153420e+00,1.097280e+00,3.830247e-02
GRID,2809,,1.153128e+00,6.096000e-01,1.271263e-01
GRID,2810,,1.145955e+00,1.209382e+00,1.049674e-01
GRID,2811,,1.155339e+00,-1.234981e-01,8.338730e-02
GRID,2812,,1.155339e+00,1.234981e-01,8.338730e-02
GRID,2813,,1.155339e+00,1.234916e-01,1.153655e-02
GRID,2814,,1.155821e+00,-8.534400e-01,1.428314e-02
GRID,2815,,1.155825e+00,8.534400e-01,1.428310e-02
GRID,2816,,1.157795e+00,8.534400e-01,3.375155e-02
GRID,2817,,1.168426e+00,8.534400e-01,6.152983e-02
GRID,2818,,1.130951e+00,-1.341120e+00,8.547527e-02
GRID,2819,,1.133723e+00,-1.341120e+00,1.074026e-01
GRID,2820,,1.161654e+00,-1.341120e+00,9.665575e-02
GRID,2821,,1.154928e+00,-1.341120e+00,7.612235e-02
GRID,2822,,1.130951e+00,1.341120e+00,8.547527e-02
GRID,2823,,1.154928e+00,1.341120e+00,7.612235e-02
GRID,2824,,1.133723e+00,1.341120e+00,1.074026e-01
GRID,2825,,1.159666e+00,-6.096000e-01,4.400620e-02
GRID,2826,,1.151360e+00,-1.215823e+00,8.470069e-02
GRID,2827,,1.165948e+00,6.096000e-01,3.479571e-02
GRID,2828,,1.160109e+00,1.235264e-01,6.578642e-02
GRID,2829,,1.161096e+00,1.097280e+00,9.506202e-02
GRID,2830,,1.145688e+00,1.209064e+00,7.642831e-02
GRID,2831,,1.157362e+00,-8.534400e-01,6.871921e-02
GRID,2832,,1.156984e+00,-1.341120e+00,1.184229e-01
GRID,2833,,1.156984e+00,1.341120e+00,1.184229e-01
GRID,2834,,1.158060e+00,-8.534400e-01,9.698442e-02
GRID,2835,,1.164943e+00,-6.096000e-01,1.233271e-01
GRID,2836,,1.159506e+00,8.534400e-01,1.107096e-01
GRID,2837,,1.163477e+00,-6.096000e-01,1.812554e-02
GRID,2838,,1.162634e+00,-8.534400e-01,1.235589e-01
GRID,2839,,1.154195e+00,-1.219203e+00,5.408992e-02
GRID,2840,,1.154195e+00,1.219203e+00,5.408992e-02
GRID,2841,,1.154196e+00,-1.219204e+00,1.353723e-01
GRID,2842,,1.154799e+00,-1.219923e+00,1.160944e-01
GRID,2843,,1.154196e+00,1.219204e+00,1.353723e-01
GRID,2844,,1.166327e+00,-1.097280e+00,9.173875e-02
GRID,2845,,1.164664e+00,6.096000e-01,-1.330059e-03
GRID,2846,,1.165875e+00,6.096000e-01,9.604292e-02
GRID,2847,,1.164631e+00,-6.096000e-01,1.536811e-01
GRID,2848,,1.164631e+00,6.096000e-01,1.536811e-01
GRID,2849,,1.164664e+00,-6.096000e-01,-1.330059e-03
GRID,2850,,1.165208e+00,8.534400e-01,1.337748e-01
GRID,2851,,1.165604e+00,-1.235605e-01,6.272440e-02
GRID,2852,,1.164643e+00,1.097280e+00,5.440433e-02
GRID,2853,,1.178480e+00,8.534400e-01,9.236438e-02
GRID,2854,,1.167065e+00,1.235668e-01,3.146614e-02
GRID,2855,,1.175917e+00,1.236242e-01,5.394324e-02
GRID,2856,,1.158407e+00,1.224223e+00,8.113970e-02
GRID,2857,,1.170113e+00,1.097280e+00,1.202806e-01
GRID,2858,,1.163302e+00,1.230056e+00,1.088509e-01
GRID,2859,,1.173350e+00,-6.096000e-01,9.350769e-02
GRID,2860,,1.174355e+00,-1.097280e+00,1.194193e-01
GRID,2861,,1.172077e+00,-1.235987e-01,3.789048e-02
GRID,2862,,1.182014e+00,-8.534400e-01,4.591065e-02
GRID,2863,,1.173043e+00,-8.534400e-01,1.530660e-01
GRID,2864,,1.173043e+00,8.534400e-01,1.530660e-01
GRID,2865,,1.170709e+00,-1.238883e+00,1.076131e-01
GRID,2866,,1.168728e+00,-1.236522e+00,7.861131e-02
GRID,2867,,1.181179e+00,1.097280e+00,6.733847e-02
GRID,2868,,1.178305e+00,-1.097280e+00,1.467195e-01
GRID,2869,,1.178305e+00,1.097280e+00,1.467195e-01
GRID,2870,,1.176589e+00,6.096000e-01,1.243863e-01
GRID,2871,,1.181236e+00,-6.096000e-01,6.512266e-02
GRID,2872,,1.178830e+00,-1.097280e+00,3.699696e-02
GRID,2873,,1.178836e+00,1.097280e+00,3.699667e-02
GRID,2874,,1.181384e+00,6.096000e-01,6.406286e-02
GRID,2875,,1.171246e+00,-1.239523e+00,5.551687e-02
GRID,2876,,1.171246e+00,1.239523e+00,5.551687e-02
GRID,2877,,1.171246e+00,-1.239524e+00,1.363013e-01
GRID,2878,,1.171246e+00,1.239524e+00,1.363013e-01
GRID,2879,,1.180052e+00,-1.341120e+00,7.143761e-02
GRID,2880,,1.179359e+00,1.341120e+00,9.799400e-02
GRID,2881,,1.180052e+00,1.341120e+00,7.143761e-02
GRID,2882,,1.181758e+00,-1.236635e-01,8.360802e-02
GRID,2883,,1.181758e+00,1.236635e-01,8.360802e-02
GRID,2884,,1.181758e+00,-1.236570e-01,1.175727e-02
GRID,2885,,1.181758e+00,1.236570e-01,1.175727e-02
GRID,2886,,1.181569e+00,-8.534400e-01,1.402905e-02
GRID,2887,,1.181573e+00,8.534400e-01,1.402902e-02
GRID,2888,,1.181441e+00,-1.341120e+00,1.257661e-01
GRID,2889,,1.181441e+00,1.341120e+00,1.257661e-01
GRID,2890,,1.179680e+00,-8.534400e-01,7.924034e-02
GRID,2891,,1.188103e+00,8.534400e-01,3.572270e-02
GRID,2892,,1.180285e+00,-8.534400e-01,1.066874e-01
GRID,2893,,1.173479e+00,1.242185e+00,8.340752e-02
GRID,2894,,1.187301e+00,-1.097280e+00,6.491726e-02
GRID,2895,,1.188092e+00,8.534400e-01,1.218816e-01
GRID,2896,,1.186627e+00,-6.096000e-01,3.537594e-02
GRID,2897,,1.183288e+00,1.097280e+00,9.564235e-02
GRID,2898,,1.187131e+00,-1.341120e+00,9.328886e-02
GRID,2899,,1.188100e+00,-8.534400e-01,1.302544e-01
GRID,2900,,1.179246e+00,1.249057e+00,1.105871e-01
GRID,2901,,1.189510e+00,-6.096000e-01,-4.543933e-04
GRID,2902,,1.189490e+00,-6.096000e-01,1.530693e-01
GRID,2903,,1.189490e+00,6.096000e-01,1.530693e-01
GRID,2904,,1.189510e+00,6.096000e-01,-4.543933e-04
GRID,2905,,1.193906e+00,-6.096000e-01,1.215540e-01
GRID,2906,,1.189730e+00,-1.237114e-01,6.129288e-02
GRID,2907,,1.191031e+00,6.096000e-01,9.256532e-02
GRID,2908,,1.196759e+00,6.096000e-01,3.161147e-02
GRID,2909,,1.196258e+00,-1.097280e+00,9.389830e-02
GRID,2910,,1.192064e+00,1.237236e-01,3.510561e-02
GRID,2911,,1.199764e+00,8.534400e-01,5.364958e-02
GRID,2912,,1.199852e+00,8.534400e-01,7.512132e-02
GRID,2913,,1.185427e+00,-1.256424e+00,9.879551e-02
GRID,2914,,1.182610e+00,-1.253067e+00,7.399424e-02
GRID,2915,,1.199077e+00,1.097280e+00,1.153239e-01
GRID,2916,,1.188297e+00,-1.259843e+00,1.372375e-01
GRID,2917,,1.188296e+00,-1.259843e+00,5.694669e-02
GRID,2918,,1.188296e+00,1.259843e+00,5.694669e-02
GRID,2919,,1.188297e+00,1.259843e+00,1.372375e-01
GRID,2920,,1.197151e+00,-1.237557e-01,3.735604e-02
GRID,2921,,1.198226e+00,-8.534400e-01,1.538882e-01
GRID,2922,,1.198226e+00,8.534400e-01,1.538882e-01
GRID,2923,,1.199563e+00,-6.096000e-01,8.990192e-02
GRID,2924,,1.187650e+00,1.259072e+00,8.667632e-02
GRID,2925,,1.204679e+00,-1.097280e+00,1.229684e-01
GRID,2926,,1.202531e+00,1.237915e-01,6.072998e-02
GRID,2927,,1.197349e+00,6.096000e-01,1.186378e-01
GRID,2928,,1.203700e+00,-1.097280e+00,1.490935e-01
GRID,2929,,1.203700e+00,1.097280e+00,1.490935e-01
GRID,2930,,1.208646e+00,8.534400e-01,9.960622e-02
GRID,2931,,1.204253e+00,-1.097280e+00,3.587307e-02
GRID,2932,,1.204259e+00,1.097280e+00,3.587282e-02
GRID,2933,,1.197118e+00,1.270356e+00,1.093151e-01
GRID,2934,,1.207681e+00,1.341120e+00,8.851154e-02
GRID,2935,,1.199544e+00,1.341120e+00,1.112137e-01
GRID,2936,,1.197096e+00,-8.534400e-01,9.274476e-02
GRID,2937,,1.204181e+00,-8.534400e-01,7.073516e-02
GRID,2938,,1.205360e+00,-1.341120e+00,6.794025e-02
GRID,2939,,1.205360e+00,1.341120e+00,6.794025e-02
GRID,2940,,1.204387e+00,-8.534400e-01,1.123804e-01
GRID,2941,,1.203875e+00,1.097280e+00,7.770445e-02
GRID,2942,,1.210636e+00,-6.096000e-01,6.059568e-02
GRID,2943,,1.211614e+00,6.096000e-01,6.289266e-02
GRID,2944,,1.206266e+00,-1.341120e+00,1.316660e-01
GRID,2945,,1.207855e+00,-1.341120e+00,1.027346e-01
GRID,2946,,1.206266e+00,1.341120e+00,1.316660e-01
GRID,2947,,1.209173e+00,-8.534400e-01,2.909708e-02
GRID,2948,,1.207318e+00,-8.534400e-01,1.390428e-02
GRID,2949,,1.207322e+00,8.534400e-01,1.390427e-02
GRID,2950,,1.208178e+00,-1.238289e-01,8.382874e-02
GRID,2951,,1.208178e+00,1.238289e-01,8.382874e-02
GRID,2952,,1.208178e+00,-1.238224e-01,1.197799e-02
GRID,2953,,1.208178e+00,1.238224e-01,1.197799e-02
GRID,2954,,1.217807e+00,-8.534400e-01,5.010021e-02
GRID,2955,,1.197129e+00,-1.270369e+00,7.914242e-02
GRID,2956,,1.200996e+00,-1.274977e+00,1.086035e-01
GRID,2957,,1.212093e+00,-6.096000e-01,2.882176e-02
GRID,2958,,1.217756e+00,-1.097280e+00,6.620181e-02
GRID,2959,,1.200908e+00,1.274873e+00,7.991444e-02
GRID,2960,,1.216703e+00,8.534400e-01,1.254900e-01
GRID,2961,,1.212157e+00,-8.534400e-01,1.342144e-01
GRID,2962,,1.217271e+00,8.534400e-01,3.477738e-02
GRID,2963,,1.205346e+00,-1.280162e+00,5.837931e-02
GRID,2964,,1.205346e+00,1.280162e+00,5.837931e-02
GRID,2965,,1.205346e+00,-1.280163e+00,1.381798e-01
GRID,2966,,1.205346e+00,1.280163e+00,1.381798e-01
GRID,2967,,1.214343e+00,-6.096000e-01,1.522769e-01
GRID,2968,,1.214343e+00,6.096000e-01,1.522769e-01
GRID,2969,,1.216829e+00,6.096000e-01,1.267566e-01
GRID,2970,,1.214351e+00,-6.096000e-01,5.462294e-04
GRID,2971,,1.214351e+00,6.096000e-01,5.462294e-04
GRID,2972,,1.213199e+00,-1.238583e-01,6.115420e-02
GRID,2973,,1.215996e+00,6.096000e-01,9.561954e-02
GRID,2974,,1.215302e+00,1.238694e-01,3.835457e-02
GRID,2975,,1.217639e+00,-6.096000e-01,1.148623e-01
GRID,2976,,1.228975e+00,-1.097280e+00,9.619513e-02
GRID,2977,,1.221854e+00,6.096000e-01,2.845488e-02
GRID,2978,,1.218106e+00,-8.534400e-01,9.222335e-02
GRID,2979,,1.214212e+00,1.290729e+00,9.624020e-02
GRID,2980,,1.212633e+00,1.288847e+00,1.186024e-01
GRID,2981,,1.212675e+00,-1.288896e+00,8.391873e-02
GRID,2982,,1.217997e+00,-1.238861e-01,3.655291e-02
GRID,2983,,1.223415e+00,-8.534400e-01,1.545302e-01
GRID,2984,,1.223415e+00,8.534400e-01,1.545302e-01
GRID,2985,,1.224125e+00,1.097280e+00,9.709245e-02
GRID,2986,,1.229538e+00,1.097280e+00,1.289881e-01
GRID,2987,,1.224437e+00,1.341120e+00,1.114393e-01
GRID,2988,,1.221031e+00,-6.096000e-01,8.760271e-02
GRID,2989,,1.224141e+00,8.534400e-01,5.753825e-02
GRID,2990,,1.224068e+00,8.534400e-01,8.049144e-02
GRID,2991,,1.214892e+00,1.291539e+00,7.540125e-02
GRID,2992,,1.217593e+00,-1.294757e+00,1.124604e-01
GRID,2993,,1.234597e+00,1.239921e-01,6.009921e-02
GRID,2994,,1.226013e+00,-1.097280e+00,1.395018e-01
GRID,2995,,1.229120e+00,-1.097280e+00,1.511948e-01
GRID,2996,,1.229120e+00,1.097280e+00,1.511948e-01
GRID,2997,,1.226757e+00,1.097280e+00,6.330127e-02
GRID,2998,,1.230700e+00,-8.534400e-01,7.278240e-02
GRID,2999,,1.229684e+00,-1.097280e+00,3.492079e-02
GRID,3000,,1.229690e+00,1.097280e+00,3.492058e-02
GRID,3001,,1.227216e+00,-8.534400e-01,1.149085e-01
GRID,3002,,1.238237e+00,-1.097280e+00,1.233163e-01
GRID,3003,,1.222396e+00,-1.300481e+00,5.981544e-02
GRID,3004,,1.222396e+00,1.300481e+00,5.981544e-02
GRID,3005,,1.222396e+00,-1.300482e+00,1.391281e-01
GRID,3006,,1.222396e+00,1.300482e+00,1.391281e-01
GRID,3007,,1.233555e+00,-1.341120e+00,8.851228e-02
GRID,3008,,1.230754e+00,-1.341120e+00,6.511055e-02
GRID,3009,,1.230754e+00,1.341120e+00,6.511055e-02
GRID,3010,,1.228151e+00,-1.341120e+00,1.143646e-01
GRID,3011,,1.231324e+00,-1.341120e+00,1.366690e-01
GRID,3012,,1.231324e+00,1.341120e+00,1.366690e-01
GRID,3013,,1.233068e+00,-8.534400e-01,1.389844e-02
GRID,3014,,1.233071e+00,8.534400e-01,1.389845e-02
GRID,3015,,1.237609e+00,1.341120e+00,8.907298e-02
GRID,3016,,1.234597e+00,-1.239943e-01,8.404945e-02
GRID,3017,,1.234597e+00,1.239943e-01,8.404945e-02
GRID,3018,,1.234597e+00,-1.239878e-01,1.219871e-02
GRID,3019,,1.234597e+00,1.239878e-01,1.219871e-02
GRID,3020,,1.240323e+00,8.534400e-01,9.996688e-02
GRID,3021,,1.238282e+00,-8.534400e-01,3.286460e-02
GRID,3022,,1.239189e+00,-6.096000e-01,5.154861e-02
GRID,3023,,1.239189e+00,-6.096000e-01,7.648771e-02
GRID,3024,,1.239189e+00,6.096000e-01,7.648771e-02
GRID,3025,,1.239189e+00,6.096000e-01,5.154861e-02
GRID,3026,,1.239189e+00,-6.096000e-01,2.660952e-02
GRID,3027,,1.236739e+00,-8.534400e-01,1.360876e-01
GRID,3028,,1.229682e+00,1.309164e+00,1.112137e-01
GRID,3029,,1.228136e+00,-1.307323e+00,8.679238e-02
GRID,3030,,1.234597e+00,-1.239921e-01,6.009921e-02
GRID,3031,,1.228311e+00,1.307531e+00,8.255652e-02
GRID,3032,,1.239189e+00,-6.096000e-01,1.263659e-01
GRID,3033,,1.239189e+00,-6.096000e-01,1.513050e-01
GRID,3034,,1.239189e+00,6.096000e-01,1.513050e-01
GRID,3035,,1.239189e+00,-6.096000e-01,1.670421e-03
GRID,3036,,1.239189e+00,6.096000e-01,1.670421e-03
GRID,3037,,1.234597e+00,1.239900e-01,3.614896e-02
GRID,3038,,1.239189e+00,6.096000e-01,1.014268e-01
GRID,3039,,1.244649e+00,8.534400e-01,1.286677e-01
GRID,3040,,1.239189e+00,6.096000e-01,1.263659e-01
GRID,3041,,1.244898e+00,8.534400e-01,3.979261e-02
GRID,3042,,1.232598e+00,-1.312639e+00,1.148473e-01
GRID,3043,,1.239189e+00,-6.096000e-01,1.014268e-01
GRID,3044,,1.251539e+00,-1.097280e+00,6.714539e-02
GRID,3045,,1.246315e+00,-8.534400e-01,5.409637e-02
GRID,3046,,1.234597e+00,-1.239900e-01,3.614896e-02
GRID,3047,,1.240956e+00,-8.534400e-01,9.551961e-02
GRID,3048,,1.239189e+00,6.096000e-01,2.660952e-02
GRID,3049,,1.239446e+00,-1.320801e+00,6.125295e-02
GRID,3050,,1.239446e+00,1.320801e+00,6.125295e-02
GRID,3051,,1.239446e+00,-1.320801e+00,1.400807e-01
GRID,3052,,1.239446e+00,1.320801e+00,1.400807e-01
GRID,3053,,1.248608e+00,-8.534400e-01,1.549896e-01
GRID,3054,,1.248608e+00,8.534400e-01,1.549896e-01
GRID,3055,,1.246077e+00,8.534400e-01,7.038647e-02
GRID,3056,,1.246675e+00,1.097280e+00,8.144478e-02
GRID,3057,,1.245530e+00,1.097280e+00,1.094901e-01
GRID,3058,,1.256496e+00,1.341120e+00,1.149207e-01
GRID,3059,,1.254558e+00,-1.097280e+00,1.530511e-01
GRID,3060,,1.254239e+00,1.097280e+00,5.441243e-02
GRID,3061,,1.250927e+00,-8.534400e-01,1.166975e-01
GRID,3062,,1.243513e+00,-1.325648e+00,9.030270e-02
GRID,3063,,1.256496e+00,-1.341120e+00,1.149207e-01
GRID,3064,,1.243029e+00,1.325071e+00,8.691369e-02
GRID,3065,,1.263334e+00,-1.097280e+00,1.026458e-01
GRID,3066,,1.254558e+00,1.097280e+00,1.530511e-01
GRID,3067,,1.264901e+00,1.097280e+00,1.257350e-01
GRID,3068,,1.246106e+00,1.328739e+00,1.139562e-01
GRID,3069,,1.255120e+00,-1.097280e+00,3.411229e-02
GRID,3070,,1.255126e+00,1.097280e+00,3.411211e-02
GRID,3071,,1.254702e+00,-8.534400e-01,7.739403e-02
GRID,3072,,1.256496e+00,-1.341120e+00,6.269101e-02
GRID,3073,,1.256496e+00,1.341120e+00,6.269101e-02
GRID,3074,,1.256496e+00,-1.341120e+00,1.410356e-01
GRID,3075,,1.256496e+00,1.341120e+00,1.410356e-01
GRID,3076,,1.245477e+00,-1.327988e+00,1.207157e-01
GRID,3077,,1.258817e+00,-8.534400e-01,1.402528e-02
GRID,3078,,1.258821e+00,8.534400e-01,1.402531e-02
GRID,3079,,1.256496e+00,-1.341120e+00,8.880588e-02
GRID,3080,,1.234597e+00,-1.239921e-01,6.012300e-02
GRID,3081,,1.239189e+00,-1.240209e-01,6.012300e-02
GRID,3082,,1.239189e+00,-1.240231e-01,8.408783e-02
GRID,3083,,1.234597e+00,-1.239900e-01,3.617347e-02
GRID,3084,,1.234597e+00,1.239921e-01,6.011372e-02
GRID,3085,,1.239189e+00,1.240209e-01,6.011373e-02
GRID,3086,,1.239189e+00,1.240187e-01,3.616276e-02
GRID,3087,,1.234597e+00,1.239900e-01,3.616276e-02
GRID,3088,,1.239189e+00,1.240231e-01,8.408783e-02
GRID,3089,,1.239189e+00,-1.240166e-01,1.223707e-02
GRID,3090,,1.239189e+00,-1.240187e-01,3.617346e-02
GRID,3091,,1.239189e+00,1.240166e-01,1.223707e-02
GRID,3092,,1.260830e+00,-8.534400e-01,1.369322e-01
GRID,3093,,1.256496e+00,1.341120e+00,8.880588e-02
GRID,3094,,1.263074e+00,-1.097280e+00,1.309906e-01
GRID,3095,,1.264546e+00,-8.534400e-01,3.539003e-02
GRID,3096,,1.257477e+00,-6.096000e-01,2.551015e-02
GRID,3097,,1.264072e+00,-6.096000e-01,2.914892e-03
GRID,3098,,1.239189e+00,-6.096000e-01,1.670621e-03
GRID,3099,,1.239189e+00,-5.839177e-01,7.653691e-04
GRID,3100,,1.239189e+00,-5.817233e-01,1.891087e-02
GRID,3101,,1.239189e+00,-5.716445e-01,4.766786e-02
GRID,3102,,1.264062e+00,-6.096000e-01,5.026954e-02
GRID,3103,,1.239189e+00,-5.774985e-01,8.394782e-02
GRID,3104,,1.276032e+00,-6.096000e-01,7.116174e-02
GRID,3105,,1.267740e+00,-6.096000e-01,9.565509e-02
GRID,3106,,1.239189e+00,-5.786706e-01,1.203902e-01
GRID,3107,,1.265343e+00,-6.096000e-01,1.233839e-01
GRID,3108,,1.239189e+00,-5.838178e-01,1.508997e-01
GRID,3109,,1.264096e+00,-6.096000e-01,1.501540e-01
GRID,3110,,1.239189e+00,-5.582599e-01,-6.500834e-04
GRID,3111,,1.239189e+00,-5.580430e-01,1.513409e-01
GRID,3112,,1.239189e+00,-5.497617e-01,2.109999e-02
GRID,3113,,1.239189e+00,-5.433260e-01,1.150129e-01
GRID,3114,,1.239189e+00,-5.409417e-01,7.577153e-02
GRID,3115,,1.239189e+00,-5.335955e-01,4.466555e-02
GRID,3116,,1.239189e+00,-5.326572e-01,-2.866017e-03
GRID,3117,,1.239189e+00,-5.323325e-01,1.533285e-01
GRID,3118,,1.239189e+00,-5.192678e-01,1.725788e-02
GRID,3119,,1.239189e+00,-5.073183e-01,9.895098e-02
GRID,3120,,1.239189e+00,-5.074448e-01,1.316281e-01
GRID,3121,,1.239189e+00,-5.063918e-01,6.395583e-02
GRID,3122,,1.239189e+00,-5.039619e-01,3.602925e-02
GRID,3123,,1.239189e+00,-5.070677e-01,-5.227246e-03
GRID,3124,,1.239189e+00,-5.066739e-01,1.558740e-01
GRID,3125,,1.239189e+00,-4.901877e-01,1.682906e-02
GRID,3126,,1.239189e+00,-4.749751e-01,1.232053e-01
GRID,3127,,1.239189e+00,-4.810444e-01,1.587002e-01
GRID,3128,,1.239189e+00,-4.790621e-01,8.206143e-02
GRID,3129,,1.239189e+00,-4.814797e-01,-7.605456e-03
GRID,3130,,1.239189e+00,-4.797494e-01,4.537290e-02
GRID,3131,,1.239189e+00,-4.574983e-01,1.933820e-02
GRID,3132,,1.239189e+00,-4.558921e-01,-9.987811e-03
GRID,3133,,1.239189e+00,-4.554424e-01,1.617645e-01
GRID,3134,,1.239189e+00,-4.545092e-01,5.957433e-02
GRID,3135,,1.239189e+00,-4.524132e-01,9.838114e-02
GRID,3136,,1.239189e+00,-4.430324e-01,1.337540e-01
GRID,3137,,1.239189e+00,-4.303053e-01,-1.237818e-02
GRID,3138,,1.239189e+00,-4.302043e-01,3.444176e-02
GRID,3139,,1.239189e+00,-4.298683e-01,1.650527e-01
GRID,3140,,1.239189e+00,-4.293967e-01,7.630580e-02
GRID,3141,,1.239189e+00,-4.247442e-01,1.114840e-01
GRID,3142,,1.239189e+00,-4.156987e-01,1.422212e-01
GRID,3143,,1.239189e+00,-4.047195e-01,-1.477916e-02
GRID,3144,,1.239189e+00,-4.011478e-01,1.704601e-02
GRID,3145,,1.239189e+00,-4.058917e-01,5.664462e-02
GRID,3146,,1.239189e+00,-4.043219e-01,1.685497e-01
GRID,3147,,1.239189e+00,-4.027298e-01,9.279681e-02
GRID,3148,,1.239189e+00,-3.981717e-01,1.234327e-01
GRID,3149,,1.239189e+00,-3.895297e-01,1.490971e-01
GRID,3150,,1.239189e+00,-3.803836e-01,4.210443e-02
GRID,3151,,1.239189e+00,-3.771862e-01,7.243703e-02
GRID,3152,,1.239189e+00,-3.791349e-01,-1.719335e-02
GRID,3153,,1.239189e+00,-3.788020e-01,1.722343e-01
GRID,3154,,1.239189e+00,-3.727548e-01,1.032576e-01
GRID,3155,,1.239189e+00,-3.616570e-01,1.535122e-02
GRID,3156,,1.239189e+00,-3.734325e-01,1.294626e-01
GRID,3157,,1.239189e+00,-3.623741e-01,1.494582e-01
GRID,3158,,1.239189e+00,-3.494039e-01,4.771680e-02
GRID,3159,,1.239189e+00,-3.535518e-01,-1.962314e-02
GRID,3160,,1.239189e+00,-3.533062e-01,1.760824e-01
GRID,3161,,1.239189e+00,-3.448453e-01,8.277814e-02
GRID,3162,,1.239189e+00,-3.426390e-01,1.190396e-01
GRID,3163,,1.239189e+00,-3.362720e-01,1.504070e-01
GRID,3164,,1.239189e+00,-3.403747e-01,-2.197403e-03
GRID,3165,,1.239189e+00,-3.191774e-01,1.715326e-02
GRID,3166,,1.239189e+00,-3.279710e-01,-2.207693e-02
GRID,3167,,1.239189e+00,-3.278306e-01,1.800622e-01
GRID,3168,,1.239189e+00,-3.147708e-01,5.764172e-02
GRID,3169,,1.239189e+00,-3.113992e-01,9.446644e-02
GRID,3170,,1.239189e+00,-3.051471e-01,1.309488e-01
GRID,3171,,1.239189e+00,-3.110699e-01,1.601061e-01
GRID,3172,,1.239189e+00,-3.023941e-01,-2.457150e-02
GRID,3173,,1.239189e+00,-3.023708e-01,1.841417e-01
GRID,3174,,1.239189e+00,-2.813694e-01,2.570415e-03
GRID,3175,,1.239189e+00,-2.813058e-01,3.768388e-02
GRID,3176,,1.239189e+00,-2.773444e-01,7.414396e-02
GRID,3177,,1.239189e+00,-2.792437e-01,1.066873e-01
GRID,3178,,1.239189e+00,-2.844539e-01,1.587888e-01
GRID,3179,,1.239189e+00,-2.633505e-01,1.325926e-01
GRID,3180,,1.239189e+00,-2.768247e-01,-2.714008e-02
GRID,3181,,1.239189e+00,-2.769209e-01,1.882828e-01
GRID,3182,,1.239189e+00,-2.565873e-01,1.629078e-01
GRID,3183,,1.239189e+00,-2.504648e-01,-1.060056e-02
GRID,3184,,1.239189e+00,-2.469521e-01,1.947973e-02
GRID,3185,,1.239189e+00,-2.423454e-01,5.648519e-02
GRID,3186,,1.239189e+00,-2.383824e-01,9.914861e-02
GRID,3187,,1.239189e+00,-2.514756e-01,1.924520e-01
GRID,3188,,1.239189e+00,-2.512685e-01,-2.983993e-02
GRID,3189,,1.239189e+00,-2.248192e-01,1.398116e-01
GRID,3190,,1.239189e+00,-2.343070e-01,1.738027e-01
GRID,3191,,1.239189e+00,-2.260293e-01,1.966146e-01
GRID,3192,,1.239189e+00,-2.257369e-01,-3.275890e-02
GRID,3193,,1.239189e+00,-2.204314e-01,-3.289001e-03
GRID,3194,,1.239189e+00,-2.090099e-01,3.348981e-02
GRID,3195,,1.239189e+00,-2.051874e-01,7.422752e-02
GRID,3196,,1.239189e+00,-1.935376e-01,1.122457e-01
GRID,3197,,1.239189e+00,-2.095433e-01,1.716494e-01
GRID,3198,,1.239189e+00,-2.005734e-01,2.007189e-01
GRID,3199,,1.239189e+00,-2.002425e-01,-3.599419e-02
GRID,3200,,1.239189e+00,-1.853731e-01,1.500394e-01
GRID,3201,,1.239189e+00,-1.951810e-01,1.749766e-03
GRID,3202,,1.239189e+00,-1.871591e-01,1.828726e-01
GRID,3203,,1.239189e+00,-1.755930e-01,2.300410e-02
GRID,3204,,1.239189e+00,-1.778733e-01,5.344532e-02
GRID,3205,,1.239189e+00,-1.750413e-01,8.249855e-02
GRID,3206,,1.239189e+00,-1.750972e-01,2.046924e-01
GRID,3207,,1.239189e+00,-1.747994e-01,-3.960571e-02
GRID,3208,,1.239189e+00,-1.732549e-01,-8.425661e-03
GRID,3209,,1.239189e+00,-1.527552e-01,9.837980e-02
GRID,3210,,1.239189e+00,-1.552121e-01,1.269378e-01
GRID,3211,,1.239189e+00,-1.655448e-01,1.795950e-01
GRID,3212,,1.239189e+00,-1.499452e-01,1.544472e-01
GRID,3213,,1.239189e+00,-1.492561e-01,4.132497e-02
GRID,3214,,1.239189e+00,-1.487912e-01,6.872778e-02
GRID,3215,,1.239189e+00,-1.486356e-01,1.364080e-02
GRID,3216,,1.239189e+00,-1.495877e-01,2.084512e-01
GRID,3217,,1.239189e+00,-1.494037e-01,-4.353846e-02
GRID,3218,,1.239189e+00,-1.489996e-01,-1.504893e-02
GRID,3219,,1.239189e+00,-1.439060e-01,1.783564e-01
GRID,3220,,1.239189e+00,-1.240187e-01,1.081196e-01
GRID,3221,,1.239189e+00,-1.240188e-01,1.340663e-01
GRID,3222,,1.239189e+00,-1.240186e-01,8.217278e-02
GRID,3223,,1.239189e+00,-1.240189e-01,1.600131e-01
GRID,3224,,1.239189e+00,-1.240190e-01,1.859599e-01
GRID,3225,,1.239189e+00,-1.240191e-01,2.119067e-01
GRID,3226,,1.239189e+00,-1.240182e-01,-2.161435e-02
GRID,3227,,1.239189e+00,-1.240181e-01,-4.756114e-02
GRID,3228,,1.239189e+00,-1.240184e-01,3.027921e-02
GRID,3229,,1.239189e+00,-1.240185e-01,5.622600e-02
GRID,3230,,1.239189e+00,-1.240183e-01,4.332429e-03
GRID,3231,,1.239189e+00,-1.240209e-01,6.014673e-02
GRID,3232,,1.242229e+00,-1.240399e-01,6.014673e-02
GRID,3233,,1.242229e+00,-1.240421e-01,8.411322e-02
GRID,3234,,1.239189e+00,-1.240187e-01,3.619695e-02
GRID,3235,,1.242229e+00,-1.240378e-01,3.619695e-02
GRID,3236,,1.239189e+00,-9.640413e-02,1.962913e-01
GRID,3237,,1.239189e+00,-9.931321e-02,2.148518e-01
GRID,3238,,1.239189e+00,-1.240190e-01,1.795772e-01
GRID,3239,,1.239189e+00,-9.523518e-02,1.704042e-01
GRID,3240,,1.239189e+00,-9.738106e-02,1.434023e-01
GRID,3241,,1.239189e+00,-9.708427e-02,1.155660e-01
GRID,3242,,1.242229e+00,-1.240356e-01,1.226247e-02
GRID,3243,,1.239189e+00,-1.059699e-01,9.341692e-02
GRID,3244,,1.239189e+00,-1.240185e-01,5.622600e-02
GRID,3245,,1.239189e+00,-1.025195e-01,6.700331e-02
GRID,3246,,1.239189e+00,-1.068909e-01,4.119144e-02
GRID,3247,,1.239189e+00,-9.213819e-02,1.749603e-02
GRID,3248,,1.239189e+00,-9.834178e-02,-1.416679e-02
GRID,3249,,1.239189e+00,-9.936524e-02,-5.122261e-02
GRID,3250,,1.239189e+00,-8.897761e-02,4.502997e-02
GRID,3251,,1.239189e+00,-8.561918e-02,8.799706e-02
GRID,3252,,1.239189e+00,-7.672755e-02,6.467428e-02
GRID,3253,,1.239189e+00,-7.577908e-02,-2.860106e-02
GRID,3254,,1.239189e+00,-7.463596e-02,-5.434219e-02
GRID,3255,,1.239189e+00,-7.455386e-02,2.173193e-01
GRID,3256,,1.239189e+00,-7.506115e-02,-3.500350e-03
GRID,3257,,1.239189e+00,-7.642124e-02,1.283126e-01
GRID,3258,,1.239189e+00,-6.780537e-02,1.516814e-01
GRID,3259,,1.239189e+00,-6.939021e-02,1.057607e-01
GRID,3260,,1.239189e+00,-6.492201e-02,1.837776e-01
GRID,3261,,1.239189e+00,-6.062636e-02,1.614907e-02
GRID,3262,,1.239189e+00,-6.690701e-02,3.971752e-02
GRID,3263,,1.239189e+00,-6.125278e-02,8.174756e-02
GRID,3264,,1.239189e+00,-5.126152e-02,5.717071e-02
GRID,3265,,1.239189e+00,-5.384559e-02,1.232746e-01
GRID,3266,,1.239189e+00,-5.267464e-02,-3.559559e-02
GRID,3267,,1.239189e+00,-5.397105e-02,-1.006248e-02
GRID,3268,,1.239189e+00,-4.982979e-02,-5.670110e-02
GRID,3269,,1.239189e+00,-4.427554e-02,2.030163e-01
GRID,3270,,1.239189e+00,-4.974774e-02,2.192039e-01
GRID,3271,,1.239189e+00,-4.563089e-02,9.855622e-02
GRID,3272,,1.239189e+00,-3.850782e-02,1.395135e-01
GRID,3273,,1.239189e+00,-4.381479e-02,1.630629e-01
GRID,3274,,1.239189e+00,-3.586859e-02,3.173687e-02
GRID,3275,,1.239189e+00,-3.216025e-02,1.817775e-01
GRID,3276,,1.239189e+00,-3.674451e-02,7.456342e-02
GRID,3277,,1.239189e+00,-3.371850e-02,5.525382e-03
GRID,3278,,1.239189e+00,-3.170343e-02,-1.938581e-02
GRID,3279,,1.239189e+00,-2.857801e-02,1.150677e-01
GRID,3280,,1.239189e+00,-2.732221e-02,-4.054071e-02
GRID,3281,,1.239189e+00,-2.855750e-02,5.413255e-02
GRID,3282,,1.239189e+00,-2.494511e-02,-5.816609e-02
GRID,3283,,1.239189e+00,-2.489333e-02,2.204052e-01
GRID,3284,,1.239189e+00,-2.116803e-02,9.140601e-02
GRID,3285,,1.239189e+00,-1.587199e-02,1.990671e-01
GRID,3286,,1.239189e+00,-2.241050e-02,1.566134e-01
GRID,3287,,1.239189e+00,-1.308421e-02,1.327602e-01
GRID,3288,,1.239189e+00,-1.263940e-02,6.672712e-02
GRID,3289,,1.239189e+00,-5.906292e-03,1.496244e-02
GRID,3290,,1.239189e+00,-7.788385e-03,4.191897e-02
GRID,3291,,1.239189e+00,-1.346185e-02,-7.886377e-03
GRID,3292,,1.239189e+00,-6.534233e-03,1.743491e-01
GRID,3293,,1.239189e+00,-7.829900e-03,-3.018712e-02
GRID,3294,,1.239189e+00,1.986179e-03,1.091551e-01
GRID,3295,,1.239189e+00,-2.678981e-05,-5.866467e-02
GRID,3296,,1.239189e+00,-1.623778e-05,2.208280e-01
GRID,3297,,1.239189e+00,-1.239940e-03,1.514413e-01
GRID,3298,,1.239189e+00,8.555703e-04,8.324054e-02
GRID,3299,,1.239189e+00,9.671981e-03,1.938480e-01
GRID,3300,,1.239189e+00,8.417423e-03,-1.304430e-02
GRID,3301,,1.239189e+00,1.426235e-02,1.332863e-01
GRID,3302,,1.239189e+00,1.322043e-02,6.166833e-02
GRID,3303,,1.239189e+00,1.244000e-02,-3.796568e-02
GRID,3304,,1.239189e+00,1.568315e-02,3.284551e-02
GRID,3305,,1.239189e+00,2.029742e-02,1.629966e-01
GRID,3306,,1.239189e+00,2.304346e-02,4.772129e-03
GRID,3307,,1.239189e+00,2.489521e-02,-5.816808e-02
GRID,3308,,1.239189e+00,2.486299e-02,2.204067e-01
GRID,3309,,1.239189e+00,2.207103e-02,8.853722e-02
GRID,3310,,1.239189e+00,3.499088e-02,1.129905e-01
GRID,3311,,1.239189e+00,3.223351e-02,-2.812896e-02
GRID,3312,,1.239189e+00,3.549010e-02,1.918086e-01
GRID,3313,,1.239189e+00,3.533247e-02,4.772374e-02
GRID,3314,,1.239189e+00,3.830153e-02,7.076617e-02
GRID,3315,,1.239189e+00,4.054353e-02,1.404310e-01
GRID,3316,,1.239189e+00,3.882482e-02,2.358671e-02
GRID,3317,,1.239189e+00,4.982574e-02,1.670143e-01
GRID,3318,,1.239189e+00,4.441460e-02,9.094138e-02
GRID,3319,,1.239189e+00,4.645228e-02,-1.739564e-03
GRID,3320,,1.239189e+00,4.971674e-02,2.192060e-01
GRID,3321,,1.239189e+00,4.977886e-02,-5.670504e-02
GRID,3322,,1.239189e+00,5.265414e-02,-2.575285e-02
GRID,3323,,1.239189e+00,6.428097e-02,1.021918e-01
GRID,3324,,1.239189e+00,6.288457e-02,1.241225e-01
GRID,3325,,1.239189e+00,5.426171e-02,3.646053e-02
GRID,3326,,1.239189e+00,5.864310e-02,5.721245e-02
GRID,3327,,1.239189e+00,6.360682e-02,1.931291e-01
GRID,3328,,1.239189e+00,6.250211e-02,7.874079e-02
GRID,3329,,1.239189e+00,6.400165e-02,1.688704e-02
GRID,3330,,1.239189e+00,6.782867e-02,1.483901e-01
GRID,3331,,1.239189e+00,7.125630e-02,-6.482531e-03
GRID,3332,,1.239189e+00,7.452446e-02,2.173215e-01
GRID,3333,,1.239189e+00,7.267833e-02,-3.184770e-02
GRID,3334,,1.239189e+00,7.458797e-02,-5.434785e-02
GRID,3335,,1.239189e+00,7.859210e-02,1.718287e-01
GRID,3336,,1.239189e+00,7.683258e-02,3.832234e-02
GRID,3337,,1.239189e+00,8.214552e-02,6.256342e-02
GRID,3338,,1.239189e+00,8.576112e-02,8.725492e-02
GRID,3339,,1.239189e+00,9.226356e-02,1.131652e-01
GRID,3340,,1.239189e+00,8.494753e-02,1.342840e-01
GRID,3341,,1.239189e+00,9.501725e-02,1.948566e-01
GRID,3342,,1.239189e+00,9.455286e-02,1.583911e-02
GRID,3343,,1.239189e+00,9.440242e-02,1.539159e-01
GRID,3344,,1.239189e+00,9.686261e-02,-1.193875e-02
GRID,3345,,1.239189e+00,9.771313e-02,-3.420795e-02
GRID,3346,,1.239189e+00,9.928423e-02,2.148563e-01
GRID,3347,,1.239189e+00,9.931735e-02,-5.122917e-02
GRID,3348,,1.239189e+00,1.011026e-01,4.464068e-02
GRID,3349,,1.239189e+00,1.041221e-01,1.746243e-01
GRID,3350,,1.239189e+00,1.045412e-01,6.979781e-02
GRID,3351,,1.239189e+00,1.078471e-01,1.341204e-01
GRID,3352,,1.239189e+00,1.067710e-01,9.268613e-02
GRID,3353,,1.239189e+00,1.240187e-01,1.081195e-01
GRID,3354,,1.239189e+00,1.240189e-01,1.600131e-01
GRID,3355,,1.239189e+00,1.240183e-01,4.332235e-03
GRID,3356,,1.239189e+00,1.240184e-01,3.027905e-02
GRID,3357,,1.239189e+00,1.240190e-01,1.859599e-01
GRID,3358,,1.239189e+00,1.240191e-01,2.119067e-01
GRID,3359,,1.239189e+00,1.240182e-01,-2.161458e-02
GRID,3360,,1.239189e+00,1.240181e-01,-4.756139e-02
GRID,3361,,1.239189e+00,1.240185e-01,5.622586e-02
GRID,3362,,1.239189e+00,1.240190e-01,1.795632e-01
GRID,3363,,1.239189e+00,1.240186e-01,8.217267e-02
GRID,3364,,1.239189e+00,1.240188e-01,1.340663e-01
GRID,3365,,1.239189e+00,1.240187e-01,3.620309e-02
GRID,3366,,1.242229e+00,1.240356e-01,1.226247e-02
GRID,3367,,1.239189e+00,1.494169e-01,-4.353620e-02
GRID,3368,,1.239189e+00,1.565854e-01,-2.376535e-02
GRID,3369,,1.239189e+00,1.497047e-01,-3.097400e-03
GRID,3370,,1.239189e+00,1.427608e-01,1.788783e-02
GRID,3371,,1.239189e+00,1.510428e-01,3.948635e-02
GRID,3372,,1.239189e+00,1.240185e-01,5.622586e-02
GRID,3373,,1.239189e+00,1.448766e-01,6.625417e-02
GRID,3374,,1.239189e+00,1.428602e-01,9.040530e-02
GRID,3375,,1.239189e+00,1.528128e-01,1.129177e-01
GRID,3376,,1.239189e+00,1.240209e-01,6.015382e-02
GRID,3377,,1.242229e+00,1.240378e-01,3.620309e-02
GRID,3378,,1.239189e+00,1.457332e-01,1.423687e-01
GRID,3379,,1.239189e+00,1.405009e-01,1.674369e-01
GRID,3380,,1.239189e+00,1.493073e-01,1.874847e-01
GRID,3381,,1.239189e+00,1.495723e-01,2.084538e-01
GRID,3382,,1.242229e+00,1.240399e-01,6.015382e-02
GRID,3383,,1.242229e+00,1.240421e-01,8.411322e-02
GRID,3384,,1.239189e+00,1.611209e-01,1.602652e-01
GRID,3385,,1.239189e+00,1.716187e-01,1.508811e-02
GRID,3386,,1.239189e+00,1.666443e-01,8.342506e-02
GRID,3387,,1.239189e+00,1.661068e-01,5.814543e-02
GRID,3388,,1.239189e+00,1.742813e-01,1.316169e-01
GRID,3389,,1.239189e+00,1.786703e-01,1.803353e-01
GRID,3390,,1.239189e+00,1.750817e-01,2.046942e-01
GRID,3391,,1.239189e+00,1.748118e-01,-3.960417e-02
GRID,3392,,1.239189e+00,1.839260e-01,-1.129268e-02
GRID,3393,,1.239189e+00,1.842398e-01,3.696419e-02
GRID,3394,,1.239189e+00,1.936904e-01,1.010008e-01
GRID,3395,,1.239189e+00,1.851973e-01,1.560233e-01
GRID,3396,,1.239189e+00,1.907372e-01,6.543541e-02
GRID,3397,,1.239189e+00,2.076954e-01,1.211201e-02
GRID,3398,,1.239189e+00,2.115085e-01,1.350358e-01
GRID,3399,,1.239189e+00,2.002540e-01,-3.599270e-02
GRID,3400,,1.239189e+00,2.005585e-01,2.007213e-01
GRID,3401,,1.239189e+00,2.061770e-01,1.717821e-01
GRID,3402,,1.239189e+00,2.188429e-01,-1.424100e-02
GRID,3403,,1.239189e+00,2.090461e-01,4.070384e-02
GRID,3404,,1.239189e+00,2.200430e-01,6.919668e-02
GRID,3405,,1.239189e+00,2.327123e-01,1.010561e-01
GRID,3406,,1.239189e+00,2.257475e-01,-3.275760e-02
GRID,3407,,1.239189e+00,2.260146e-01,1.966168e-01
GRID,3408,,1.239189e+00,2.332348e-01,1.661344e-01
GRID,3409,,1.239189e+00,2.444049e-01,-5.486380e-04
GRID,3410,,1.239189e+00,2.344800e-01,3.364059e-02
GRID,3411,,1.239189e+00,2.490870e-01,1.320809e-01
GRID,3412,,1.239189e+00,2.512785e-01,-2.983883e-02
GRID,3413,,1.239189e+00,2.529232e-01,6.419170e-02
GRID,3414,,1.239189e+00,2.514612e-01,1.924542e-01
GRID,3415,,1.239189e+00,2.766157e-01,9.586153e-02
GRID,3416,,1.239189e+00,2.623274e-01,1.635987e-01
GRID,3417,,1.239189e+00,2.659057e-01,2.032387e-02
GRID,3418,,1.239189e+00,2.768338e-01,-2.713917e-02
GRID,3419,,1.239189e+00,2.851050e-01,1.349789e-01
GRID,3420,,1.239189e+00,2.769067e-01,1.882852e-01
GRID,3421,,1.239189e+00,2.871313e-01,4.840425e-02
GRID,3422,,1.239189e+00,2.892211e-01,1.661848e-01
GRID,3423,,1.239189e+00,2.964660e-01,4.552578e-03
GRID,3424,,1.239189e+00,3.157274e-01,7.222483e-02
GRID,3425,,1.239189e+00,3.163574e-01,1.127788e-01
GRID,3426,,1.239189e+00,3.024026e-01,-2.457066e-02
GRID,3427,,1.239189e+00,3.023567e-01,1.841440e-01
GRID,3428,,1.239189e+00,3.182306e-01,1.500740e-01
GRID,3429,,1.239189e+00,3.198367e-01,2.645612e-02
GRID,3430,,1.239189e+00,3.279786e-01,-2.207619e-02
GRID,3431,,1.239189e+00,3.278168e-01,1.800644e-01
GRID,3432,,1.239189e+00,3.518694e-01,4.668449e-02
GRID,3433,,1.239189e+00,3.522593e-01,8.757272e-02
GRID,3434,,1.239189e+00,3.506029e-01,1.274634e-01
GRID,3435,,1.239189e+00,3.510937e-01,1.574713e-01
GRID,3436,,1.239189e+00,3.499556e-01,7.012418e-03
GRID,3437,,1.239189e+00,3.532925e-01,1.760843e-01
GRID,3438,,1.239189e+00,3.535586e-01,-1.962250e-02
GRID,3439,,1.239189e+00,3.791409e-01,-1.719275e-02
GRID,3440,,1.239189e+00,3.807462e-01,1.873763e-02
GRID,3441,,1.239189e+00,3.850587e-01,1.076542e-01
GRID,3442,,1.239189e+00,3.822418e-01,1.440411e-01
GRID,3443,,1.239189e+00,3.787886e-01,1.722366e-01
GRID,3444,,1.239189e+00,3.904374e-01,6.273386e-02
GRID,3445,,1.239189e+00,4.043088e-01,1.685517e-01
GRID,3446,,1.239189e+00,4.047247e-01,-1.477867e-02
GRID,3447,,1.239189e+00,4.123618e-01,2.314325e-02
GRID,3448,,1.239189e+00,4.146997e-01,1.338486e-01
GRID,3449,,1.239189e+00,4.193717e-01,9.313163e-02
GRID,3450,,1.239189e+00,4.309884e-01,5.519244e-02
GRID,3451,,1.239189e+00,4.298553e-01,1.650542e-01
GRID,3452,,1.239189e+00,4.303097e-01,-1.237780e-02
GRID,3453,,1.239189e+00,4.447297e-01,1.991819e-02
GRID,3454,,1.239189e+00,4.471704e-01,1.157994e-01
GRID,3455,,1.239189e+00,4.424991e-01,1.437761e-01
GRID,3456,,1.239189e+00,4.571483e-01,8.414145e-02
GRID,3457,,1.239189e+00,4.554297e-01,1.617658e-01
GRID,3458,,1.239189e+00,4.558957e-01,-9.987505e-03
GRID,3459,,1.239189e+00,4.658195e-01,4.959633e-02
GRID,3460,,1.239189e+00,4.674567e-01,1.369355e-01
GRID,3461,,1.239189e+00,4.744659e-01,1.846723e-02
GRID,3462,,1.239189e+00,4.871963e-01,1.095715e-01
GRID,3463,,1.239189e+00,4.810317e-01,1.587018e-01
GRID,3464,,1.239189e+00,4.814825e-01,-7.605157e-03
GRID,3465,,1.239189e+00,4.938145e-01,7.591093e-02
GRID,3466,,1.239189e+00,4.973169e-01,4.415036e-02
GRID,3467,,1.239189e+00,4.921424e-01,1.386382e-01
GRID,3468,,1.239189e+00,5.009727e-01,1.670630e-02
GRID,3469,,1.239189e+00,5.066614e-01,1.558754e-01
GRID,3470,,1.239189e+00,5.070696e-01,-5.227065e-03
GRID,3471,,1.239189e+00,5.307781e-01,9.756290e-02
GRID,3472,,1.239189e+00,5.193723e-01,1.281348e-01
GRID,3473,,1.239189e+00,5.257664e-01,6.289351e-02
GRID,3474,,1.239189e+00,5.239543e-01,3.487177e-02
GRID,3475,,1.239189e+00,5.219771e-01,1.232669e-02
GRID,3476,,1.239189e+00,5.323186e-01,1.533299e-01
GRID,3477,,1.239189e+00,5.326583e-01,-2.865919e-03
GRID,3478,,1.239189e+00,5.541635e-01,1.271518e-01
GRID,3479,,1.239189e+00,5.448289e-01,1.998339e-02
GRID,3480,,1.239189e+00,5.520292e-01,4.628076e-02
GRID,3481,,1.239189e+00,5.586465e-01,7.481328e-02
GRID,3482,,1.239189e+00,5.718150e-01,1.018391e-01
GRID,3483,,1.239189e+00,5.580315e-01,1.513412e-01
GRID,3484,,1.239189e+00,5.582601e-01,-6.502733e-04
GRID,3485,,1.239189e+00,5.730948e-01,2.596843e-02
GRID,3486,,1.239189e+00,5.825697e-01,5.113799e-02
GRID,3487,,1.239189e+00,5.878948e-01,1.259456e-01
GRID,3488,,1.239189e+00,5.838113e-01,1.508996e-01
GRID,3489,,1.239189e+00,5.839241e-01,7.656633e-04
GRID,3490,,1.239189e+00,5.899359e-01,7.756267e-02
GRID,3491,,1.239189e+00,6.096000e-01,1.670633e-03
GRID,3492,,1.257851e+00,6.096000e-01,1.885905e-02
GRID,3493,,1.264072e+00,6.096000e-01,2.914878e-03
GRID,3494,,1.268093e+00,6.096000e-01,3.999353e-02
GRID,3495,,1.273729e+00,6.096000e-01,6.318496e-02
GRID,3496,,1.275432e+00,6.096000e-01,9.064729e-02
GRID,3497,,1.267128e+00,6.096000e-01,1.171110e-01
GRID,3498,,1.264097e+00,6.096000e-01,1.501539e-01
GRID,3499,,1.256496e+00,-1.341120e+00,1.410354e-01
GRID,3500,,1.256496e+00,1.341120e+00,1.410354e-01
GRID,3501,,1.266581e+00,8.534400e-01,8.284541e-02
GRID,3502,,1.269506e+00,8.534400e-01,1.078518e-01
GRID,3503,,1.264536e+00,-8.534400e-01,9.864746e-02
GRID,3504,,1.242229e+00,-1.240399e-01,6.016297e-02
GRID,3505,,1.258785e+00,-1.241436e-01,6.006107e-02
GRID,3506,,1.268648e+00,-1.242075e-01,8.433393e-02
GRID,3507,,1.242229e+00,-1.240378e-01,3.621272e-02
GRID,3508,,1.263193e+00,-1.241689e-01,3.548495e-02
GRID,3509,,1.267441e+00,-1.241934e-01,1.247310e-02
GRID,3510,,1.242229e+00,1.240378e-01,3.621272e-02
GRID,3511,,1.262526e+00,1.241646e-01,3.399286e-02
GRID,3512,,1.267412e+00,1.241933e-01,1.247286e-02
GRID,3513,,1.242229e+00,1.240399e-01,6.016297e-02
GRID,3514,,1.258777e+00,1.241435e-01,5.967845e-02
GRID,3515,,1.268648e+00,1.242075e-01,8.433393e-02
GRID,3516,,1.272541e+00,8.534400e-01,1.344572e-01
GRID,3517,,1.267834e+00,8.534400e-01,3.226567e-02
GRID,3518,,1.266758e+00,8.534400e-01,5.554286e-02
GRID,3519,,1.263243e+00,1.097280e+00,9.711839e-02
GRID,3520,,1.270497e+00,-8.534400e-01,5.790477e-02
GRID,3521,,1.272771e+00,1.097280e+00,6.997281e-02
GRID,3522,,1.273805e+00,-8.534400e-01,1.552089e-01
GRID,3523,,1.273805e+00,8.534400e-01,1.552089e-01
GRID,3524,,1.274351e+00,-8.534400e-01,1.190636e-01
GRID,3525,,1.284899e+00,-1.097280e+00,7.984795e-02
GRID,3526,,1.283539e+00,-1.097280e+00,5.330726e-02
GRID,3527,,1.280566e+00,1.097280e+00,3.344790e-02
GRID,3528,,1.280014e+00,-1.097280e+00,1.546633e-01
GRID,3529,,1.280014e+00,1.097280e+00,1.546633e-01
GRID,3530,,1.277873e+00,-8.534400e-01,8.070177e-02
GRID,3531,,1.280560e+00,-1.097280e+00,3.344804e-02
GRID,3532,,1.281325e+00,-1.341120e+00,1.448034e-01
GRID,3533,,1.285998e+00,-1.341120e+00,1.078497e-01
GRID,3534,,1.281771e+00,1.341120e+00,9.653081e-02
GRID,3535,,1.283501e+00,1.341120e+00,1.247700e-01
GRID,3536,,1.281325e+00,1.341120e+00,1.448034e-01
GRID,3537,,1.284336e+00,-1.341120e+00,7.994518e-02
GRID,3538,,1.282300e+00,-1.341120e+00,6.063819e-02
GRID,3539,,1.273214e+00,-1.361043e+00,8.132967e-02
GRID,3540,,1.273546e+00,-1.361439e+00,6.413007e-02
GRID,3541,,1.274729e+00,-1.362849e+00,1.015678e-01
GRID,3542,,1.275238e+00,-1.363456e+00,1.234384e-01
GRID,3543,,1.273546e+00,-1.361439e+00,1.419919e-01
GRID,3544,,1.282303e+00,1.341120e+00,6.063794e-02
GRID,3545,,1.265999e+00,1.352446e+00,8.835009e-02
GRID,3546,,1.273546e+00,1.361439e+00,6.413007e-02
GRID,3547,,1.269648e+00,1.356794e+00,1.149353e-01
GRID,3548,,1.273546e+00,1.361439e+00,1.419919e-01
GRID,3549,,1.280087e+00,-6.096000e-01,2.614646e-02
GRID,3550,,1.279427e+00,6.096000e-01,2.242943e-02
GRID,3551,,1.279653e+00,1.242741e-01,5.904461e-02
GRID,3552,,1.279825e+00,-1.242752e-01,5.942266e-02
GRID,3553,,1.284564e+00,-8.534400e-01,1.438962e-02
GRID,3554,,1.284568e+00,8.534400e-01,1.438970e-02
GRID,3555,,1.281770e+00,-8.534400e-01,1.376009e-01
GRID,3556,,1.287477e+00,1.243209e-01,3.457083e-02
GRID,3557,,1.288831e+00,-1.097280e+00,1.286435e-01
GRID,3558,,1.286962e+00,-1.243177e-01,3.547363e-02
GRID,3559,,1.282384e+00,1.097280e+00,9.684991e-02
GRID,3560,,1.297502e+00,-1.097280e+00,1.051049e-01
GRID,3561,,1.291349e+00,-6.096000e-01,4.826611e-02
GRID,3562,,1.288949e+00,6.096000e-01,4.266217e-03
GRID,3563,,1.288949e+00,-6.096000e-01,4.266234e-03
GRID,3564,,1.288994e+00,-6.096000e-01,1.488381e-01
GRID,3565,,1.285469e+00,6.096000e-01,1.310054e-01
GRID,3566,,1.288995e+00,6.096000e-01,1.488380e-01
GRID,3567,,1.287966e+00,-8.534400e-01,1.017455e-01
GRID,3568,,1.289349e+00,-8.534400e-01,3.736766e-02
GRID,3569,,1.291652e+00,1.097280e+00,1.264138e-01
GRID,3570,,1.291162e+00,-6.096000e-01,1.196724e-01
GRID,3571,,1.279837e+00,1.368937e+00,8.862376e-02
GRID,3572,,1.285040e+00,8.534400e-01,6.538052e-02
GRID,3573,,1.296672e+00,8.534400e-01,8.899882e-02
GRID,3574,,1.288007e+00,8.534400e-01,3.899368e-02
GRID,3575,,1.296261e+00,6.096000e-01,1.125211e-01
GRID,3576,,1.292767e+00,1.243520e-01,1.268468e-02
GRID,3577,,1.292856e+00,-1.243525e-01,1.268543e-02
GRID,3578,,1.294912e+00,-6.096000e-01,9.257410e-02
GRID,3579,,1.302331e+00,6.096000e-01,4.017495e-02
GRID,3580,,1.295067e+00,-1.243729e-01,8.455466e-02
GRID,3581,,1.295067e+00,1.243729e-01,8.455466e-02
GRID,3582,,1.295630e+00,8.534400e-01,1.207729e-01
GRID,3583,,1.283549e+00,1.373361e+00,1.167905e-01
GRID,3584,,1.293579e+00,-8.534400e-01,6.144833e-02
GRID,3585,,1.299002e+00,8.534400e-01,1.551124e-01
GRID,3586,,1.296762e+00,1.097280e+00,6.544769e-02
GRID,3587,,1.291951e+00,-1.383374e+00,8.692149e-02
GRID,3588,,1.290595e+00,-1.381758e+00,6.556810e-02
GRID,3589,,1.290595e+00,1.381758e+00,6.556810e-02
GRID,3590,,1.290595e+00,-1.381758e+00,1.429480e-01
GRID,3591,,1.290595e+00,1.381758e+00,1.429480e-01
GRID,3592,,1.306457e+00,6.096000e-01,7.262222e-02
GRID,3593,,1.299002e+00,-8.534400e-01,1.551124e-01
GRID,3594,,1.298183e+00,-8.534400e-01,1.235821e-01
GRID,3595,,1.294385e+00,-1.386274e+00,1.112767e-01
GRID,3596,,1.310048e+00,6.096000e-01,9.581123e-02
GRID,3597,,1.304657e+00,-6.096000e-01,6.900139e-02
GRID,3598,,1.301048e+00,-8.534400e-01,8.305673e-02
GRID,3599,,1.305363e+00,1.244350e-01,5.870936e-02
GRID,3600,,1.305988e+00,-1.244389e-01,5.858538e-02
GRID,3601,,1.294050e+00,1.385875e+00,9.575472e-02
GRID,3602,,1.305483e+00,-1.097280e+00,1.560297e-01
GRID,3603,,1.305483e+00,1.097280e+00,1.560297e-01
GRID,3604,,1.305008e+00,-6.096000e-01,2.690156e-02
GRID,3605,,1.306003e+00,-1.097280e+00,3.294085e-02
GRID,3606,,1.306009e+00,1.097280e+00,3.294075e-02
GRID,3607,,1.302175e+00,-1.341120e+00,1.278150e-01
GRID,3608,,1.306202e+00,-1.341120e+00,1.481580e-01
GRID,3609,,1.306202e+00,1.341120e+00,1.481580e-01
GRID,3610,,1.301531e+00,1.341120e+00,8.231089e-02
GRID,3611,,1.311282e+00,1.341120e+00,1.147002e-01
GRID,3612,,1.308124e+00,-1.341120e+00,5.885455e-02
GRID,3613,,1.308128e+00,1.341120e+00,5.885433e-02
GRID,3614,,1.303955e+00,1.097280e+00,9.869990e-02
GRID,3615,,1.312255e+00,-1.097280e+00,6.502682e-02
GRID,3616,,1.297666e+00,1.390185e+00,1.218301e-01
GRID,3617,,1.311303e+00,-1.341120e+00,8.344355e-02
GRID,3618,,1.310306e+00,-8.534400e-01,1.501070e-02
GRID,3619,,1.310310e+00,8.534400e-01,1.501081e-02
GRID,3620,,1.310355e+00,-1.097280e+00,8.664599e-02
GRID,3621,,1.305973e+00,8.534400e-01,5.500412e-02
GRID,3622,,1.310980e+00,6.096000e-01,1.314539e-01
GRID,3623,,1.316533e+00,-1.341120e+00,1.066965e-01
GRID,3624,,1.315355e+00,-1.244952e-01,3.284756e-02
GRID,3625,,1.318402e+00,1.245144e-01,3.380717e-02
GRID,3626,,1.311646e+00,-8.534400e-01,1.036108e-01
GRID,3627,,1.319827e+00,-1.097280e+00,1.272563e-01
GRID,3628,,1.313820e+00,6.096000e-01,5.724540e-03
GRID,3629,,1.313820e+00,-6.096000e-01,5.724556e-03
GRID,3630,,1.313884e+00,-6.096000e-01,1.473575e-01
GRID,3631,,1.313885e+00,6.096000e-01,1.473574e-01
GRID,3632,,1.310029e+00,-8.534400e-01,4.333743e-02
GRID,3633,,1.307645e+00,-1.402077e+00,6.700468e-02
GRID,3634,,1.304295e+00,1.398085e+00,8.367399e-02
GRID,3635,,1.307645e+00,1.402077e+00,6.700468e-02
GRID,3636,,1.307645e+00,-1.402077e+00,1.439034e-01
GRID,3637,,1.308144e+00,-1.402671e+00,1.276740e-01
GRID,3638,,1.307645e+00,1.402077e+00,1.439034e-01
GRID,3639,,1.316357e+00,-6.096000e-01,1.169699e-01
GRID,3640,,1.318952e+00,-6.096000e-01,4.893874e-02
GRID,3641,,1.316136e+00,1.097280e+00,1.274874e-01
GRID,3642,,1.309226e+00,-1.403961e+00,8.867503e-02
GRID,3643,,1.318121e+00,1.245107e-01,1.289651e-02
GRID,3644,,1.318271e+00,-1.245117e-01,1.289775e-02
GRID,3645,,1.315909e+00,-8.534400e-01,6.509911e-02
GRID,3646,,1.311192e+00,1.406305e+00,1.093702e-01
GRID,3647,,1.315871e+00,-1.411880e+00,1.080194e-01
GRID,3648,,1.317473e+00,-6.096000e-01,9.008466e-02
GRID,3649,,1.321487e+00,-1.245383e-01,8.477538e-02
GRID,3650,,1.321487e+00,1.245383e-01,8.477538e-02
GRID,3651,,1.320553e+00,8.534400e-01,1.085808e-01
GRID,3652,,1.315655e+00,8.534400e-01,1.341850e-01
GRID,3653,,1.327399e+00,6.096000e-01,1.150714e-01
GRID,3654,,1.326404e+00,8.534400e-01,7.808661e-02
GRID,3655,,1.322098e+00,1.097280e+00,5.658661e-02
GRID,3656,,1.316896e+00,1.097280e+00,7.870782e-02
GRID,3657,,1.326649e+00,-1.097280e+00,1.013551e-01
GRID,3658,,1.320814e+00,-8.534400e-01,1.291776e-01
GRID,3659,,1.324196e+00,-8.534400e-01,1.547024e-01
GRID,3660,,1.324196e+00,8.534400e-01,1.547024e-01
GRID,3661,,1.323813e+00,-8.534400e-01,8.510428e-02
GRID,3662,,1.323678e+00,1.341120e+00,8.389516e-02
GRID,3663,,1.324964e+00,-1.341120e+00,1.287639e-01
GRID,3664,,1.331596e+00,6.096000e-01,5.726318e-02
GRID,3665,,1.332353e+00,6.096000e-01,2.793974e-02
GRID,3666,,1.326845e+00,1.097280e+00,1.021138e-01
GRID,3667,,1.318552e+00,1.415075e+00,8.645197e-02
GRID,3668,,1.332078e+00,-6.096000e-01,7.288451e-02
GRID,3669,,1.332673e+00,-6.096000e-01,2.654835e-02
GRID,3670,,1.332453e+00,1.246048e-01,6.049696e-02
GRID,3671,,1.330965e+00,-1.097280e+00,1.571449e-01
GRID,3672,,1.330965e+00,1.097280e+00,1.571449e-01
GRID,3673,,1.327575e+00,8.534400e-01,4.733936e-02
GRID,3674,,1.336497e+00,-1.246294e-01,5.265126e-02
GRID,3675,,1.323385e+00,-1.097280e+00,4.795080e-02
GRID,3676,,1.331449e+00,-1.097280e+00,3.259924e-02
GRID,3677,,1.331455e+00,1.097280e+00,3.259917e-02
GRID,3678,,1.331126e+00,-1.341120e+00,1.511292e-01
GRID,3679,,1.331126e+00,1.341120e+00,1.511292e-01
GRID,3680,,1.339253e+00,6.096000e-01,8.964151e-02
GRID,3681,,1.324695e+00,-1.422396e+00,6.844044e-02
GRID,3682,,1.324695e+00,1.422396e+00,6.844044e-02
GRID,3683,,1.324695e+00,-1.422397e+00,1.448560e-01
GRID,3684,,1.324837e+00,1.422565e+00,1.265619e-01
GRID,3685,,1.324695e+00,1.422397e+00,1.448560e-01
GRID,3686,,1.333964e+00,-1.341120e+00,5.731457e-02
GRID,3687,,1.333967e+00,1.341120e+00,5.731438e-02
GRID,3688,,1.327081e+00,-1.425240e+00,1.261767e-01
GRID,3689,,1.327799e+00,-1.426096e+00,8.821480e-02
GRID,3690,,1.330796e+00,-8.534400e-01,4.978189e-02
GRID,3691,,1.325807e+00,-8.534400e-01,3.183101e-02
GRID,3692,,1.336041e+00,-8.534400e-01,1.586471e-02
GRID,3693,,1.336045e+00,8.534400e-01,1.586485e-02
GRID,3694,,1.337487e+00,-1.097280e+00,8.097844e-02
GRID,3695,,1.338764e+00,6.096000e-01,1.457185e-01
GRID,3696,,1.329437e+00,1.428048e+00,1.056878e-01
GRID,3697,,1.339689e+00,1.341120e+00,1.098102e-01
GRID,3698,,1.337938e+00,-1.341120e+00,8.207277e-02
GRID,3699,,1.334341e+00,-8.534400e-01,1.065684e-01
GRID,3700,,1.346773e+00,-1.097280e+00,5.829039e-02
GRID,3701,,1.338684e+00,6.096000e-01,7.281178e-03
GRID,3702,,1.338685e+00,-6.096000e-01,7.281194e-03
GRID,3703,,1.338763e+00,-6.096000e-01,1.457186e-01
GRID,3704,,1.343686e+00,-1.246708e-01,1.311008e-02
GRID,3705,,1.336821e+00,8.534400e-01,1.309515e-01
GRID,3706,,1.333856e+00,-1.433314e+00,1.073476e-01
GRID,3707,,1.338660e+00,-8.534400e-01,6.741527e-02
GRID,3708,,1.341280e+00,1.097280e+00,1.283066e-01
GRID,3709,,1.340843e+00,-6.096000e-01,1.062733e-01
GRID,3710,,1.345029e+00,-1.341120e+00,1.053769e-01
GRID,3711,,1.336445e+00,1.097280e+00,7.863758e-02
GRID,3712,,1.343476e+00,1.246695e-01,1.310833e-02
GRID,3713,,1.348951e+00,1.247060e-01,3.753891e-02
GRID,3714,,1.332236e+00,1.431383e+00,8.690668e-02
GRID,3715,,1.352617e+00,-6.096000e-01,4.709591e-02
GRID,3716,,1.347883e+00,-1.097280e+00,1.348684e-01
GRID,3717,,1.343834e+00,-1.097280e+00,1.145835e-01
GRID,3718,,1.346873e+00,8.534400e-01,1.007068e-01
GRID,3719,,1.348314e+00,-8.534400e-01,1.311535e-01
GRID,3720,,1.347906e+00,-1.247037e-01,8.499609e-02
GRID,3721,,1.347906e+00,1.247037e-01,8.499609e-02
GRID,3722,,1.345826e+00,1.097280e+00,5.570765e-02
GRID,3723,,1.345899e+00,1.341120e+00,8.064390e-02
GRID,3724,,1.346991e+00,-8.534400e-01,8.592217e-02
GRID,3725,,1.349384e+00,-8.534400e-01,1.540419e-01
GRID,3726,,1.349384e+00,8.534400e-01,1.540419e-01
GRID,3727,,1.341745e+00,-1.442716e+00,6.987152e-02
GRID,3728,,1.341745e+00,1.442716e+00,6.987152e-02
GRID,3729,,1.341745e+00,-1.442716e+00,1.458027e-01
GRID,3730,,1.341745e+00,1.442716e+00,1.458027e-01
GRID,3731,,1.343547e+00,1.444864e+00,1.245561e-01
GRID,3732,,1.350888e+00,-1.341120e+00,1.289495e-01
GRID,3733,,1.345440e+00,-8.534400e-01,3.322418e-02
GRID,3734,,1.357800e+00,8.534400e-01,6.805833e-02
GRID,3735,,1.357377e+00,-1.097280e+00,9.677869e-02
GRID,3736,,1.350127e+00,1.097280e+00,1.019683e-01
GRID,3737,,1.344321e+00,-1.445786e+00,1.260882e-01
GRID,3738,,1.352892e+00,6.096000e-01,1.198846e-01
GRID,3739,,1.350048e+00,8.534400e-01,3.870947e-02
GRID,3740,,1.345456e+00,-1.447138e+00,8.905270e-02
GRID,3741,,1.346908e+00,1.448869e+00,9.711598e-02
GRID,3742,,1.354260e+00,-8.534400e-01,5.098875e-02
GRID,3743,,1.356457e+00,-1.097280e+00,1.580192e-01
GRID,3744,,1.356457e+00,1.097280e+00,1.580192e-01
GRID,3745,,1.356090e+00,-1.341120e+00,1.537608e-01
GRID,3746,,1.360788e+00,1.341120e+00,1.243157e-01
GRID,3747,,1.356090e+00,1.341120e+00,1.537608e-01
GRID,3748,,1.356897e+00,-1.097280e+00,3.241385e-02
GRID,3749,,1.356903e+00,1.097280e+00,3.241382e-02
GRID,3750,,1.360056e+00,6.096000e-01,6.999355e-02
GRID,3751,,1.352744e+00,6.096000e-01,4.092357e-02
GRID,3752,,1.360102e+00,-6.096000e-01,8.326302e-02
GRID,3753,,1.363545e+00,6.096000e-01,8.910550e-03
GRID,3754,,1.361747e+00,1.247882e-01,6.063924e-02
GRID,3755,,1.363545e+00,-6.096000e-01,8.910566e-03
GRID,3756,,1.348908e+00,-1.451253e+00,1.072950e-01
GRID,3757,,1.359816e+00,-1.341120e+00,5.599604e-02
GRID,3758,,1.359819e+00,1.341120e+00,5.599589e-02
GRID,3759,,1.354904e+00,-8.534400e-01,1.060395e-01
GRID,3760,,1.361771e+00,-8.534400e-01,1.687302e-02
GRID,3761,,1.361774e+00,8.534400e-01,1.687317e-02
GRID,3762,,1.358574e+00,1.097280e+00,7.755902e-02
GRID,3763,,1.364113e+00,-1.248009e-01,3.798065e-02
GRID,3764,,1.361440e+00,-1.247865e-01,6.318515e-02
GRID,3765,,1.336657e+00,-1.584960e+00,9.983369e-02
GRID,3766,,1.338964e+00,-1.584960e+00,1.210995e-01
GRID,3767,,1.362589e+00,-1.584960e+00,1.073693e-01
GRID,3768,,1.360592e+00,-1.584960e+00,9.181129e-02
GRID,3769,,1.336657e+00,1.584960e+00,9.983369e-02
GRID,3770,,1.360592e+00,1.584960e+00,9.181129e-02
GRID,3771,,1.362291e+00,1.584960e+00,1.078078e-01
GRID,3772,,1.338964e+00,1.584960e+00,1.210995e-01
GRID,3773,,1.361777e+00,8.534400e-01,1.251180e-01
GRID,3774,,1.368798e+00,-1.097280e+00,7.551508e-02
GRID,3775,,1.365747e+00,-1.341120e+00,8.063805e-02
GRID,3776,,1.363364e+00,-8.534400e-01,6.975207e-02
GRID,3777,,1.363633e+00,-6.096000e-01,1.439489e-01
GRID,3778,,1.363634e+00,6.096000e-01,1.439489e-01
GRID,3779,,1.362261e+00,-1.584960e+00,1.312637e-01
GRID,3780,,1.362261e+00,1.584960e+00,1.312637e-01
GRID,3781,,1.369781e+00,6.096000e-01,1.001797e-01
GRID,3782,,1.369909e+00,1.341120e+00,8.903679e-02
GRID,3783,,1.369818e+00,-6.096000e-01,1.162883e-01
GRID,3784,,1.369616e+00,1.097280e+00,1.277681e-01
GRID,3785,,1.358795e+00,-1.463035e+00,7.129857e-02
GRID,3786,,1.358795e+00,1.463035e+00,7.129857e-02
GRID,3787,,1.358795e+00,-1.463036e+00,1.467435e-01
GRID,3788,,1.358795e+00,1.463036e+00,1.467435e-01
GRID,3789,,1.368831e+00,1.248282e-01,1.332015e-02
GRID,3790,,1.359180e+00,1.463494e+00,1.182575e-01
GRID,3791,,1.369101e+00,-1.248299e-01,1.332241e-02
GRID,3792,,1.369549e+00,-1.097280e+00,1.170412e-01
GRID,3793,,1.360121e+00,-1.464616e+00,1.186351e-01
GRID,3794,,1.371878e+00,-1.341120e+00,1.059700e-01
GRID,3795,,1.366518e+00,-8.534400e-01,3.385755e-02
GRID,3796,,1.364205e+00,-1.469483e+00,9.304559e-02
GRID,3797,,1.370109e+00,1.097280e+00,5.513565e-02
GRID,3798,,1.381502e+00,-1.097280e+00,5.115727e-02
GRID,3799,,1.376442e+00,8.534400e-01,9.520235e-02
GRID,3800,,1.363730e+00,1.468917e+00,9.278439e-02
GRID,3801,,1.370902e+00,-8.534400e-01,9.186697e-02
GRID,3802,,1.370405e+00,-1.097280e+00,1.392539e-01
GRID,3803,,1.374325e+00,-1.248691e-01,8.521680e-02
GRID,3804,,1.374325e+00,1.248691e-01,8.521680e-02
GRID,3805,,1.374566e+00,-8.534400e-01,1.531764e-01
GRID,3806,,1.374029e+00,-8.534400e-01,1.201345e-01
GRID,3807,,1.377410e+00,1.248840e-01,3.653163e-02
GRID,3808,,1.374566e+00,8.534400e-01,1.531764e-01
GRID,3809,,1.376587e+00,8.534400e-01,4.187627e-02
GRID,3810,,1.374397e+00,1.097280e+00,9.807712e-02
GRID,3811,,1.375787e+00,-1.341120e+00,1.308694e-01
GRID,3812,,1.386789e+00,-6.096000e-01,3.537846e-02
GRID,3813,,1.378333e+00,-6.096000e-01,6.167613e-02
GRID,3814,,1.378600e+00,6.096000e-01,4.618623e-02
GRID,3815,,1.376113e+00,6.096000e-01,1.246384e-01
GRID,3816,,1.380610e+00,-8.534400e-01,4.962073e-02
GRID,3817,,1.381082e+00,-1.341120e+00,1.560876e-01
GRID,3818,,1.387590e+00,1.341120e+00,1.359637e-01
GRID,3819,,1.381082e+00,1.341120e+00,1.560876e-01
GRID,3820,,1.381954e+00,-1.097280e+00,1.586836e-01
GRID,3821,,1.381954e+00,1.097280e+00,1.586836e-01
GRID,3822,,1.382346e+00,-1.097280e+00,3.235956e-02
GRID,3823,,1.382352e+00,1.097280e+00,3.235956e-02
GRID,3824,,1.391469e+00,-1.097280e+00,9.596833e-02
GRID,3825,,1.397369e+00,8.534400e-01,6.743433e-02
GRID,3826,,1.378980e+00,1.097280e+00,7.572826e-02
GRID,3827,,1.375845e+00,-1.483355e+00,7.272062e-02
GRID,3828,,1.375845e+00,1.483355e+00,7.272062e-02
GRID,3829,,1.371585e+00,-1.478278e+00,1.294385e-01
GRID,3830,,1.375846e+00,-1.483355e+00,1.476752e-01
GRID,3831,,1.374594e+00,1.481865e+00,1.309476e-01
GRID,3832,,1.375846e+00,1.483355e+00,1.476752e-01
GRID,3833,,1.372645e+00,1.479541e+00,1.096497e-01
GRID,3834,,1.385678e+00,-1.341120e+00,5.489038e-02
GRID,3835,,1.385681e+00,1.341120e+00,5.489025e-02
GRID,3836,,1.388718e+00,6.096000e-01,8.159431e-02
GRID,3837,,1.392025e+00,-6.096000e-01,8.837148e-02
GRID,3838,,1.378111e+00,-1.486056e+00,1.094051e-01
GRID,3839,,1.385520e+00,-1.584960e+00,8.754184e-02
GRID,3840,,1.385520e+00,1.584960e+00,8.754184e-02
GRID,3841,,1.391661e+00,1.341120e+00,1.078560e-01
GRID,3842,,1.383980e+00,-1.249272e-01,5.961946e-02
GRID,3843,,1.389107e+00,1.249594e-01,5.996949e-02
GRID,3844,,1.387494e+00,-8.534400e-01,1.802879e-02
GRID,3845,,1.387498e+00,8.534400e-01,1.802897e-02
GRID,3846,,1.386525e+00,8.534400e-01,1.232728e-01
GRID,3847,,1.383558e+00,-1.584960e+00,1.144611e-01
GRID,3848,,1.386575e+00,-1.584960e+00,1.380999e-01
GRID,3849,,1.380932e+00,1.584960e+00,1.157711e-01
GRID,3850,,1.386575e+00,1.584960e+00,1.380999e-01
GRID,3851,,1.389217e+00,-8.534400e-01,7.416507e-02
GRID,3852,,1.388400e+00,6.096000e-01,1.061050e-02
GRID,3853,,1.388400e+00,-6.096000e-01,1.061052e-02
GRID,3854,,1.388494e+00,-6.096000e-01,1.420510e-01
GRID,3855,,1.388495e+00,6.096000e-01,1.420509e-01
GRID,3856,,1.380865e+00,1.489337e+00,9.263638e-02
GRID,3857,,1.394038e+00,-1.249878e-01,3.288270e-02
GRID,3858,,1.383002e+00,-1.491885e+00,8.958723e-02
GRID,3859,,1.392731e+00,-1.341120e+00,8.175972e-02
GRID,3860,,1.396133e+00,-1.097280e+00,6.964307e-02
GRID,3861,,1.394185e+00,1.249870e-01,1.353198e-02
GRID,3862,,1.394516e+00,-1.249890e-01,1.353473e-02
GRID,3863,,1.396007e+00,-1.097280e+00,1.280726e-01
GRID,3864,,1.395994e+00,1.097280e+00,1.122440e-01
GRID,3865,,1.394135e+00,1.097280e+00,1.378293e-01
GRID,3866,,1.399448e+00,6.096000e-01,1.136393e-01
GRID,3867,,1.408709e+00,-6.096000e-01,1.128520e-01
GRID,3868,,1.402231e+00,1.341120e+00,7.948407e-02
GRID,3869,,1.395348e+00,1.097280e+00,5.806832e-02
GRID,3870,,1.392521e+00,-8.534400e-01,1.019620e-01
GRID,3871,,1.387886e+00,-1.497705e+00,1.274358e-01
GRID,3872,,1.397672e+00,-1.341120e+00,1.095193e-01
GRID,3873,,1.387322e+00,1.497033e+00,1.181482e-01
GRID,3874,,1.400665e+00,-8.534400e-01,1.309397e-01
GRID,3875,,1.400745e+00,-1.250345e-01,8.543753e-02
GRID,3876,,1.400745e+00,1.250345e-01,8.543753e-02
GRID,3877,,1.400672e+00,1.097280e+00,8.541737e-02
GRID,3878,,1.399741e+00,-8.534400e-01,1.521051e-01
GRID,3879,,1.399741e+00,8.534400e-01,1.521051e-01
GRID,3880,,1.392896e+00,1.503676e+00,1.485955e-01
GRID,3881,,1.398255e+00,-1.341120e+00,1.338717e-01
GRID,3882,,1.392896e+00,-1.503675e+00,7.413393e-02
GRID,3883,,1.392896e+00,1.503675e+00,7.413393e-02
GRID,3884,,1.392896e+00,-1.503676e+00,1.485955e-01
GRID,3885,,1.405596e+00,8.534400e-01,9.778722e-02
GRID,3886,,1.407511e+00,8.534400e-01,3.780055e-02
GRID,3887,,1.404672e+00,1.250547e-01,3.636131e-02
GRID,3888,,1.399564e+00,-1.511622e+00,1.028169e-01
GRID,3889,,1.408656e+00,-6.096000e-01,6.153571e-02
GRID,3890,,1.406771e+00,6.096000e-01,6.257299e-02
GRID,3891,,1.399044e+00,6.096000e-01,3.519948e-02
GRID,3892,,1.408395e+00,-8.534400e-01,5.024232e-02
GRID,3893,,1.397697e+00,1.509397e+00,9.819153e-02
GRID,3894,,1.404272e+00,1.584960e+00,1.125940e-01
GRID,3895,,1.406101e+00,-1.341120e+00,1.581223e-01
GRID,3896,,1.406101e+00,1.341120e+00,1.581223e-01
GRID,3897,,1.414426e+00,-1.097280e+00,5.250532e-02
GRID,3898,,1.407794e+00,-1.097280e+00,3.243792e-02
GRID,3899,,1.407456e+00,-1.097280e+00,1.591402e-01
GRID,3900,,1.407456e+00,1.097280e+00,1.591402e-01
GRID,3901,,1.407800e+00,1.097280e+00,3.243796e-02
GRID,3902,,1.407250e+00,-1.584960e+00,1.137120e-01
GRID,3903,,1.406185e+00,-1.250659e-01,5.553989e-02
GRID,3904,,1.410605e+00,-1.584960e+00,8.437852e-02
GRID,3905,,1.410605e+00,1.584960e+00,8.437852e-02
GRID,3906,,1.411547e+00,-1.341120e+00,5.397252e-02
GRID,3907,,1.411550e+00,1.341120e+00,5.397242e-02
GRID,3908,,1.411117e+00,8.534400e-01,1.257757e-01
GRID,3909,,1.411270e+00,-1.584960e+00,1.435528e-01
GRID,3910,,1.411270e+00,1.584960e+00,1.435528e-01
GRID,3911,,1.413251e+00,-6.096000e-01,1.237949e-02
GRID,3912,,1.417970e+00,-6.096000e-01,3.551385e-02
GRID,3913,,1.402770e+00,1.515443e+00,1.250529e-01
GRID,3914,,1.413211e+00,-8.534400e-01,1.932425e-02
GRID,3915,,1.413215e+00,8.534400e-01,1.932445e-02
GRID,3916,,1.418082e+00,1.341120e+00,1.197713e-01
GRID,3917,,1.417988e+00,1.341120e+00,1.408940e-01
GRID,3918,,1.405612e+00,-1.518829e+00,1.277875e-01
GRID,3919,,1.413251e+00,6.096000e-01,1.237947e-02
GRID,3920,,1.413345e+00,-6.096000e-01,1.400267e-01
GRID,3921,,1.413346e+00,6.096000e-01,1.400266e-01
GRID,3922,,1.417085e+00,6.096000e-01,9.080504e-02
GRID,3923,,1.416077e+00,1.251282e-01,6.000203e-02
GRID,3924,,1.413716e+00,-8.534400e-01,8.270930e-02
GRID,3925,,1.422838e+00,-1.097280e+00,1.039025e-01
GRID,3926,,1.420131e+00,-1.097280e+00,7.637038e-02
GRID,3927,,1.418746e+00,1.341120e+00,9.700275e-02
GRID,3928,,1.427019e+00,-6.096000e-01,8.223135e-02
GRID,3929,,1.415868e+00,-8.534400e-01,1.083252e-01
GRID,3930,,1.417749e+00,-1.341120e+00,9.002913e-02
GRID,3931,,1.409947e+00,-1.523995e+00,7.553770e-02
GRID,3932,,1.409947e+00,1.523995e+00,7.553770e-02
GRID,3933,,1.409947e+00,-1.523996e+00,1.495032e-01
GRID,3934,,1.409947e+00,1.523996e+00,1.495032e-01
GRID,3935,,1.419930e+00,-1.251481e-01,1.374706e-02
GRID,3936,,1.423716e+00,-1.251738e-01,3.561575e-02
GRID,3937,,1.417041e+00,1.097280e+00,1.313295e-01
GRID,3938,,1.419540e+00,1.251457e-01,1.374380e-02
GRID,3939,,1.423468e+00,1.097280e+00,6.426994e-02
GRID,3940,,1.427071e+00,1.097280e+00,9.952278e-02
GRID,3941,,1.425598e+00,-1.097280e+00,1.302535e-01
GRID,3942,,1.430274e+00,8.534400e-01,5.205009e-02
GRID,3943,,1.429863e+00,8.534400e-01,7.950891e-02
GRID,3944,,1.423391e+00,-1.341120e+00,1.225577e-01
GRID,3945,,1.413033e+00,1.527673e+00,1.036408e-01
GRID,3946,,1.422486e+00,6.096000e-01,3.960753e-02
GRID,3947,,1.427214e+00,6.096000e-01,1.151941e-01
GRID,3948,,1.420237e+00,-1.536259e+00,1.134744e-01
GRID,3949,,1.416564e+00,-1.531882e+00,9.421635e-02
GRID,3950,,1.424906e+00,-8.534400e-01,1.508423e-01
GRID,3951,,1.424906e+00,8.534400e-01,1.508423e-01
GRID,3952,,1.433084e+00,-8.534400e-01,1.258116e-01
GRID,3953,,1.426401e+00,-1.251932e-01,6.422752e-02
GRID,3954,,1.427164e+00,-1.251999e-01,8.565824e-02
GRID,3955,,1.427164e+00,1.251999e-01,8.565824e-02
GRID,3956,,1.435384e+00,1.341120e+00,7.437776e-02
GRID,3957,,1.418378e+00,1.534043e+00,1.279845e-01
GRID,3958,,1.433473e+00,1.584960e+00,1.064566e-01
GRID,3959,,1.428028e+00,1.584960e+00,1.274418e-01
GRID,3960,,1.430205e+00,1.252145e-01,3.660587e-02
GRID,3961,,1.430172e+00,8.534400e-01,1.064645e-01
GRID,3962,,1.420744e+00,-1.536863e+00,1.333474e-01
GRID,3963,,1.431140e+00,-1.341120e+00,1.598901e-01
GRID,3964,,1.431140e+00,1.341120e+00,1.598901e-01
GRID,3965,,1.431904e+00,6.096000e-01,6.825822e-02
GRID,3966,,1.430267e+00,-1.584960e+00,1.278073e-01
GRID,3967,,1.434720e+00,-1.584960e+00,1.066291e-01
GRID,3968,,1.432962e+00,-1.097280e+00,1.593076e-01
GRID,3969,,1.432962e+00,1.097280e+00,1.593076e-01
GRID,3970,,1.438925e+00,8.534400e-01,2.074700e-02
GRID,3971,,1.433241e+00,-1.097280e+00,3.274335e-02
GRID,3972,,1.433248e+00,1.097280e+00,3.274345e-02
GRID,3973,,1.437031e+00,-8.534400e-01,6.849039e-02
GRID,3974,,1.437629e+00,-8.534400e-01,4.076182e-02
GRID,3975,,1.442090e+00,-6.096000e-01,4.805055e-02
GRID,3976,,1.444757e+00,-6.096000e-01,1.001546e-01
GRID,3977,,1.438240e+00,-6.096000e-01,1.230689e-01
GRID,3978,,1.426998e+00,-1.544316e+00,7.693121e-02
GRID,3979,,1.424254e+00,1.541046e+00,8.946717e-02
GRID,3980,,1.426998e+00,1.544316e+00,7.693121e-02
GRID,3981,,1.426998e+00,-1.544317e+00,1.503974e-01
GRID,3982,,1.426998e+00,1.544317e+00,1.503974e-01
GRID,3983,,1.435761e+00,-1.584960e+00,8.181606e-02
GRID,3984,,1.435761e+00,1.584960e+00,8.181606e-02
GRID,3985,,1.432412e+00,8.534400e-01,1.293153e-01
GRID,3986,,1.436130e+00,-1.584960e+00,1.481570e-01
GRID,3987,,1.436130e+00,1.584960e+00,1.481570e-01
GRID,3988,,1.433578e+00,-1.341120e+00,7.400271e-02
GRID,3989,,1.437422e+00,-1.341120e+00,5.322037e-02
GRID,3990,,1.437425e+00,1.341120e+00,5.322029e-02
GRID,3991,,1.430400e+00,1.548371e+00,1.069636e-01
GRID,3992,,1.438921e+00,-8.534400e-01,2.074678e-02
GRID,3993,,1.438097e+00,6.096000e-01,1.420780e-02
GRID,3994,,1.438098e+00,-6.096000e-01,1.420782e-02
GRID,3995,,1.438185e+00,-6.096000e-01,1.378812e-01
GRID,3996,,1.438187e+00,6.096000e-01,1.378811e-01
GRID,3997,,1.439333e+00,-8.534400e-01,9.785305e-02
GRID,3998,,1.442351e+00,-1.097280e+00,5.719538e-02
GRID,3999,,1.441098e+00,1.252849e-01,6.089812e-02
GRID,4000,,1.436336e+00,-1.555445e+00,9.977743e-02
GRID,4001,,1.444812e+00,1.097280e+00,1.304059e-01
GRID,4002,,1.441854e+00,6.096000e-01,9.293848e-02
GRID,4003,,1.442946e+00,-1.341120e+00,9.631483e-02
GRID,4004,,1.445763e+00,1.341120e+00,1.322070e-01
GRID,4005,,1.443358e+00,1.341120e+00,1.018630e-01
GRID,4006,,1.432732e+00,1.551150e+00,1.311158e-01
GRID,4007,,1.444894e+00,1.253044e-01,1.395562e-02
GRID,4008,,1.445345e+00,-1.253073e-01,1.395939e-02
GRID,4009,,1.449273e+00,-1.097280e+00,8.448844e-02
GRID,4010,,1.439833e+00,-1.559613e+00,1.245863e-01
GRID,4011,,1.446643e+00,6.096000e-01,4.441480e-02
GRID,4012,,1.458189e+00,-1.097280e+00,1.137204e-01
GRID,4013,,1.444210e+00,-1.341120e+00,1.378588e-01
GRID,4014,,1.454098e+00,-1.341120e+00,1.156790e-01
GRID,4015,,1.447114e+00,1.097280e+00,5.353948e-02
GRID,4016,,1.452102e+00,1.097280e+00,7.803847e-02
GRID,4017,,1.445948e+00,-1.253143e-01,5.003928e-02
GRID,4018,,1.444050e+00,1.564638e+00,7.831003e-02
GRID,4019,,1.450061e+00,-8.534400e-01,1.493919e-01
GRID,4020,,1.450061e+00,8.534400e-01,1.493919e-01
GRID,4021,,1.452035e+00,-1.097280e+00,1.389945e-01
GRID,4022,,1.453583e+00,-1.253653e-01,8.587896e-02
GRID,4023,,1.444050e+00,-1.564638e+00,7.831003e-02
GRID,4024,,1.444050e+00,-1.564638e+00,1.512717e-01
GRID,4025,,1.444050e+00,1.564638e+00,1.512717e-01
GRID,4026,,1.458411e+00,-6.096000e-01,7.187991e-02
GRID,4027,,1.461569e+00,1.097280e+00,1.051682e-01
GRID,4028,,1.453583e+00,1.253653e-01,8.587896e-02
GRID,4029,,1.451683e+00,6.096000e-01,1.150483e-01
GRID,4030,,1.461102e+00,1.584960e+00,1.279773e-01
GRID,4031,,1.454970e+00,8.534400e-01,6.774388e-02
GRID,4032,,1.452559e+00,8.534400e-01,9.317325e-02
GRID,4033,,1.450450e+00,8.534400e-01,1.185347e-01
GRID,4034,,1.454587e+00,1.253672e-01,3.686532e-02
GRID,4035,,1.461102e+00,-1.584960e+00,1.279773e-01
GRID,4036,,1.460026e+00,8.534400e-01,4.225335e-02
GRID,4037,,1.445444e+00,1.566300e+00,1.159965e-01
GRID,4038,,1.456197e+00,-1.341120e+00,1.613934e-01
GRID,4039,,1.456197e+00,1.341120e+00,1.613934e-01
GRID,4040,,1.455985e+00,6.096000e-01,7.321080e-02
GRID,4041,,1.458467e+00,-1.097280e+00,1.591138e-01
GRID,4042,,1.458467e+00,1.097280e+00,1.591138e-01
GRID,4043,,1.462351e+00,-8.534400e-01,1.180382e-01
GRID,4044,,1.458683e+00,-1.097280e+00,3.333049e-02
GRID,4045,,1.458689e+00,1.097280e+00,3.333067e-02
GRID,4046,,1.461102e+00,1.584960e+00,1.038238e-01
GRID,4047,,1.457330e+00,-1.341120e+00,7.490211e-02
GRID,4048,,1.461102e+00,-1.584960e+00,1.038238e-01
GRID,4049,,1.463304e+00,1.341120e+00,5.264366e-02
GRID,4050,,1.466563e+00,1.341120e+00,7.802895e-02
GRID,4051,,1.461102e+00,-1.584960e+00,7.967034e-02
GRID,4052,,1.461102e+00,1.584960e+00,7.967034e-02
GRID,4053,,1.461102e+00,-1.584960e+00,1.521308e-01
GRID,4054,,1.461102e+00,1.584960e+00,1.521308e-01
GRID,4055,,1.463339e+00,-8.534400e-01,8.547053e-02
GRID,4056,,1.461956e+00,-8.534400e-01,5.513684e-02
GRID,4057,,1.463301e+00,-1.341120e+00,5.264372e-02
GRID,4058,,1.464624e+00,-8.534400e-01,2.229563e-02
GRID,4059,,1.462939e+00,6.096000e-01,1.609320e-02
GRID,4060,,1.462940e+00,-6.096000e-01,1.609322e-02
GRID,4061,,1.463016e+00,-6.096000e-01,1.356167e-01
GRID,4062,,1.463016e+00,6.096000e-01,1.356166e-01
GRID,4063,,1.466215e+00,-6.096000e-01,1.149469e-01
GRID,4064,,1.464628e+00,8.534400e-01,2.229587e-02
GRID,4065,,1.461102e+00,-1.584960e+00,1.279776e-01
GRID,4066,,1.465090e+00,1.254352e-01,6.183075e-02
GRID,4067,,1.462442e+00,6.096000e-01,9.470951e-02
GRID,4068,,1.474343e+00,-6.096000e-01,4.535756e-02
GRID,4069,,1.472427e+00,-1.097280e+00,6.344164e-02
GRID,4070,,1.470451e+00,-1.341120e+00,9.700288e-02
GRID,4071,,1.469229e+00,1.341120e+00,1.053955e-01
GRID,4072,,1.461102e+00,-1.584960e+00,7.967060e-02
GRID,4073,,1.461102e+00,1.584960e+00,7.967060e-02
GRID,4074,,1.461102e+00,1.584960e+00,1.279776e-01
GRID,4075,,1.468172e+00,-1.341120e+00,1.383918e-01
GRID,4076,,1.475007e+00,-6.096000e-01,9.099443e-02
GRID,4077,,1.474309e+00,1.097280e+00,1.336814e-01
GRID,4078,,1.470249e+00,1.254632e-01,1.416744e-02
GRID,4079,,1.463710e+00,-1.254243e-01,3.651259e-02
GRID,4080,,1.470760e+00,-1.254664e-01,1.417172e-02
GRID,4081,,1.471741e+00,1.341120e+00,1.344061e-01
GRID,4082,,1.471204e+00,-1.254734e-01,6.073208e-02
GRID,4083,,1.470331e+00,6.096000e-01,5.318417e-02
GRID,4084,,1.471689e+00,1.097280e+00,5.723120e-02
GRID,4085,,1.481380e+00,-1.097280e+00,9.337889e-02
GRID,4086,,1.475206e+00,-8.534400e-01,1.477587e-01
GRID,4087,,1.468971e+00,8.534400e-01,1.283881e-01
GRID,4088,,1.475206e+00,8.534400e-01,1.477587e-01
GRID,4089,,1.471285e+00,8.534400e-01,1.056504e-01
GRID,4090,,1.475330e+00,6.096000e-01,1.088959e-01
GRID,4091,,1.478925e+00,-1.097280e+00,1.382199e-01
GRID,4092,,1.485424e+00,1.097280e+00,8.361832e-02
GRID,4093,,1.472834e+00,8.534400e-01,8.257596e-02
GRID,4094,,1.480002e+00,-1.255307e-01,8.609968e-02
GRID,4095,,1.480002e+00,1.255307e-01,8.609968e-02
GRID,4096,,1.477788e+00,-1.341120e+00,1.185515e-01
GRID,4097,,1.477298e+00,1.255095e-01,3.895550e-02
GRID,4098,,1.479626e+00,8.534400e-01,5.692748e-02
GRID,4099,,1.483432e+00,6.096000e-01,8.269316e-02
GRID,4100,,1.481269e+00,-1.341120e+00,1.626255e-01
GRID,4101,,1.481269e+00,1.341120e+00,1.626255e-01
GRID,4102,,1.481082e+00,-1.341120e+00,7.627466e-02
GRID,4103,,1.496621e+00,-1.097280e+00,1.212772e-01
GRID,4104,,1.488936e+00,-6.096000e-01,6.880779e-02
GRID,4105,,1.483968e+00,-1.097280e+00,1.585792e-01
GRID,4106,,1.483968e+00,1.097280e+00,1.585792e-01
GRID,4107,,1.484118e+00,-1.097280e+00,3.417173e-02
GRID,4108,,1.484124e+00,1.097280e+00,3.417196e-02
GRID,4109,,1.490324e+00,8.534400e-01,2.394586e-02
GRID,4110,,1.488792e+00,-1.584960e+00,9.759218e-02
GRID,4111,,1.486520e+00,-1.584960e+00,7.785368e-02
GRID,4112,,1.477469e+00,-1.604465e+00,8.096970e-02
GRID,4113,,1.485702e+00,-1.584960e+00,1.235674e-01
GRID,4114,,1.477056e+00,-1.603974e+00,1.104782e-01
GRID,4115,,1.486391e+00,-1.584960e+00,1.556214e-01
GRID,4116,,1.478100e+00,-1.605218e+00,1.352447e-01
GRID,4117,,1.477490e+00,-1.604490e+00,1.529451e-01
GRID,4118,,1.486520e+00,1.584960e+00,7.785368e-02
GRID,4119,,1.472031e+00,1.597985e+00,1.005353e-01
GRID,4120,,1.477469e+00,1.604465e+00,8.096970e-02
GRID,4121,,1.480759e+00,1.584960e+00,1.180406e-01
GRID,4122,,1.493265e+00,1.584960e+00,9.979778e-02
GRID,4123,,1.473172e+00,1.599345e+00,1.266420e-01
GRID,4124,,1.485325e+00,1.584960e+00,1.382192e-01
GRID,4125,,1.486391e+00,1.584960e+00,1.556214e-01
GRID,4126,,1.477490e+00,1.604490e+00,1.529451e-01
GRID,4127,,1.493866e+00,1.097280e+00,1.128685e-01
GRID,4128,,1.487207e+00,-8.534400e-01,7.177015e-02
GRID,4129,,1.483733e+00,-8.534400e-01,4.625251e-02
GRID,4130,,1.486510e+00,-8.534400e-01,1.256803e-01
GRID,4131,,1.486548e+00,-8.534400e-01,1.009208e-01
GRID,4132,,1.484866e+00,6.096000e-01,3.792227e-02
GRID,4133,,1.487777e+00,6.096000e-01,1.803443e-02
GRID,4134,,1.487777e+00,-6.096000e-01,1.803445e-02
GRID,4135,,1.487835e+00,-6.096000e-01,1.332338e-01
GRID,4136,,1.487836e+00,6.096000e-01,1.332337e-01
GRID,4137,,1.488577e+00,6.096000e-01,1.213055e-01
GRID,4138,,1.489184e+00,-1.341120e+00,5.225753e-02
GRID,4139,,1.489187e+00,1.341120e+00,5.225750e-02
GRID,4140,,1.486613e+00,-1.255676e-01,3.626542e-02
GRID,4141,,1.490320e+00,-8.534400e-01,2.394561e-02
GRID,4142,,1.489215e+00,1.255865e-01,6.488092e-02
GRID,4143,,1.488396e+00,-6.096000e-01,1.090669e-01
GRID,4144,,1.497000e+00,1.341120e+00,8.046964e-02
GRID,4145,,1.494711e+00,-1.341120e+00,1.372415e-01
GRID,4146,,1.491705e+00,8.534400e-01,1.147018e-01
GRID,4147,,1.488656e+00,8.534400e-01,1.337310e-01
GRID,4148,,1.498365e+00,1.341120e+00,1.105314e-01
GRID,4149,,1.495604e+00,1.256219e-01,1.437927e-02
GRID,4150,,1.496444e+00,6.096000e-01,6.029531e-02
GRID,4151,,1.498805e+00,-1.341120e+00,1.072730e-01
GRID,4152,,1.496175e+00,-1.256255e-01,1.438404e-02
GRID,4153,,1.494557e+00,-1.256195e-01,6.034966e-02
GRID,4154,,1.492794e+00,8.534400e-01,9.517307e-02
GRID,4155,,1.498549e+00,1.097280e+00,5.810523e-02
GRID,4156,,1.493831e+00,1.341120e+00,1.391709e-01
GRID,4157,,1.483958e+00,1.612199e+00,1.038071e-01
GRID,4158,,1.501812e+00,-1.097280e+00,7.431808e-02
GRID,4159,,1.496955e+00,-1.097280e+00,5.270753e-02
GRID,4160,,1.491861e+00,8.534400e-01,7.572389e-02
GRID,4161,,1.487881e+00,1.616874e+00,1.273306e-01
GRID,4162,,1.505251e+00,1.097280e+00,1.376943e-01
GRID,4163,,1.503884e+00,-6.096000e-01,4.595227e-02
GRID,4164,,1.503106e+00,-6.096000e-01,9.121348e-02
GRID,4165,,1.500339e+00,-8.534400e-01,1.459731e-01
GRID,4166,,1.500339e+00,8.534400e-01,1.459731e-01
GRID,4167,,1.503364e+00,6.096000e-01,1.038100e-01
GRID,4168,,1.494135e+00,-1.624328e+00,1.236568e-01
GRID,4169,,1.493507e+00,-1.623579e+00,9.896942e-02
GRID,4170,,1.497268e+00,1.256350e-01,4.407958e-02
GRID,4171,,1.493836e+00,-1.623971e+00,8.227551e-02
GRID,4172,,1.493836e+00,1.623971e+00,8.227551e-02
GRID,4173,,1.493878e+00,-1.624021e+00,1.537593e-01
GRID,4174,,1.493878e+00,1.624021e+00,1.537593e-01
GRID,4175,,1.509462e+00,-1.097280e+00,1.577950e-01
GRID,4176,,1.503300e+00,8.534400e-01,5.257762e-02
GRID,4177,,1.506422e+00,-1.256962e-01,8.632040e-02
GRID,4178,,1.506422e+00,1.256962e-01,8.632040e-02
GRID,4179,,1.504244e+00,1.584960e+00,1.254796e-01
GRID,4180,,1.504478e+00,-1.341120e+00,7.885604e-02
GRID,4181,,1.506351e+00,-1.341120e+00,1.635880e-01
GRID,4182,,1.506351e+00,1.341120e+00,1.635880e-01
GRID,4183,,1.512103e+00,-1.097280e+00,9.968564e-02
GRID,4184,,1.513137e+00,6.096000e-01,8.153301e-02
GRID,4185,,1.509716e+00,-8.534400e-01,5.563332e-02
GRID,4186,,1.498349e+00,1.629350e+00,1.019580e-01
GRID,4187,,1.509462e+00,1.097280e+00,1.577950e-01
GRID,4188,,1.509546e+00,-1.097280e+00,3.518196e-02
GRID,4189,,1.509552e+00,1.097280e+00,3.518222e-02
GRID,4190,,1.507052e+00,6.096000e-01,4.001493e-02
GRID,4191,,1.511734e+00,1.584960e+00,1.586605e-01
GRID,4192,,1.515898e+00,1.097280e+00,7.592896e-02
GRID,4193,,1.512838e+00,1.097280e+00,9.756201e-02
GRID,4194,,1.506358e+00,-1.584960e+00,1.373024e-01
GRID,4195,,1.512173e+00,-1.584960e+00,1.169201e-01
GRID,4196,,1.511734e+00,-1.584960e+00,1.586605e-01
GRID,4197,,1.507815e+00,-8.534400e-01,1.195464e-01
GRID,4198,,1.511953e+00,-1.584960e+00,7.630665e-02
GRID,4199,,1.511953e+00,1.584960e+00,7.630665e-02
GRID,4200,,1.509795e+00,-8.534400e-01,8.971830e-02
GRID,4201,,1.509336e+00,-1.257098e-01,3.550968e-02
GRID,4202,,1.512612e+00,6.096000e-01,2.001247e-02
GRID,4203,,1.512612e+00,-6.096000e-01,2.001249e-02
GRID,4204,,1.510666e+00,-6.096000e-01,1.136439e-01
GRID,4205,,1.512644e+00,-6.096000e-01,1.307508e-01
GRID,4206,,1.512645e+00,6.096000e-01,1.307507e-01
GRID,4207,,1.503285e+00,1.635232e+00,1.274405e-01
GRID,4208,,1.509847e+00,8.534400e-01,1.268254e-01
GRID,4209,,1.517469e+00,-1.584960e+00,9.661798e-02
GRID,4210,,1.517495e+00,-6.096000e-01,7.199615e-02
GRID,4211,,1.515068e+00,-1.341120e+00,5.205569e-02
GRID,4212,,1.515072e+00,1.341120e+00,5.205568e-02
GRID,4213,,1.514299e+00,1.257433e-01,6.277473e-02
GRID,4214,,1.516011e+00,-8.534400e-01,2.567935e-02
GRID,4215,,1.516015e+00,8.534400e-01,2.567961e-02
GRID,4216,,1.518834e+00,8.534400e-01,1.029106e-01
GRID,4217,,1.512846e+00,8.534400e-01,7.847942e-02
GRID,4218,,1.518101e+00,1.584960e+00,1.008302e-01
GRID,4219,,1.511104e+00,-1.644550e+00,1.093870e-01
GRID,4220,,1.510202e+00,-1.643476e+00,8.358443e-02
GRID,4221,,1.522760e+00,1.341120e+00,1.292684e-01
GRID,4222,,1.510202e+00,1.643476e+00,8.358443e-02
GRID,4223,,1.531332e+00,1.097280e+00,1.233698e-01
GRID,4224,,1.510265e+00,-1.643551e+00,1.545889e-01
GRID,4225,,1.510772e+00,-1.644155e+00,1.363462e-01
GRID,4226,,1.510265e+00,1.643551e+00,1.545889e-01
GRID,4227,,1.514823e+00,-1.257461e-01,5.651694e-02
GRID,4228,,1.526321e+00,-1.341120e+00,1.353754e-01
GRID,4229,,1.514331e+00,1.257410e-01,3.430000e-02
GRID,4230,,1.517625e+00,1.257598e-01,1.456324e-02
GRID,4231,,1.517974e+00,-1.257620e-01,1.456616e-02
GRID,4232,,1.518836e+00,6.096000e-01,6.069897e-02
GRID,4233,,1.524639e+00,-1.097280e+00,1.273421e-01
GRID,4234,,1.520064e+00,-1.097280e+00,5.615867e-02
GRID,4235,,1.529179e+00,1.341120e+00,8.774323e-02
GRID,4236,,1.514445e+00,1.648532e+00,1.040323e-01
GRID,4237,,1.525903e+00,1.097280e+00,5.653844e-02
GRID,4238,,1.527342e+00,-1.341120e+00,1.023231e-01
GRID,4239,,1.525462e+00,-8.534400e-01,1.440427e-01
GRID,4240,,1.525462e+00,8.534400e-01,1.440427e-01
GRID,4241,,1.528020e+00,-1.097280e+00,7.904951e-02
GRID,4242,,1.537445e+00,-6.096000e-01,1.016395e-01
GRID,4243,,1.518630e+00,1.653520e+00,1.310717e-01
GRID,4244,,1.528103e+00,8.534400e-01,5.467631e-02
GRID,4245,,1.537445e+00,6.096000e-01,1.016395e-01
GRID,4246,,1.537445e+00,-6.096000e-01,4.855918e-02
GRID,4247,,1.527585e+00,1.584960e+00,1.311748e-01
GRID,4248,,1.526451e+00,-1.341120e+00,7.503658e-02
GRID,4249,,1.534948e+00,1.097280e+00,1.567761e-01
GRID,4250,,1.531443e+00,-1.341120e+00,1.643085e-01
GRID,4251,,1.531443e+00,1.341120e+00,1.643085e-01
GRID,4252,,1.535991e+00,-1.584960e+00,1.373436e-01
GRID,4253,,1.532841e+00,-1.258595e-01,6.358485e-02
GRID,4254,,1.532841e+00,-1.258616e-01,8.654111e-02
GRID,4255,,1.532841e+00,1.258616e-01,8.654111e-02
GRID,4256,,1.537445e+00,6.096000e-01,4.855918e-02
GRID,4257,,1.537445e+00,6.096000e-01,2.201900e-02
GRID,4258,,1.531531e+00,-8.534400e-01,1.129994e-01
GRID,4259,,1.524252e+00,-1.258023e-01,2.637271e-02
GRID,4260,,1.532841e+00,-1.258574e-01,4.040223e-02
GRID,4261,,1.534948e+00,-1.097280e+00,1.567761e-01
GRID,4262,,1.534968e+00,-1.097280e+00,3.635251e-02
GRID,4263,,1.534974e+00,1.097280e+00,3.635281e-02
GRID,4264,,1.533983e+00,-8.534400e-01,8.080058e-02
GRID,4265,,1.535182e+00,-8.534400e-01,5.129707e-02
GRID,4266,,1.535245e+00,8.534400e-01,1.237726e-01
GRID,4267,,1.526570e+00,-1.662982e+00,8.486568e-02
GRID,4268,,1.526570e+00,1.662982e+00,8.486568e-02
GRID,4269,,1.526652e+00,-1.663080e+00,1.554454e-01
GRID,4270,,1.526652e+00,1.663080e+00,1.554454e-01
GRID,4271,,1.537445e+00,-6.096000e-01,1.281797e-01
GRID,4272,,1.527213e+00,-1.663749e+00,1.210668e-01
GRID,4273,,1.537121e+00,-1.584960e+00,1.613004e-01
GRID,4274,,1.537121e+00,1.584960e+00,1.613004e-01
GRID,4275,,1.537399e+00,-1.584960e+00,7.500700e-02
GRID,4276,,1.537399e+00,1.584960e+00,7.500700e-02
GRID,4277,,1.540486e+00,-1.097280e+00,1.017608e-01
GRID,4278,,1.538130e+00,-1.584960e+00,1.074999e-01
GRID,4279,,1.537445e+00,-6.096000e-01,2.201900e-02
GRID,4280,,1.537445e+00,6.096000e-01,1.281797e-01
GRID,4281,,1.538934e+00,1.097280e+00,9.410019e-02
GRID,4282,,1.537083e+00,8.534400e-01,8.082948e-02
GRID,4283,,1.537445e+00,6.096000e-01,7.509937e-02
GRID,4284,,1.532841e+00,1.258595e-01,6.426031e-02
GRID,4285,,1.532841e+00,1.258575e-01,4.129235e-02
GRID,4286,,1.532841e+00,1.258561e-01,2.565527e-02
GRID,4287,,1.530271e+00,1.667392e+00,1.095592e-01
GRID,4288,,1.540954e+00,-1.341120e+00,5.200826e-02
GRID,4289,,1.540957e+00,1.341120e+00,5.200826e-02
GRID,4290,,1.539977e+00,1.097280e+00,7.334070e-02
GRID,4291,,1.541696e+00,-8.534400e-01,2.749580e-02
GRID,4292,,1.541700e+00,8.534400e-01,2.749607e-02
GRID,4293,,1.537445e+00,-6.096000e-01,7.509937e-02
GRID,4294,,1.533584e+00,1.258597e-01,1.469657e-02
GRID,4295,,1.533585e+00,-1.258597e-01,1.469658e-02
GRID,4296,,1.539487e+00,1.584960e+00,1.067270e-01
GRID,4297,,1.535673e+00,1.673830e+00,1.335313e-01
GRID,4298,,1.549827e+00,8.534400e-01,1.031061e-01
GRID,4299,,1.545089e+00,-1.097280e+00,5.899569e-02
GRID,4300,,1.548214e+00,1.341120e+00,1.124821e-01
GRID,4301,,1.557950e+00,1.341120e+00,1.398062e-01
GRID,4302,,1.532841e+00,-1.258560e-01,2.529267e-02
GRID,4303,,1.550952e+00,-1.097280e+00,1.261833e-01
GRID,4304,,1.550574e+00,-8.534400e-01,1.419689e-01
GRID,4305,,1.550574e+00,8.534400e-01,1.419689e-01
GRID,4306,,1.552380e+00,1.097280e+00,5.804955e-02
GRID,4307,,1.556539e+00,-1.341120e+00,1.648053e-01
GRID,4308,,1.556515e+00,-1.341120e+00,1.197230e-01
GRID,4309,,1.549010e+00,-1.341120e+00,8.547597e-02
GRID,4310,,1.542587e+00,-1.682070e+00,1.027393e-01
GRID,4311,,1.542939e+00,-1.682490e+00,8.608604e-02
GRID,4312,,1.542939e+00,1.682490e+00,8.608604e-02
GRID,4313,,1.543039e+00,-1.682609e+00,1.563400e-01
GRID,4314,,1.543498e+00,-1.683156e+00,1.396578e-01
GRID,4315,,1.543039e+00,1.682609e+00,1.563400e-01
GRID,4316,,1.543097e+00,-1.682677e+00,1.217488e-01
GRID,4317,,1.554976e+00,1.584960e+00,1.314329e-01
GRID,4318,,1.551687e+00,-1.097280e+00,8.085378e-02
GRID,4319,,1.554200e+00,8.534400e-01,5.627332e-02
GRID,4320,,1.566330e+00,1.341120e+00,8.041408e-02
GRID,4321,,1.548327e+00,1.688911e+00,1.112745e-01
GRID,4322,,1.563876e+00,1.097280e+00,1.139845e-01
GRID,4323,,1.560424e+00,1.097280e+00,1.555332e-01
GRID,4324,,1.556539e+00,1.341120e+00,1.648053e-01
GRID,4325,,1.558535e+00,-8.534400e-01,1.046805e-01
GRID,4326,,1.532841e+00,-1.258594e-01,6.260808e-02
GRID,4327,,1.537445e+00,-1.258882e-01,6.260809e-02
GRID,4328,,1.537445e+00,-1.258904e-01,8.657957e-02
GRID,4329,,1.532841e+00,-1.258572e-01,3.865996e-02
GRID,4330,,1.537445e+00,-1.258861e-01,3.865996e-02
GRID,4331,,1.532841e+00,1.258594e-01,6.261414e-02
GRID,4332,,1.537445e+00,1.258882e-01,6.261414e-02
GRID,4333,,1.532841e+00,1.258572e-01,3.866410e-02
GRID,4334,,1.537445e+00,1.258904e-01,8.657957e-02
GRID,4335,,1.537445e+00,1.258861e-01,3.866410e-02
GRID,4336,,1.537445e+00,1.258839e-01,1.472883e-02
GRID,4337,,1.537445e+00,-1.258839e-01,1.472883e-02
GRID,4338,,1.557037e+00,-8.534400e-01,7.079834e-02
GRID,4339,,1.534345e+00,1.822250e+00,1.187972e-01
GRID,4340,,1.542393e+00,1.827617e+00,1.388255e-01
GRID,4341,,1.556600e+00,1.819384e+00,1.080987e-01
GRID,4342,,1.534347e+00,-1.822250e+00,1.187945e-01
GRID,4343,,1.556594e+00,-1.819384e+00,1.081004e-01
GRID,4344,,1.542381e+00,-1.827615e+00,1.388188e-01
GRID,4345,,1.560424e+00,-1.097280e+00,1.555332e-01
GRID,4346,,1.560382e+00,-1.097280e+00,3.766989e-02
GRID,4347,,1.560388e+00,1.097280e+00,3.767022e-02
GRID,4348,,1.556482e+00,-8.534400e-01,4.722134e-02
GRID,4349,,1.563991e+00,8.534400e-01,1.227031e-01
GRID,4350,,1.554036e+00,1.695715e+00,1.353206e-01
GRID,4351,,1.562543e+00,-1.584960e+00,1.635821e-01
GRID,4352,,1.561038e+00,-1.584960e+00,1.252540e-01
GRID,4353,,1.568951e+00,8.534400e-01,8.141183e-02
GRID,4354,,1.562543e+00,1.584960e+00,1.635821e-01
GRID,4355,,1.556253e+00,-1.584960e+00,9.655086e-02
GRID,4356,,1.562856e+00,-1.584960e+00,7.394066e-02
GRID,4357,,1.560387e+00,1.584960e+00,9.956305e-02
GRID,4358,,1.562856e+00,1.584960e+00,7.394066e-02
GRID,4359,,1.561583e+00,-6.096000e-01,4.079617e-02
GRID,4360,,1.562297e+00,-6.096000e-01,2.405616e-02
GRID,4361,,1.537445e+00,-5.904648e-01,4.729422e-02
GRID,4362,,1.537445e+00,-5.838234e-01,2.159545e-02
GRID,4363,,1.561686e+00,-6.096000e-01,6.637914e-02
GRID,4364,,1.537445e+00,-5.746532e-01,6.907027e-02
GRID,4365,,1.537445e+00,-5.866375e-01,9.032951e-02
GRID,4366,,1.537445e+00,-6.096000e-01,1.016394e-01
GRID,4367,,1.562718e+00,-6.096000e-01,9.464714e-02
GRID,4368,,1.537445e+00,-5.843173e-01,1.108556e-01
GRID,4369,,1.537445e+00,-6.096000e-01,1.281795e-01
GRID,4370,,1.556507e+00,-6.096000e-01,1.130174e-01
GRID,4371,,1.537445e+00,-5.839791e-01,1.268893e-01
GRID,4372,,1.562344e+00,-6.096000e-01,1.255078e-01
GRID,4373,,1.537445e+00,-5.573574e-01,4.274006e-02
GRID,4374,,1.537445e+00,-5.564432e-01,9.931850e-02
GRID,4375,,1.537445e+00,-5.583065e-01,1.267085e-01
GRID,4376,,1.537445e+00,-5.581417e-01,2.052337e-02
GRID,4377,,1.537445e+00,-5.427270e-01,7.294765e-02
GRID,4378,,1.537445e+00,-5.327137e-01,1.285308e-01
GRID,4379,,1.537445e+00,-5.325212e-01,1.842558e-02
GRID,4380,,1.537445e+00,-5.248410e-01,4.677620e-02
GRID,4381,,1.537445e+00,-5.248273e-01,1.009189e-01
GRID,4382,,1.537445e+00,-5.110074e-01,7.459251e-02
GRID,4383,,1.537445e+00,-5.071704e-01,1.309624e-01
GRID,4384,,1.537445e+00,-5.069162e-01,1.616641e-02
GRID,4385,,1.537445e+00,-4.895793e-01,4.785808e-02
GRID,4386,,1.537445e+00,-4.997046e-01,1.014744e-01
GRID,4387,,1.537445e+00,-4.813265e-01,8.264207e-02
GRID,4388,,1.537445e+00,-4.790585e-01,1.141721e-01
GRID,4389,,1.537445e+00,-4.816517e-01,1.336359e-01
GRID,4390,,1.537445e+00,-4.813098e-01,1.391845e-02
GRID,4391,,1.537445e+00,-4.546722e-01,3.525068e-02
GRID,4392,,1.537445e+00,-4.588528e-01,6.656574e-02
GRID,4393,,1.537445e+00,-4.561533e-01,1.364991e-01
GRID,4394,,1.537445e+00,-4.550566e-01,1.046054e-01
GRID,4395,,1.537445e+00,-4.557010e-01,1.169815e-02
GRID,4396,,1.537445e+00,-4.315777e-01,5.805614e-02
GRID,4397,,1.537445e+00,-4.335198e-01,9.476460e-02
GRID,4398,,1.537445e+00,-4.306757e-01,1.395403e-01
GRID,4399,,1.537445e+00,-4.300903e-01,9.499387e-03
GRID,4400,,1.537445e+00,-4.247221e-01,2.942635e-02
GRID,4401,,1.537445e+00,-4.115942e-01,7.552147e-02
GRID,4402,,1.537445e+00,-4.122766e-01,1.096386e-01
GRID,4403,,1.537445e+00,-4.073780e-01,4.259885e-02
GRID,4404,,1.537445e+00,-4.052185e-01,1.427491e-01
GRID,4405,,1.537445e+00,-4.044784e-01,7.315761e-03
GRID,4406,,1.537445e+00,-3.913721e-01,8.882365e-02
GRID,4407,,1.537445e+00,-3.881385e-01,1.185205e-01
GRID,4408,,1.537445e+00,-3.933025e-01,6.151901e-02
GRID,4409,,1.537445e+00,-3.868686e-01,3.412655e-02
GRID,4410,,1.537445e+00,-3.797814e-01,1.461126e-01
GRID,4411,,1.537445e+00,-3.788659e-01,5.138299e-03
GRID,4412,,1.537445e+00,-3.736071e-01,6.274135e-02
GRID,4413,,1.537445e+00,-3.659735e-01,9.234949e-02
GRID,4414,,1.537445e+00,-3.595068e-01,1.222609e-01
GRID,4415,,1.537445e+00,-3.638794e-01,3.205949e-02
GRID,4416,,1.537445e+00,-3.543633e-01,1.496170e-01
GRID,4417,,1.537445e+00,-3.532538e-01,2.955622e-03
GRID,4418,,1.537445e+00,-3.462403e-01,6.063783e-02
GRID,4419,,1.537445e+00,-3.388951e-01,9.435389e-02
GRID,4420,,1.537445e+00,-3.425530e-01,2.623574e-02
GRID,4421,,1.537445e+00,-3.345101e-01,1.247053e-01
GRID,4422,,1.537445e+00,-3.289624e-01,1.532443e-01
GRID,4423,,1.537445e+00,-3.276440e-01,7.468717e-04
GRID,4424,,1.537445e+00,-3.212761e-01,3.209065e-02
GRID,4425,,1.537445e+00,-3.167351e-01,6.670818e-02
GRID,4426,,1.537445e+00,-3.107992e-01,9.939383e-02
GRID,4427,,1.537445e+00,-3.111529e-01,1.292406e-01
GRID,4428,,1.537445e+00,-3.035767e-01,1.569759e-01
GRID,4429,,1.537445e+00,-3.020397e-01,-1.525063e-03
GRID,4430,,1.537445e+00,-2.984911e-01,3.990744e-02
GRID,4431,,1.537445e+00,-2.836224e-01,7.292259e-02
GRID,4432,,1.537445e+00,-2.835602e-01,1.196887e-01
GRID,4433,,1.537445e+00,-2.782031e-01,1.607894e-01
GRID,4434,,1.537445e+00,-2.768256e-01,2.835254e-02
GRID,4435,,1.537445e+00,-2.764475e-01,-3.930595e-03
GRID,4436,,1.537445e+00,-2.536238e-01,4.701661e-02
GRID,4437,,1.537445e+00,-2.563664e-01,9.313776e-02
GRID,4438,,1.537445e+00,-2.492893e-01,1.346817e-01
GRID,4439,,1.537445e+00,-2.528387e-01,1.646632e-01
GRID,4440,,1.537445e+00,-2.508815e-01,-6.599126e-03
GRID,4441,,1.537445e+00,-2.289125e-01,7.106198e-02
GRID,4442,,1.537445e+00,-2.288972e-01,1.071789e-01
GRID,4443,,1.537445e+00,-2.240506e-01,2.728368e-02
GRID,4444,,1.537445e+00,-2.274799e-01,1.685736e-01
GRID,4445,,1.537445e+00,-2.253721e-01,-9.769666e-03
GRID,4446,,1.537445e+00,-2.073037e-01,1.333341e-01
GRID,4447,,1.537445e+00,-1.969094e-01,5.324329e-02
GRID,4448,,1.537445e+00,-2.005020e-01,9.063979e-02
GRID,4449,,1.537445e+00,-2.021197e-01,1.724745e-01
GRID,4450,,1.537445e+00,-1.999849e-01,-1.383273e-02
GRID,4451,,1.537445e+00,-1.983962e-01,2.313968e-03
GRID,4452,,1.537445e+00,-1.919900e-01,2.313856e-02
GRID,4453,,1.537445e+00,-1.717266e-01,1.047622e-01
GRID,4454,,1.537445e+00,-1.779641e-01,1.400112e-01
GRID,4455,,1.537445e+00,-1.712942e-01,1.621065e-01
GRID,4456,,1.537445e+00,-1.767471e-01,1.762917e-01
GRID,4457,,1.537445e+00,-1.641127e-01,6.837643e-02
GRID,4458,,1.537445e+00,-1.748774e-01,-1.930597e-02
GRID,4459,,1.537445e+00,-1.696604e-01,2.091678e-03
GRID,4460,,1.537445e+00,-1.684705e-01,3.182163e-02
GRID,4461,,1.537445e+00,-1.495254e-01,1.224740e-01
GRID,4462,,1.537445e+00,-1.493912e-01,1.508686e-01
GRID,4463,,1.537445e+00,-1.513488e-01,1.799390e-01
GRID,4464,,1.537445e+00,-1.501842e-01,-2.650167e-02
GRID,4465,,1.537445e+00,-1.258857e-01,8.635194e-02
GRID,4466,,1.537445e+00,-1.470607e-01,5.843349e-03
GRID,4467,,1.537445e+00,-1.456772e-01,3.788326e-02
GRID,4468,,1.537445e+00,-1.258856e-01,6.210846e-02
GRID,4469,,1.537445e+00,-1.258860e-01,1.590824e-01
GRID,4470,,1.537445e+00,-1.258861e-01,1.833258e-01
GRID,4471,,1.537445e+00,-1.258853e-01,-1.062197e-02
GRID,4472,,1.537445e+00,-1.258852e-01,-3.486544e-02
GRID,4473,,1.537445e+00,-1.258859e-01,1.348389e-01
GRID,4474,,1.537445e+00,-1.258858e-01,1.105954e-01
GRID,4475,,1.537445e+00,-1.258854e-01,1.362151e-02
GRID,4476,,1.537445e+00,-1.258855e-01,3.786499e-02
GRID,4477,,1.537445e+00,-1.258882e-01,6.263791e-02
GRID,4478,,1.540473e+00,-1.259072e-01,6.263790e-02
GRID,4479,,1.540473e+00,-1.259093e-01,8.660488e-02
GRID,4480,,1.537445e+00,-1.258861e-01,3.868616e-02
GRID,4481,,1.537445e+00,-9.920515e-02,1.659102e-01
GRID,4482,,1.537445e+00,-1.007821e-01,1.862940e-01
GRID,4483,,1.539727e+00,-1.258982e-01,1.474789e-02
GRID,4484,,1.540473e+00,-1.259050e-01,3.868615e-02
GRID,4485,,1.537445e+00,-9.697903e-02,1.435170e-01
GRID,4486,,1.537445e+00,-9.591980e-02,1.167236e-01
GRID,4487,,1.537445e+00,-1.026804e-01,8.277660e-02
GRID,4488,,1.537445e+00,-9.740075e-02,5.299432e-02
GRID,4489,,1.537445e+00,-9.464921e-02,2.138435e-02
GRID,4490,,1.537445e+00,-1.015800e-01,-4.019040e-03
GRID,4491,,1.537445e+00,-1.073599e-01,-2.470508e-02
GRID,4492,,1.537445e+00,-1.014839e-01,-4.317634e-02
GRID,4493,,1.537445e+00,-8.465038e-02,-2.582394e-02
GRID,4494,,1.537445e+00,-6.940791e-02,6.992011e-02
GRID,4495,,1.537445e+00,-7.877615e-02,9.456153e-02
GRID,4496,,1.537445e+00,-7.313249e-02,-4.076641e-03
GRID,4497,,1.537445e+00,-7.669456e-02,-5.029309e-02
GRID,4498,,1.537445e+00,-7.330647e-02,1.716770e-01
GRID,4499,,1.537445e+00,-7.564965e-02,1.887905e-01
GRID,4500,,1.537445e+00,-7.152880e-02,1.526042e-01
GRID,4501,,1.537445e+00,-6.993098e-02,4.227872e-02
GRID,4502,,1.537445e+00,-7.088699e-02,1.318134e-01
GRID,4503,,1.537445e+00,-6.286003e-02,1.106859e-01
GRID,4504,,1.537445e+00,-6.130332e-02,1.783877e-02
GRID,4505,,1.537445e+00,-5.651004e-02,-2.792876e-02
GRID,4506,,1.537445e+00,-5.125935e-02,9.052451e-02
GRID,4507,,1.537445e+00,-5.149158e-02,-5.559229e-02
GRID,4508,,1.537445e+00,-4.820206e-02,1.786903e-01
GRID,4509,,1.537445e+00,-5.046751e-02,1.907053e-01
GRID,4510,,1.537445e+00,-4.593781e-02,1.603878e-01
GRID,4511,,1.537445e+00,-4.324702e-02,-3.072757e-03
GRID,4512,,1.537445e+00,-4.720305e-02,1.409130e-01
GRID,4513,,1.537445e+00,-4.812265e-02,1.229807e-01
GRID,4514,,1.537445e+00,-4.602243e-02,3.471180e-02
GRID,4515,,1.537445e+00,-4.300199e-02,5.411217e-02
GRID,4516,,1.537445e+00,-3.486292e-02,7.357194e-02
GRID,4517,,1.537445e+00,-3.637942e-02,1.079877e-01
GRID,4518,,1.537445e+00,-3.152693e-02,1.731427e-02
GRID,4519,,1.537445e+00,-3.513183e-02,-3.938476e-02
GRID,4520,,1.537445e+00,-2.779150e-02,-2.053257e-02
GRID,4521,,1.537445e+00,-2.589445e-02,-5.883832e-02
GRID,4522,,1.537445e+00,-2.351921e-02,9.201237e-02
GRID,4523,,1.537445e+00,-2.524022e-02,1.919274e-01
GRID,4524,,1.537445e+00,-2.109736e-02,1.720861e-01
GRID,4525,,1.537445e+00,-2.751273e-02,1.274714e-01
GRID,4526,,1.537445e+00,-2.192144e-02,1.489216e-01
GRID,4527,,1.537445e+00,-2.175637e-02,3.775226e-02
GRID,4528,,1.537445e+00,-1.115751e-02,-9.842325e-04
GRID,4529,,1.537445e+00,-1.452980e-02,5.740690e-02
GRID,4530,,1.537445e+00,-1.254463e-02,1.113345e-01
GRID,4531,,1.537445e+00,-1.355702e-02,-3.929998e-02
GRID,4532,,1.537445e+00,-1.133815e-02,7.635719e-02
GRID,4533,,1.537445e+00,-3.325483e-03,2.045518e-02
GRID,4534,,1.537445e+00,-5.167645e-03,-2.225129e-02
GRID,4535,,1.537445e+00,-4.269359e-03,1.340152e-01
GRID,4536,,1.537445e+00,-1.373595e-04,-5.993490e-02
GRID,4537,,1.537445e+00,1.386309e-05,1.923578e-01
GRID,4538,,1.537445e+00,1.788681e-03,9.300081e-02
GRID,4539,,1.537445e+00,3.780671e-03,1.623533e-01
GRID,4540,,1.537445e+00,4.067921e-03,4.292142e-02
GRID,4541,,1.537445e+00,1.150883e-02,6.917368e-02
GRID,4542,,1.537445e+00,9.140978e-03,-3.910232e-02
GRID,4543,,1.537445e+00,1.065781e-02,1.153287e-01
GRID,4544,,1.537445e+00,1.320777e-02,-1.766557e-02
GRID,4545,,1.537445e+00,1.736556e-02,2.998769e-03
GRID,4546,,1.537445e+00,1.763590e-02,1.385307e-01
GRID,4547,,1.537445e+00,2.334535e-02,2.500524e-02
GRID,4548,,1.537445e+00,2.563320e-02,-5.886112e-02
GRID,4549,,1.537445e+00,2.526552e-02,1.919276e-01
GRID,4550,,1.537445e+00,2.582162e-02,9.605724e-02
GRID,4551,,1.537445e+00,3.120263e-02,1.650762e-01
GRID,4552,,1.537445e+00,2.765525e-02,4.839285e-02
GRID,4553,,1.537445e+00,3.126969e-02,-3.578688e-02
GRID,4554,,1.537445e+00,3.240153e-02,1.212708e-01
GRID,4555,,1.537445e+00,3.554681e-02,7.150582e-02
GRID,4556,,1.537445e+00,3.249937e-02,-1.509476e-02
GRID,4557,,1.537445e+00,4.488499e-02,4.814688e-03
GRID,4558,,1.537445e+00,3.783626e-02,1.425846e-01
GRID,4559,,1.537445e+00,4.599987e-02,3.227791e-02
GRID,4560,,1.537445e+00,5.049445e-02,1.907023e-01
GRID,4561,,1.537445e+00,5.122758e-02,-5.563619e-02
GRID,4562,,1.537445e+00,4.696881e-02,8.996174e-02
GRID,4563,,1.537445e+00,4.931610e-02,1.090210e-01
GRID,4564,,1.537445e+00,5.046489e-02,5.417054e-02
GRID,4565,,1.537445e+00,5.863927e-02,1.603445e-01
GRID,4566,,1.537445e+00,5.556652e-02,-2.494683e-02
GRID,4567,,1.537445e+00,5.566618e-02,1.313144e-01
GRID,4568,,1.537445e+00,5.880520e-02,7.451776e-02
GRID,4569,,1.537445e+00,7.517656e-02,-1.466924e-03
GRID,4570,,1.537445e+00,6.322862e-02,1.985360e-02
GRID,4571,,1.537445e+00,6.707158e-02,4.023127e-02
GRID,4572,,1.537445e+00,6.683827e-02,9.467125e-02
GRID,4573,,1.537445e+00,7.280812e-02,1.165841e-01
GRID,4574,,1.537445e+00,7.031942e-02,5.874902e-02
GRID,4575,,1.537445e+00,7.567390e-02,1.887876e-01
GRID,4576,,1.537445e+00,7.644513e-02,-5.035503e-02
GRID,4577,,1.537445e+00,8.141089e-02,-2.583184e-02
GRID,4578,,1.537445e+00,7.852883e-02,1.389090e-01
GRID,4579,,1.537445e+00,9.061897e-02,1.638387e-01
GRID,4580,,1.537445e+00,8.440289e-02,7.475187e-02
GRID,4581,,1.537445e+00,8.400443e-02,2.505156e-02
GRID,4582,,1.537445e+00,9.268618e-02,1.014065e-01
GRID,4583,,1.537445e+00,8.741189e-02,4.820671e-02
GRID,4584,,1.537445e+00,1.000372e-01,1.236894e-01
GRID,4585,,1.537445e+00,1.019235e-01,-1.594337e-02
GRID,4586,,1.537445e+00,1.022410e-01,8.520917e-03
GRID,4587,,1.537445e+00,1.008069e-01,1.862909e-01
GRID,4588,,1.537445e+00,1.012397e-01,-4.325426e-02
GRID,4589,,1.537445e+00,1.033305e-01,1.442274e-01
GRID,4590,,1.537445e+00,1.053431e-01,3.213970e-02
GRID,4591,,1.537445e+00,1.053366e-01,5.856821e-02
GRID,4592,,1.537445e+00,1.070997e-01,8.507126e-02
GRID,4593,,1.537445e+00,1.258860e-01,1.590816e-01
GRID,4594,,1.537445e+00,1.258858e-01,1.105948e-01
GRID,4595,,1.537445e+00,1.258859e-01,1.348382e-01
GRID,4596,,1.537445e+00,1.258861e-01,1.833250e-01
GRID,4597,,1.537445e+00,1.258852e-01,-3.486565e-02
GRID,4598,,1.537445e+00,1.258853e-01,-1.062225e-02
GRID,4599,,1.537445e+00,1.258854e-01,1.362116e-02
GRID,4600,,1.537445e+00,1.258855e-01,3.786457e-02
GRID,4601,,1.537445e+00,1.258856e-01,6.210798e-02
GRID,4602,,1.537445e+00,1.258857e-01,8.635139e-02
GRID,4603,,1.537445e+00,1.258861e-01,3.868279e-02
GRID,4604,,1.539727e+00,1.258982e-01,1.474789e-02
GRID,4605,,1.537445e+00,1.502211e-01,-2.648989e-02
GRID,4606,,1.537445e+00,1.489965e-01,-8.274437e-04
GRID,4607,,1.537445e+00,1.467655e-01,2.366858e-02
GRID,4608,,1.537445e+00,1.460580e-01,6.889205e-02
GRID,4609,,1.537445e+00,1.634789e-01,4.858979e-02
GRID,4610,,1.537445e+00,1.476564e-01,9.936668e-02
GRID,4611,,1.537445e+00,1.461992e-01,1.246812e-01
GRID,4612,,1.537445e+00,1.468415e-01,1.507933e-01
GRID,4613,,1.537445e+00,1.513207e-01,1.799429e-01
GRID,4614,,1.537445e+00,1.258882e-01,6.263561e-02
GRID,4615,,1.540473e+00,1.259072e-01,6.263561e-02
GRID,4616,,1.540473e+00,1.259050e-01,3.868279e-02
GRID,4617,,1.540473e+00,1.259093e-01,8.660488e-02
GRID,4618,,1.537445e+00,1.709244e-01,8.510223e-02
GRID,4619,,1.537445e+00,1.698459e-01,1.165470e-01
GRID,4620,,1.537445e+00,1.637412e-01,1.376941e-01
GRID,4621,,1.537445e+00,1.683969e-01,1.614861e-02
GRID,4622,,1.537445e+00,1.720246e-01,1.587050e-01
GRID,4623,,1.537445e+00,1.748999e-01,-1.930047e-02
GRID,4624,,1.537445e+00,1.767184e-01,1.762957e-01
GRID,4625,,1.537445e+00,1.904939e-01,3.518265e-02
GRID,4626,,1.537445e+00,1.942882e-01,6.901438e-02
GRID,4627,,1.537445e+00,1.885021e-01,1.397421e-01
GRID,4628,,1.537445e+00,1.886826e-01,6.913198e-03
GRID,4629,,1.537445e+00,1.991571e-01,1.068815e-01
GRID,4630,,1.537445e+00,2.020910e-01,1.724786e-01
GRID,4631,,1.537445e+00,2.000293e-01,-1.382447e-02
GRID,4632,,1.537445e+00,2.124017e-01,1.403760e-01
GRID,4633,,1.537445e+00,2.118944e-01,1.534430e-02
GRID,4634,,1.537445e+00,2.194156e-01,4.705566e-02
GRID,4635,,1.537445e+00,2.248689e-01,8.289952e-02
GRID,4636,,1.537445e+00,2.326246e-01,1.169531e-01
GRID,4637,,1.537445e+00,2.254121e-01,-9.764046e-03
GRID,4638,,1.537445e+00,2.274509e-01,1.685781e-01
GRID,4639,,1.537445e+00,2.443859e-01,2.061940e-02
GRID,4640,,1.537445e+00,2.371846e-01,1.446549e-01
GRID,4641,,1.537445e+00,2.502092e-01,5.844379e-02
GRID,4642,,1.537445e+00,2.592511e-01,9.532237e-02
GRID,4643,,1.537445e+00,2.509257e-01,-6.594128e-03
GRID,4644,,1.537445e+00,2.528093e-01,1.646677e-01
GRID,4645,,1.537445e+00,2.659154e-01,1.311223e-01
GRID,4646,,1.537445e+00,2.764914e-01,-3.926268e-03
GRID,4647,,1.537445e+00,2.741884e-01,3.459959e-02
GRID,4648,,1.537445e+00,2.834164e-01,7.088674e-02
GRID,4649,,1.537445e+00,2.781733e-01,1.607938e-01
GRID,4650,,1.537445e+00,2.981625e-01,1.057646e-01
GRID,4651,,1.537445e+00,2.991092e-01,1.373058e-01
GRID,4652,,1.537445e+00,2.953401e-01,1.911744e-02
GRID,4653,,1.537445e+00,3.051852e-01,4.587429e-02
GRID,4654,,1.537445e+00,3.020858e-01,-1.520859e-03
GRID,4655,,1.537445e+00,3.035464e-01,1.569803e-01
GRID,4656,,1.537445e+00,3.224980e-01,7.369357e-02
GRID,4657,,1.537445e+00,3.212173e-01,2.010044e-02
GRID,4658,,1.537445e+00,3.416315e-01,9.988544e-02
GRID,4659,,1.537445e+00,3.296891e-01,1.282471e-01
GRID,4660,,1.537445e+00,3.289318e-01,1.532487e-01
GRID,4661,,1.537445e+00,3.276925e-01,7.511038e-04
GRID,4662,,1.537445e+00,3.401074e-01,4.182577e-02
GRID,4663,,1.537445e+00,3.533046e-01,2.959982e-03
GRID,4664,,1.537445e+00,3.644456e-01,6.861166e-02
GRID,4665,,1.537445e+00,3.543322e-01,1.496213e-01
GRID,4666,,1.537445e+00,3.627422e-01,1.236441e-01
GRID,4667,,1.537445e+00,3.705706e-01,3.341962e-02
GRID,4668,,1.537445e+00,3.779023e-01,9.780680e-02
GRID,4669,,1.537445e+00,3.789190e-01,5.142775e-03
GRID,4670,,1.537445e+00,3.797498e-01,1.461169e-01
GRID,4671,,1.537445e+00,3.953376e-01,1.211197e-01
GRID,4672,,1.537445e+00,3.972176e-01,5.025769e-02
GRID,4673,,1.537445e+00,4.009456e-01,7.718476e-02
GRID,4674,,1.537445e+00,3.957687e-01,2.533368e-02
GRID,4675,,1.537445e+00,4.077310e-01,1.012841e-01
GRID,4676,,1.537445e+00,4.045338e-01,7.320503e-03
GRID,4677,,1.537445e+00,4.051866e-01,1.427533e-01
GRID,4678,,1.537445e+00,4.277449e-01,1.189558e-01
GRID,4679,,1.537445e+00,4.194930e-01,3.172581e-02
GRID,4680,,1.537445e+00,4.262159e-01,5.991126e-02
GRID,4681,,1.537445e+00,4.293292e-01,8.920160e-02
GRID,4682,,1.537445e+00,4.301481e-01,9.504395e-03
GRID,4683,,1.537445e+00,4.306432e-01,1.395441e-01
GRID,4684,,1.537445e+00,4.519382e-01,3.741786e-02
GRID,4685,,1.537445e+00,4.540881e-01,7.271384e-02
GRID,4686,,1.537445e+00,4.539682e-01,1.055575e-01
GRID,4687,,1.537445e+00,4.561205e-01,1.365029e-01
GRID,4688,,1.537445e+00,4.557611e-01,1.170337e-02
GRID,4689,,1.537445e+00,4.813722e-01,1.392387e-02
GRID,4690,,1.537445e+00,4.798095e-01,5.321126e-02
GRID,4691,,1.537445e+00,4.788091e-01,8.617890e-02
GRID,4692,,1.537445e+00,4.787933e-01,1.152073e-01
GRID,4693,,1.537445e+00,4.816185e-01,1.336395e-01
GRID,4694,,1.537445e+00,4.983878e-01,1.027482e-01
GRID,4695,,1.537445e+00,5.071365e-01,1.309659e-01
GRID,4696,,1.537445e+00,5.074497e-01,7.294100e-02
GRID,4697,,1.537445e+00,5.057127e-01,3.886089e-02
GRID,4698,,1.537445e+00,5.069810e-01,1.617212e-02
GRID,4699,,1.537445e+00,5.203042e-01,1.035759e-01
GRID,4700,,1.537445e+00,5.325887e-01,1.843152e-02
GRID,4701,,1.537445e+00,5.335378e-01,4.842735e-02
GRID,4702,,1.537445e+00,5.326796e-01,1.285336e-01
GRID,4703,,1.537445e+00,5.386689e-01,7.764256e-02
GRID,4704,,1.537445e+00,5.431014e-01,1.055342e-01
GRID,4705,,1.537445e+00,5.582102e-01,2.052827e-02
GRID,4706,,1.537445e+00,5.582570e-01,1.267103e-01
GRID,4707,,1.537445e+00,5.639461e-01,5.287202e-02
GRID,4708,,1.537445e+00,5.659566e-01,8.897478e-02
GRID,4709,,1.537445e+00,5.838983e-01,2.159708e-02
GRID,4710,,1.537445e+00,5.853281e-01,1.083684e-01
GRID,4711,,1.537445e+00,5.839274e-01,1.268869e-01
GRID,4712,,1.537445e+00,5.906320e-01,4.160500e-02
GRID,4713,,1.537445e+00,5.872244e-01,6.501529e-02
GRID,4714,,1.537445e+00,5.918525e-01,8.820571e-02
GRID,4715,,1.537445e+00,6.096000e-01,1.016394e-01
GRID,4716,,1.560087e+00,6.096000e-01,3.881053e-02
GRID,4717,,1.562297e+00,6.096000e-01,2.405616e-02
GRID,4718,,1.568260e+00,6.096000e-01,5.840372e-02
GRID,4719,,1.563361e+00,6.096000e-01,8.669693e-02
GRID,4720,,1.562129e+00,6.096000e-01,1.092388e-01
GRID,4721,,1.562344e+00,6.096000e-01,1.255078e-01
GRID,4722,,1.565751e+00,1.097280e+00,8.340151e-02
GRID,4723,,1.555829e+00,-1.259990e-01,1.488241e-02
GRID,4724,,1.540473e+00,-1.259038e-01,2.572232e-02
GRID,4725,,1.540473e+00,1.259038e-01,2.538500e-02
GRID,4726,,1.548356e+00,1.259531e-01,2.494931e-02
GRID,4727,,1.555524e+00,1.259971e-01,1.487986e-02
GRID,4728,,1.540473e+00,-1.259073e-01,6.432404e-02
GRID,4729,,1.566892e+00,-1.260747e-01,8.682559e-02
GRID,4730,,1.540473e+00,-1.259052e-01,4.133523e-02
GRID,4731,,1.564553e+00,-1.260573e-01,5.591249e-02
GRID,4732,,1.561163e+00,-1.260340e-01,3.267483e-02
GRID,4733,,1.540473e+00,1.259052e-01,4.051041e-02
GRID,4734,,1.540473e+00,1.259073e-01,6.368173e-02
GRID,4735,,1.560827e+00,1.260345e-01,6.107740e-02
GRID,4736,,1.561886e+00,1.260387e-01,3.453761e-02
GRID,4737,,1.566892e+00,1.260747e-01,8.682559e-02
GRID,4738,,1.570292e+00,-1.097280e+00,9.697815e-02
GRID,4739,,1.564101e+00,-1.341120e+00,7.027744e-02
GRID,4740,,1.566839e+00,-1.341120e+00,5.212487e-02
GRID,4741,,1.566842e+00,1.341120e+00,5.212490e-02
GRID,4742,,1.567376e+00,-8.534400e-01,2.938441e-02
GRID,4743,,1.567380e+00,8.534400e-01,2.938469e-02
GRID,4744,,1.566227e+00,-1.829435e+00,1.456094e-01
GRID,4745,,1.566249e+00,1.829435e+00,1.456094e-01
GRID,4746,,1.559246e+00,-1.701923e+00,1.198931e-01
GRID,4747,,1.559311e+00,-1.702001e+00,8.723618e-02
GRID,4748,,1.559311e+00,1.702001e+00,8.723618e-02
GRID,4749,,1.559424e+00,-1.702135e+00,1.572901e-01
GRID,4750,,1.559424e+00,1.702135e+00,1.572901e-01
GRID,4751,,1.569823e+00,-1.097280e+00,6.475917e-02
GRID,4752,,1.575261e+00,1.341120e+00,1.095673e-01
GRID,4753,,1.568184e+00,1.712575e+00,1.123135e-01
GRID,4754,,1.575740e+00,-1.341120e+00,9.179697e-02
GRID,4755,,1.580606e+00,8.534400e-01,1.043986e-01
GRID,4756,,1.575674e+00,-8.534400e-01,1.397586e-01
GRID,4757,,1.575674e+00,8.534400e-01,1.397586e-01
GRID,4758,,1.576075e+00,-1.097280e+00,1.259239e-01
GRID,4759,,1.585262e+00,1.097280e+00,6.175218e-02
GRID,4760,,1.571885e+00,1.716986e+00,1.389872e-01
GRID,4761,,1.584066e+00,8.534400e-01,5.794330e-02
GRID,4762,,1.581617e+00,1.584960e+00,1.157198e-01
GRID,4763,,1.577877e+00,1.584960e+00,1.418967e-01
GRID,4764,,1.577539e+00,1.261349e-01,1.506379e-02
GRID,4765,,1.578037e+00,-1.261380e-01,1.506795e-02
GRID,4766,,1.578165e+00,-1.584960e+00,9.869582e-02
GRID,4767,,1.577218e+00,-8.534400e-01,5.274386e-02
GRID,4768,,1.587233e+00,-6.096000e-01,1.227519e-01
GRID,4769,,1.581807e+00,-1.341120e+00,1.368840e-01
GRID,4770,,1.586482e+00,-1.341120e+00,1.107029e-01
GRID,4771,,1.581639e+00,-1.341120e+00,1.650117e-01
GRID,4772,,1.581639e+00,1.341120e+00,1.650117e-01
GRID,4773,,1.580797e+00,-1.817973e+00,1.028339e-01
GRID,4774,,1.584145e+00,1.822981e+00,1.215226e-01
GRID,4775,,1.580765e+00,1.817975e+00,1.028394e-01
GRID,4776,,1.581514e+00,-8.534400e-01,7.974898e-02
GRID,4777,,1.589224e+00,1.341120e+00,1.351725e-01
GRID,4778,,1.587735e+00,-8.534400e-01,1.095473e-01
GRID,4779,,1.575744e+00,-1.721585e+00,1.233342e-01
GRID,4780,,1.575684e+00,-1.721514e+00,8.832815e-02
GRID,4781,,1.575684e+00,1.721514e+00,8.832815e-02
GRID,4782,,1.575807e+00,-1.721660e+00,1.583112e-01
GRID,4783,,1.575807e+00,1.721660e+00,1.583112e-01
GRID,4784,,1.587147e+00,6.096000e-01,2.611146e-02
GRID,4785,,1.585789e+00,-1.097280e+00,3.912537e-02
GRID,4786,,1.587140e+00,1.584960e+00,9.086625e-02
GRID,4787,,1.585795e+00,1.097280e+00,3.912573e-02
GRID,4788,,1.585889e+00,-1.097280e+00,1.540765e-01
GRID,4789,,1.590815e+00,1.097280e+00,1.286280e-01
GRID,4790,,1.585889e+00,1.097280e+00,1.540765e-01
GRID,4791,,1.590713e+00,1.262221e-01,6.737986e-02
GRID,4792,,1.583170e+00,1.261728e-01,4.449299e-02
GRID,4793,,1.580845e+00,-1.584960e+00,1.435270e-01
GRID,4794,,1.590845e+00,-1.584960e+00,1.207857e-01
GRID,4795,,1.584790e+00,-1.261828e-01,4.288067e-02
GRID,4796,,1.587147e+00,-6.096000e-01,2.611146e-02
GRID,4797,,1.583237e+00,-6.096000e-01,5.438757e-02
GRID,4798,,1.585415e+00,-6.096000e-01,8.428497e-02
GRID,4799,,1.587233e+00,6.096000e-01,1.227519e-01
GRID,4800,,1.587354e+00,6.096000e-01,1.002554e-01
GRID,4801,,1.587992e+00,-1.584960e+00,1.655332e-01
GRID,4802,,1.587992e+00,1.584960e+00,1.655332e-01
GRID,4803,,1.588320e+00,-1.584960e+00,7.307471e-02
GRID,4804,,1.588320e+00,1.584960e+00,7.307471e-02
GRID,4805,,1.587480e+00,6.096000e-01,7.509226e-02
GRID,4806,,1.597930e+00,1.097280e+00,9.304412e-02
GRID,4807,,1.588037e+00,8.534400e-01,1.231458e-01
GRID,4808,,1.589443e+00,-1.341120e+00,7.049318e-02
GRID,4809,,1.590922e+00,-1.262234e-01,6.722192e-02
GRID,4810,,1.596715e+00,-1.823660e+00,1.240584e-01
GRID,4811,,1.591045e+00,-1.829435e+00,1.456094e-01
GRID,4812,,1.591077e+00,1.829435e+00,1.456094e-01
GRID,4813,,1.592725e+00,1.341120e+00,5.253374e-02
GRID,4814,,1.603045e+00,1.341120e+00,8.300638e-02
GRID,4815,,1.592722e+00,-1.341120e+00,5.253368e-02
GRID,4816,,1.593312e+00,-1.262402e-01,8.704631e-02
GRID,4817,,1.593312e+00,1.262402e-01,8.704631e-02
GRID,4818,,1.593051e+00,-8.534400e-01,3.134054e-02
GRID,4819,,1.593055e+00,8.534400e-01,3.134083e-02
GRID,4820,,1.588885e+00,1.737245e+00,1.064025e-01
GRID,4821,,1.584779e+00,1.732352e+00,1.250421e-01
GRID,4822,,1.596396e+00,6.096000e-01,5.001330e-02
GRID,4823,,1.604832e+00,8.534400e-01,8.580133e-02
GRID,4824,,1.591927e+00,-1.097280e+00,6.909393e-02
GRID,4825,,1.596030e+00,-1.097280e+00,9.858643e-02
GRID,4826,,1.591915e+00,1.740857e+00,1.433430e-01
GRID,4827,,1.600660e+00,1.341120e+00,1.113863e-01
GRID,4828,,1.600762e+00,-8.534400e-01,1.374129e-01
GRID,4829,,1.600762e+00,8.534400e-01,1.374129e-01
GRID,4830,,1.592058e+00,-1.741028e+00,8.939246e-02
GRID,4831,,1.592058e+00,1.741028e+00,8.939246e-02
GRID,4832,,1.606218e+00,-1.341120e+00,8.917326e-02
GRID,4833,,1.592120e+00,-1.741101e+00,1.244214e-01
GRID,4834,,1.592187e+00,-1.741181e+00,1.594353e-01
GRID,4835,,1.592187e+00,1.741181e+00,1.594353e-01
GRID,4836,,1.602902e+00,-1.097280e+00,1.260059e-01
GRID,4837,,1.600465e+00,-8.534400e-01,5.716329e-02
GRID,4838,,1.598588e+00,1.262682e-01,3.190256e-02
GRID,4839,,1.603154e+00,1.262953e-01,1.527779e-02
GRID,4840,,1.600395e+00,1.584960e+00,1.318993e-01
GRID,4841,,1.598769e+00,-1.262693e-01,3.116750e-02
GRID,4842,,1.603600e+00,-1.262981e-01,1.528151e-02
GRID,4843,,1.603886e+00,-1.584960e+00,9.781287e-02
GRID,4844,,1.607036e+00,8.534400e-01,1.125418e-01
GRID,4845,,1.605309e+00,1.816997e+00,9.919029e-02
GRID,4846,,1.605329e+00,-1.816996e+00,9.918778e-02
GRID,4847,,1.604748e+00,-1.584960e+00,1.438153e-01
GRID,4848,,1.611714e+00,-8.534400e-01,8.507246e-02
GRID,4849,,1.607943e+00,1.584960e+00,1.028542e-01
GRID,4850,,1.606741e+00,-1.341120e+00,1.648276e-01
GRID,4851,,1.608511e+00,-1.341120e+00,1.441582e-01
GRID,4852,,1.610541e+00,1.341120e+00,1.472195e-01
GRID,4853,,1.606741e+00,1.341120e+00,1.648276e-01
GRID,4854,,1.611428e+00,-1.341120e+00,1.175110e-01
GRID,4855,,1.609706e+00,1.263400e-01,5.629499e-02
GRID,4856,,1.602386e+00,-6.096000e-01,4.485584e-02
GRID,4857,,1.605083e+00,-6.096000e-01,6.746645e-02
GRID,4858,,1.617330e+00,8.534400e-01,5.735288e-02
GRID,4859,,1.610408e+00,1.823117e+00,1.220297e-01
GRID,4860,,1.605174e+00,1.756658e+00,1.249737e-01
GRID,4861,,1.610119e+00,-1.263425e-01,5.539304e-02
GRID,4862,,1.611195e+00,1.097280e+00,4.071061e-02
GRID,4863,,1.616663e+00,1.097280e+00,6.490534e-02
GRID,4864,,1.610976e+00,-6.096000e-01,9.563380e-02
GRID,4865,,1.611189e+00,-1.097280e+00,4.071022e-02
GRID,4866,,1.611341e+00,-1.097280e+00,1.524126e-01
GRID,4867,,1.611341e+00,1.097280e+00,1.524126e-01
GRID,4868,,1.613791e+00,1.584960e+00,7.239359e-02
GRID,4869,,1.611997e+00,-6.096000e-01,2.817873e-02
GRID,4870,,1.611997e+00,6.096000e-01,2.817873e-02
GRID,4871,,1.612113e+00,-6.096000e-01,1.199157e-01
GRID,4872,,1.612113e+00,6.096000e-01,1.199157e-01
GRID,4873,,1.608784e+00,6.096000e-01,9.121075e-02
GRID,4874,,1.607940e+00,6.096000e-01,6.795710e-02
GRID,4875,,1.615760e+00,-8.534400e-01,1.126651e-01
GRID,4876,,1.613463e+00,-1.584960e+00,1.671716e-01
GRID,4877,,1.617986e+00,1.584960e+00,1.455370e-01
GRID,4878,,1.613463e+00,1.584960e+00,1.671716e-01
GRID,4879,,1.613791e+00,-1.584960e+00,7.239359e-02
GRID,4880,,1.608432e+00,1.760541e+00,9.047498e-02
GRID,4881,,1.619310e+00,1.341120e+00,1.252611e-01
GRID,4882,,1.618597e+00,-1.341120e+00,5.326669e-02
GRID,4883,,1.619731e+00,1.264056e-01,8.726704e-02
GRID,4884,,1.624432e+00,1.097280e+00,1.177555e-01
GRID,4885,,1.620194e+00,-1.584960e+00,1.218258e-01
GRID,4886,,1.619731e+00,-1.264056e-01,8.726704e-02
GRID,4887,,1.615864e+00,-1.829435e+00,1.456094e-01
GRID,4888,,1.615906e+00,1.829435e+00,1.456094e-01
GRID,4889,,1.608564e+00,1.760698e+00,1.606905e-01
GRID,4890,,1.616613e+00,-1.097280e+00,7.116007e-02
GRID,4891,,1.608432e+00,-1.760541e+00,9.047498e-02
GRID,4892,,1.608418e+00,-1.760525e+00,1.258187e-01
GRID,4893,,1.608564e+00,-1.760698e+00,1.606905e-01
GRID,4894,,1.618600e+00,1.341120e+00,5.326679e-02
GRID,4895,,1.618721e+00,-8.534400e-01,3.335939e-02
GRID,4896,,1.618725e+00,8.534400e-01,3.335968e-02
GRID,4897,,1.621817e+00,-1.097280e+00,9.946585e-02
GRID,4898,,1.620647e+00,6.096000e-01,4.864491e-02
GRID,4899,,1.622273e+00,-1.822973e+00,1.214951e-01
GRID,4900,,1.632962e+00,1.097280e+00,8.436727e-02
GRID,4901,,1.620945e+00,1.264085e-01,3.545707e-02
GRID,4902,,1.621855e+00,-1.264141e-01,3.530727e-02
GRID,4903,,1.628938e+00,1.584960e+00,1.166643e-01
GRID,4904,,1.622872e+00,-8.534400e-01,6.021321e-02
GRID,4905,,1.627732e+00,1.341120e+00,9.987990e-02
GRID,4906,,1.625837e+00,-8.534400e-01,1.349409e-01
GRID,4907,,1.625837e+00,8.534400e-01,1.349409e-01
GRID,4908,,1.621882e+00,-6.096000e-01,4.913821e-02
GRID,4909,,1.629427e+00,-1.097280e+00,1.252165e-01
GRID,4910,,1.644896e+00,1.341120e+00,7.565874e-02
GRID,4911,,1.628769e+00,1.264557e-01,1.549179e-02
GRID,4912,,1.629162e+00,-1.264581e-01,1.549507e-02
GRID,4913,,1.633310e+00,-1.584960e+00,9.774388e-02
GRID,4914,,1.632568e+00,-1.584960e+00,1.449410e-01
GRID,4915,,1.644301e+00,8.534400e-01,7.898039e-02
GRID,4916,,1.631604e+00,8.534400e-01,1.087005e-01
GRID,4917,,1.628961e+00,-6.096000e-01,7.224876e-02
GRID,4918,,1.624789e+00,1.780035e+00,1.116355e-01
GRID,4919,,1.625496e+00,1.780878e+00,1.380792e-01
GRID,4920,,1.629970e+00,1.816257e+00,9.642804e-02
GRID,4921,,1.629981e+00,-1.816256e+00,9.642696e-02
GRID,4922,,1.636172e+00,-1.341120e+00,9.419876e-02
GRID,4923,,1.631836e+00,-1.341120e+00,1.642772e-01
GRID,4924,,1.631836e+00,1.341120e+00,1.642772e-01
GRID,4925,,1.627306e+00,6.096000e-01,7.243947e-02
GRID,4926,,1.635813e+00,1.584960e+00,9.044998e-02
GRID,4927,,1.622631e+00,-1.777463e+00,1.327018e-01
GRID,4928,,1.624802e+00,-1.780051e+00,9.165046e-02
GRID,4929,,1.624802e+00,1.780051e+00,9.165046e-02
GRID,4930,,1.637309e+00,-1.341120e+00,1.338343e-01
GRID,4931,,1.624933e+00,-1.780207e+00,1.621379e-01
GRID,4932,,1.624933e+00,1.780207e+00,1.621379e-01
GRID,4933,,1.631415e+00,6.096000e-01,9.598386e-02
GRID,4934,,1.633245e+00,1.264878e-01,6.087049e-02
GRID,4935,,1.634286e+00,-1.264943e-01,6.063588e-02
GRID,4936,,1.635504e+00,1.822781e+00,1.207786e-01
GRID,4937,,1.641107e+00,1.341120e+00,1.385105e-01
GRID,4938,,1.642346e+00,-6.096000e-01,9.366956e-02
GRID,4939,,1.636984e+00,-6.096000e-01,1.169996e-01
GRID,4940,,1.636582e+00,-1.097280e+00,4.239048e-02
GRID,4941,,1.636588e+00,1.097280e+00,4.239088e-02
GRID,4942,,1.636781e+00,-1.097280e+00,1.505759e-01
GRID,4943,,1.636781e+00,1.097280e+00,1.505759e-01
GRID,4944,,1.641120e+00,-8.534400e-01,9.540558e-02
GRID,4945,,1.643993e+00,-8.534400e-01,7.313521e-02
GRID,4946,,1.636845e+00,-6.096000e-01,3.025728e-02
GRID,4947,,1.636845e+00,6.096000e-01,3.025728e-02
GRID,4948,,1.636984e+00,6.096000e-01,1.169996e-01
GRID,4949,,1.638953e+00,-1.584960e+00,1.684947e-01
GRID,4950,,1.638953e+00,1.584960e+00,1.684947e-01
GRID,4951,,1.639265e+00,-1.584960e+00,7.191345e-02
GRID,4952,,1.639265e+00,1.584960e+00,7.191345e-02
GRID,4953,,1.640218e+00,-8.534400e-01,1.169336e-01
GRID,4954,,1.640682e+00,-1.829435e+00,1.456094e-01
GRID,4955,,1.640734e+00,1.829435e+00,1.456094e-01
GRID,4956,,1.641368e+00,-1.097280e+00,7.163305e-02
GRID,4957,,1.645011e+00,1.097280e+00,6.284174e-02
GRID,4958,,1.644392e+00,8.534400e-01,3.541697e-02
GRID,4959,,1.646628e+00,1.584960e+00,1.327609e-01
GRID,4960,,1.644465e+00,-1.341120e+00,5.423337e-02
GRID,4961,,1.644468e+00,1.341120e+00,5.423349e-02
GRID,4962,,1.643820e+00,-8.534400e-01,5.191093e-02
GRID,4963,,1.644389e+00,-8.534400e-01,3.541667e-02
GRID,4964,,1.645743e+00,1.341120e+00,1.151211e-01
GRID,4965,,1.646150e+00,-1.265710e-01,8.748775e-02
GRID,4966,,1.646150e+00,1.265710e-01,8.748775e-02
GRID,4967,,1.653800e+00,-1.584960e+00,1.220182e-01
GRID,4968,,1.644038e+00,6.096000e-01,5.203376e-02
GRID,4969,,1.643072e+00,1.265471e-01,3.680589e-02
GRID,4970,,1.646981e+00,-1.097280e+00,9.855125e-02
GRID,4971,,1.650034e+00,-1.265908e-01,3.791632e-02
GRID,4972,,1.643259e+00,-6.096000e-01,5.100518e-02
GRID,4973,,1.644647e+00,-1.823060e+00,1.218178e-01
GRID,4974,,1.637588e+00,-1.795288e+00,1.400958e-01
GRID,4975,,1.634642e+00,-1.791777e+00,1.158354e-01
GRID,4976,,1.652046e+00,1.097280e+00,1.015633e-01
GRID,4977,,1.657041e+00,1.097280e+00,1.264874e-01
GRID,4978,,1.641168e+00,1.799555e+00,9.298964e-02
GRID,4979,,1.646659e+00,1.806099e+00,1.219319e-01
GRID,4980,,1.641168e+00,-1.799555e+00,9.298964e-02
GRID,4981,,1.641294e+00,-1.799705e+00,1.638074e-01
GRID,4982,,1.641294e+00,1.799705e+00,1.638074e-01
GRID,4983,,1.647149e+00,1.806682e+00,1.448071e-01
GRID,4984,,1.650902e+00,-8.534400e-01,1.323667e-01
GRID,4985,,1.650902e+00,8.534400e-01,1.323667e-01
GRID,4986,,1.650139e+00,6.096000e-01,7.573355e-02
GRID,4987,,1.662539e+00,1.341120e+00,9.661256e-02
GRID,4988,,1.654384e+00,1.266160e-01,1.570578e-02
GRID,4989,,1.659858e+00,1.584960e+00,9.992480e-02
GRID,4990,,1.655093e+00,-6.096000e-01,7.103413e-02
GRID,4991,,1.654725e+00,-1.266181e-01,1.570863e-02
GRID,4992,,1.654626e+00,-1.097280e+00,1.234105e-01
GRID,4993,,1.654702e+00,1.815684e+00,9.428931e-02
GRID,4994,,1.654702e+00,-1.815684e+00,9.428931e-02
GRID,4995,,1.657242e+00,6.096000e-01,9.840824e-02
GRID,4996,,1.657346e+00,8.534400e-01,1.087412e-01
GRID,4997,,1.656924e+00,-1.341120e+00,1.634607e-01
GRID,4998,,1.656924e+00,1.341120e+00,1.634607e-01
GRID,4999,,1.655497e+00,-1.584960e+00,1.481146e-01
GRID,5000,,1.667945e+00,1.097280e+00,7.679494e-02
GRID,5001,,1.653115e+00,1.266119e-01,5.777948e-02
GRID,5002,,1.667072e+00,-1.584960e+00,9.554939e-02
GRID,5003,,1.656149e+00,-1.266316e-01,6.527886e-02
GRID,5004,,1.648376e+00,-1.808144e+00,1.174601e-01
GRID,5005,,1.660471e+00,1.822559e+00,1.199493e-01
GRID,5006,,1.664744e+00,1.584960e+00,7.164458e-02
GRID,5007,,1.664934e+00,-1.341120e+00,1.248065e-01
GRID,5008,,1.662384e+00,-1.341120e+00,8.525856e-02
GRID,5009,,1.661969e+00,-1.097280e+00,4.416122e-02
GRID,5010,,1.661975e+00,1.097280e+00,4.416164e-02
GRID,5011,,1.662208e+00,-1.097280e+00,1.485742e-01
GRID,5012,,1.662208e+00,1.097280e+00,1.485742e-01
GRID,5013,,1.661693e+00,-6.096000e-01,3.233720e-02
GRID,5014,,1.661693e+00,6.096000e-01,3.233720e-02
GRID,5015,,1.661846e+00,-6.096000e-01,1.140086e-01
GRID,5016,,1.661846e+00,6.096000e-01,1.140086e-01
GRID,5017,,1.652900e+00,-1.813536e+00,1.412051e-01
GRID,5018,,1.664457e+00,-1.584960e+00,1.694977e-01
GRID,5019,,1.664007e+00,1.584960e+00,1.457429e-01
GRID,5020,,1.664457e+00,1.584960e+00,1.694977e-01
GRID,5021,,1.664744e+00,-1.584960e+00,7.164458e-02
GRID,5022,,1.663440e+00,-8.534400e-01,1.094136e-01
GRID,5023,,1.666241e+00,-1.829435e+00,1.456094e-01
GRID,5024,,1.666241e+00,1.829435e+00,1.456094e-01
GRID,5025,,1.669758e+00,1.341120e+00,1.215075e-01
GRID,5026,,1.666312e+00,1.341120e+00,1.446998e-01
GRID,5027,,1.674316e+00,-8.534400e-01,8.347307e-02
GRID,5028,,1.657524e+00,-1.819047e+00,9.457568e-02
GRID,5029,,1.657524e+00,1.819047e+00,9.457568e-02
GRID,5030,,1.657642e+00,-1.819188e+00,1.657646e-01
GRID,5031,,1.657642e+00,1.819188e+00,1.657646e-01
GRID,5032,,1.665172e+00,-1.097280e+00,7.126573e-02
GRID,5033,,1.670627e+00,-6.096000e-01,9.002012e-02
GRID,5034,,1.666314e+00,1.266928e-01,3.933356e-02
GRID,5035,,1.665015e+00,-6.096000e-01,5.023554e-02
GRID,5036,,1.670768e+00,-8.534400e-01,5.928270e-02
GRID,5037,,1.670053e+00,-8.534400e-01,3.750797e-02
GRID,5038,,1.669016e+00,6.096000e-01,5.603858e-02
GRID,5039,,1.672251e+00,8.534400e-01,6.275236e-02
GRID,5040,,1.683802e+00,8.534400e-01,9.602047e-02
GRID,5041,,1.670057e+00,8.534400e-01,3.750827e-02
GRID,5042,,1.670325e+00,-1.341120e+00,5.538671e-02
GRID,5043,,1.670328e+00,1.341120e+00,5.538686e-02
GRID,5044,,1.660471e+00,-1.822559e+00,1.199493e-01
GRID,5045,,1.672569e+00,-1.267364e-01,8.770847e-02
GRID,5046,,1.671755e+00,1.267294e-01,6.722075e-02
GRID,5047,,1.672569e+00,1.267364e-01,8.770847e-02
GRID,5048,,1.678803e+00,1.584960e+00,1.161093e-01
GRID,5049,,1.663012e+00,1.825587e+00,1.189817e-01
GRID,5050,,1.670557e+00,-1.097280e+00,9.824570e-02
GRID,5051,,1.668499e+00,1.832126e+00,1.433876e-01
GRID,5052,,1.663012e+00,-1.825587e+00,1.189817e-01
GRID,5053,,1.678341e+00,-1.267676e-01,3.307537e-02
GRID,5054,,1.675955e+00,-1.267547e-01,5.654156e-02
GRID,5055,,1.676042e+00,6.096000e-01,8.147981e-02
GRID,5056,,1.675957e+00,-8.534400e-01,1.296914e-01
GRID,5057,,1.675957e+00,8.534400e-01,1.296914e-01
GRID,5058,,1.681375e+00,1.097280e+00,1.073669e-01
GRID,5059,,1.668499e+00,-1.832126e+00,1.433876e-01
GRID,5060,,1.678351e+00,-1.584960e+00,1.421026e-01
GRID,5061,,1.687503e+00,-1.584960e+00,1.158440e-01
GRID,5062,,1.679999e+00,1.267764e-01,1.591978e-02
GRID,5063,,1.679122e+00,-1.097280e+00,1.218074e-01
GRID,5064,,1.679940e+00,-1.815226e+00,9.258338e-02
GRID,5065,,1.679935e+00,1.815227e+00,9.258369e-02
GRID,5066,,1.680287e+00,-1.267782e-01,1.592219e-02
GRID,5067,,1.681566e+00,-6.096000e-01,6.523754e-02
GRID,5068,,1.682002e+00,-1.341120e+00,1.623898e-01
GRID,5069,,1.682002e+00,1.341120e+00,1.623898e-01
GRID,5070,,1.687622e+00,1.097280e+00,1.464118e-01
GRID,5071,,1.686700e+00,6.096000e-01,1.109505e-01
GRID,5072,,1.673987e+00,-1.838666e+00,1.677936e-01
GRID,5073,,1.673987e+00,1.838666e+00,1.677936e-01
GRID,5074,,1.690223e+00,1.584960e+00,7.155531e-02
GRID,5075,,1.692362e+00,-1.829435e+00,1.456094e-01
GRID,5076,,1.692362e+00,1.829435e+00,1.456094e-01
GRID,5077,,1.707959e+00,1.822090e+00,1.181978e-01
GRID,5078,,1.686542e+00,-6.096000e-01,3.440305e-02
GRID,5079,,1.686542e+00,6.096000e-01,3.440305e-02
GRID,5080,,1.686700e+00,-6.096000e-01,1.109505e-01
GRID,5081,,1.687350e+00,-1.097280e+00,4.601447e-02
GRID,5082,,1.687355e+00,1.097280e+00,4.601491e-02
GRID,5083,,1.687622e+00,-1.097280e+00,1.464118e-01
GRID,5084,,1.686588e+00,-1.341120e+00,1.016614e-01
GRID,5085,,1.683480e+00,-1.341120e+00,7.523905e-02
GRID,5086,,1.690702e+00,1.341120e+00,7.718336e-02
GRID,5087,,1.697944e+00,1.341120e+00,1.059574e-01
GRID,5088,,1.688840e+00,-8.534400e-01,1.055614e-01
GRID,5089,,1.687285e+00,1.584960e+00,1.441973e-01
GRID,5090,,1.689971e+00,-1.584960e+00,1.702159e-01
GRID,5091,,1.689971e+00,1.584960e+00,1.702159e-01
GRID,5092,,1.690223e+00,-1.584960e+00,7.155531e-02
GRID,5093,,1.695333e+00,-1.341120e+00,1.320589e-01
GRID,5094,,1.684172e+00,-1.097280e+00,7.639330e-02
GRID,5095,,1.691467e+00,1.341120e+00,1.368891e-01
GRID,5096,,1.692487e+00,1.268576e-01,4.889176e-02
GRID,5097,,1.702965e+00,-1.584960e+00,9.401630e-02
GRID,5098,,1.696444e+00,1.097280e+00,7.518365e-02
GRID,5099,,1.694222e+00,6.096000e-01,5.978492e-02
GRID,5100,,1.695715e+00,-8.534400e-01,3.962638e-02
GRID,5101,,1.695719e+00,8.534400e-01,3.962669e-02
GRID,5102,,1.696176e+00,-1.341120e+00,5.671471e-02
GRID,5103,,1.696179e+00,1.341120e+00,5.671487e-02
GRID,5104,,1.693767e+00,-1.097280e+00,9.708676e-02
GRID,5105,,1.699201e+00,-6.096000e-01,8.534875e-02
GRID,5106,,1.699979e+00,-8.534400e-01,6.277391e-02
GRID,5107,,1.698989e+00,1.269018e-01,8.792918e-02
GRID,5108,,1.704303e+00,8.534400e-01,7.367213e-02
GRID,5109,,1.699759e+00,-1.269050e-01,7.041872e-02
GRID,5110,,1.698989e+00,-1.269018e-01,8.792918e-02
GRID,5111,,1.705193e+00,-8.534400e-01,8.657319e-02
GRID,5112,,1.700825e+00,-1.269095e-01,4.622424e-02
GRID,5113,,1.701001e+00,-8.534400e-01,1.269205e-01
GRID,5114,,1.701001e+00,8.534400e-01,1.269205e-01
GRID,5115,,1.702332e+00,6.096000e-01,8.498222e-02
GRID,5116,,1.705850e+00,-1.269382e-01,1.613575e-02
GRID,5117,,1.703354e+00,-1.584960e+00,1.423775e-01
GRID,5118,,1.703770e+00,1.584960e+00,1.141580e-01
GRID,5119,,1.703204e+00,-1.097280e+00,1.205044e-01
GRID,5120,,1.705193e+00,1.814876e+00,9.127423e-02
GRID,5121,,1.705198e+00,-1.814876e+00,9.127398e-02
GRID,5122,,1.722611e+00,-1.822758e+00,1.206920e-01
GRID,5123,,1.705614e+00,1.269368e-01,1.613378e-02
GRID,5124,,1.710767e+00,1.097280e+00,9.843204e-02
GRID,5125,,1.702190e+00,1.097280e+00,1.225424e-01
GRID,5126,,1.707923e+00,-6.096000e-01,5.972808e-02
GRID,5127,,1.707069e+00,-1.341120e+00,1.610807e-01
GRID,5128,,1.707069e+00,1.341120e+00,1.610807e-01
GRID,5129,,1.705130e+00,-1.341120e+00,8.119927e-02
GRID,5130,,1.716586e+00,8.534400e-01,1.049041e-01
GRID,5131,,1.703704e+00,-1.097280e+00,7.156989e-02
GRID,5132,,1.711393e+00,-6.096000e-01,3.645412e-02
GRID,5133,,1.711393e+00,6.096000e-01,3.645412e-02
GRID,5134,,1.712645e+00,-1.341120e+00,1.070332e-01
GRID,5135,,1.711546e+00,-6.096000e-01,1.078274e-01
GRID,5136,,1.711546e+00,6.096000e-01,1.078274e-01
GRID,5137,,1.712674e+00,1.584960e+00,1.457436e-01
GRID,5138,,1.712725e+00,-1.097280e+00,4.794088e-02
GRID,5139,,1.712731e+00,1.097280e+00,4.794134e-02
GRID,5140,,1.716960e+00,-1.584960e+00,1.183475e-01
GRID,5141,,1.713023e+00,-1.097280e+00,1.440949e-01
GRID,5142,,1.713023e+00,1.097280e+00,1.440949e-01
GRID,5143,,1.711352e+00,-8.534400e-01,1.074974e-01
GRID,5144,,1.715490e+00,-1.584960e+00,1.706672e-01
GRID,5145,,1.715490e+00,1.584960e+00,1.706672e-01
GRID,5146,,1.715702e+00,-1.584960e+00,7.163828e-02
GRID,5147,,1.715702e+00,1.584960e+00,7.163828e-02
GRID,5148,,1.721551e+00,1.584960e+00,9.391122e-02
GRID,5149,,1.722022e+00,1.341120e+00,5.820367e-02
GRID,5150,,1.727541e+00,1.341120e+00,8.573753e-02
GRID,5151,,1.718553e+00,1.341120e+00,1.343129e-01
GRID,5152,,1.718484e+00,-1.829435e+00,1.456094e-01
GRID,5153,,1.718484e+00,1.829435e+00,1.456094e-01
GRID,5154,,1.713946e+00,1.269936e-01,6.726040e-02
GRID,5155,,1.719646e+00,1.270270e-01,4.251305e-02
GRID,5156,,1.716816e+00,-1.097280e+00,9.591587e-02
GRID,5157,,1.719415e+00,6.096000e-01,6.378746e-02
GRID,5158,,1.722037e+00,-1.341120e+00,1.333745e-01
GRID,5159,,1.721376e+00,-8.534400e-01,4.175981e-02
GRID,5160,,1.721380e+00,8.534400e-01,4.176012e-02
GRID,5161,,1.722019e+00,-1.341120e+00,5.820349e-02
GRID,5162,,1.724669e+00,1.097280e+00,7.371406e-02
GRID,5163,,1.730286e+00,1.341120e+00,1.125300e-01
GRID,5164,,1.725408e+00,-1.270672e-01,8.814989e-02
GRID,5165,,1.725408e+00,1.270672e-01,8.814989e-02
GRID,5166,,1.731636e+00,-6.096000e-01,8.167999e-02
GRID,5167,,1.728849e+00,-1.270864e-01,6.294890e-02
GRID,5168,,1.724948e+00,-8.534400e-01,7.256582e-02
GRID,5169,,1.722227e+00,-1.270426e-01,3.686253e-02
GRID,5170,,1.726036e+00,-8.534400e-01,1.240589e-01
GRID,5171,,1.726036e+00,8.534400e-01,1.240589e-01
GRID,5172,,1.725388e+00,1.097280e+00,1.199540e-01
GRID,5173,,1.731218e+00,6.096000e-01,8.566019e-02
GRID,5174,,1.738441e+00,-1.584960e+00,9.539635e-02
GRID,5175,,1.728624e+00,-1.097280e+00,1.196087e-01
GRID,5176,,1.727819e+00,-1.584960e+00,1.455145e-01
GRID,5177,,1.727333e+00,-1.097280e+00,7.207925e-02
GRID,5178,,1.731911e+00,1.584960e+00,1.227030e-01
GRID,5179,,1.725334e+00,8.534400e-01,6.989423e-02
GRID,5180,,1.730690e+00,-1.341120e+00,8.342601e-02
GRID,5181,,1.730467e+00,1.814616e+00,9.030598e-02
GRID,5182,,1.732294e+00,-8.534400e-01,9.955128e-02
GRID,5183,,1.730472e+00,-1.814616e+00,9.030580e-02
GRID,5184,,1.731229e+00,1.270971e-01,1.634778e-02
GRID,5185,,1.731412e+00,-1.270983e-01,1.634931e-02
GRID,5186,,1.732123e+00,-1.341120e+00,1.595398e-01
GRID,5187,,1.732123e+00,1.341120e+00,1.595398e-01
GRID,5188,,1.735687e+00,-6.096000e-01,5.555985e-02
GRID,5189,,1.739889e+00,1.820898e+00,1.137481e-01
GRID,5190,,1.738406e+00,1.097280e+00,9.657473e-02
GRID,5191,,1.736246e+00,-6.096000e-01,3.848162e-02
GRID,5192,,1.735527e+00,6.096000e-01,5.178324e-02
GRID,5193,,1.736246e+00,6.096000e-01,3.848162e-02
GRID,5194,,1.736384e+00,-6.096000e-01,1.046452e-01
GRID,5195,,1.736384e+00,6.096000e-01,1.046452e-01
GRID,5196,,1.739426e+00,-1.341120e+00,1.086108e-01
GRID,5197,,1.741326e+00,1.584960e+00,1.503997e-01
GRID,5198,,1.738095e+00,-1.097280e+00,4.993594e-02
GRID,5199,,1.738101e+00,1.097280e+00,4.993641e-02
GRID,5200,,1.738410e+00,-1.097280e+00,1.416268e-01
GRID,5201,,1.738410e+00,1.097280e+00,1.416268e-01
GRID,5202,,1.737582e+00,1.271413e-01,6.488254e-02
GRID,5203,,1.741015e+00,-1.584960e+00,1.707256e-01
GRID,5204,,1.741015e+00,1.584960e+00,1.707256e-01
GRID,5205,,1.741178e+00,-1.584960e+00,7.202760e-02
GRID,5206,,1.741178e+00,1.584960e+00,7.202760e-02
GRID,5207,,1.736075e+00,8.534400e-01,9.290833e-02
GRID,5208,,1.741256e+00,-1.097280e+00,9.586723e-02
GRID,5209,,1.744438e+00,-1.584960e+00,1.238097e-01
GRID,5210,,1.744606e+00,-1.829435e+00,1.456094e-01
GRID,5211,,1.744606e+00,1.829435e+00,1.456094e-01
GRID,5212,,1.750666e+00,1.341120e+00,1.351616e-01
GRID,5213,,1.748628e+00,6.096000e-01,6.962805e-02
GRID,5214,,1.745670e+00,1.271897e-01,4.022749e-02
GRID,5215,,1.746115e+00,-8.534400e-01,6.113911e-02
GRID,5216,,1.747036e+00,-8.534400e-01,4.390645e-02
GRID,5217,,1.745964e+00,8.534400e-01,6.361131e-02
GRID,5218,,1.747039e+00,8.534400e-01,4.390676e-02
GRID,5219,,1.749065e+00,1.584960e+00,9.894488e-02
GRID,5220,,1.747853e+00,-1.341120e+00,5.983633e-02
GRID,5221,,1.747856e+00,1.341120e+00,5.983652e-02
GRID,5222,,1.748155e+00,-1.341120e+00,1.338513e-01
GRID,5223,,1.746018e+00,-1.271919e-01,4.078986e-02
GRID,5224,,1.749183e+00,-1.821957e+00,1.177012e-01
GRID,5225,,1.752866e+00,1.097280e+00,7.416200e-02
GRID,5226,,1.745256e+00,-8.534400e-01,8.287015e-02
GRID,5227,,1.752649e+00,8.534400e-01,8.247329e-02
GRID,5228,,1.751426e+00,1.097280e+00,1.179966e-01
GRID,5229,,1.751827e+00,-1.272326e-01,8.837061e-02
GRID,5230,,1.751827e+00,1.272326e-01,8.837061e-02
GRID,5231,,1.751059e+00,-8.534400e-01,1.211079e-01
GRID,5232,,1.751059e+00,8.534400e-01,1.211079e-01
GRID,5233,,1.753937e+00,-1.097280e+00,7.246324e-02
GRID,5234,,1.758536e+00,1.341120e+00,8.313614e-02
GRID,5235,,1.751807e+00,1.341120e+00,1.065051e-01
GRID,5236,,1.750472e+00,-1.584960e+00,1.494371e-01
GRID,5237,,1.760191e+00,-1.097280e+00,1.177236e-01
GRID,5238,,1.760188e+00,-1.272827e-01,6.374475e-02
GRID,5239,,1.755751e+00,1.814433e+00,8.962351e-02
GRID,5240,,1.755757e+00,-1.814433e+00,8.962339e-02
GRID,5241,,1.758123e+00,-1.341120e+00,8.522915e-02
GRID,5242,,1.761219e+00,6.096000e-01,1.014301e-01
GRID,5243,,1.756844e+00,1.272575e-01,1.656178e-02
GRID,5244,,1.756975e+00,-1.272583e-01,1.656287e-02
GRID,5245,,1.761028e+00,-6.096000e-01,7.226118e-02
GRID,5246,,1.761219e+00,-6.096000e-01,1.014301e-01
GRID,5247,,1.756893e+00,1.584960e+00,1.269405e-01
GRID,5248,,1.757164e+00,-1.341120e+00,1.577945e-01
GRID,5249,,1.757164e+00,1.341120e+00,1.577945e-01
GRID,5250,,1.759327e+00,-8.534400e-01,9.905500e-02
GRID,5251,,1.761102e+00,6.096000e-01,4.045974e-02
GRID,5252,,1.761102e+00,-6.096000e-01,4.045974e-02
GRID,5253,,1.762411e+00,8.534400e-01,9.887844e-02
GRID,5254,,1.761585e+00,1.272914e-01,6.289361e-02
GRID,5255,,1.763462e+00,-1.097280e+00,5.197258e-02
GRID,5256,,1.763468e+00,1.097280e+00,5.197305e-02
GRID,5257,,1.766631e+00,1.097280e+00,9.691592e-02
GRID,5258,,1.763784e+00,-1.097280e+00,1.390372e-01
GRID,5259,,1.763784e+00,1.097280e+00,1.390372e-01
GRID,5260,,1.769945e+00,-1.584960e+00,1.068475e-01
GRID,5261,,1.766647e+00,-1.584960e+00,7.276900e-02
GRID,5262,,1.766696e+00,-1.341120e+00,1.100260e-01
GRID,5263,,1.764581e+00,1.821872e+00,1.173836e-01
GRID,5264,,1.766535e+00,-1.584960e+00,1.703275e-01
GRID,5265,,1.766535e+00,1.584960e+00,1.703275e-01
GRID,5266,,1.766647e+00,1.584960e+00,7.276900e-02
GRID,5267,,1.765816e+00,-1.097280e+00,9.240997e-02
GRID,5268,,1.771666e+00,1.584960e+00,1.487539e-01
GRID,5269,,1.772271e+00,-1.584960e+00,1.380032e-01
GRID,5270,,1.770728e+00,-1.829435e+00,1.456094e-01
GRID,5271,,1.770728e+00,1.829435e+00,1.456094e-01
GRID,5272,,1.768689e+00,-8.534400e-01,7.452673e-02
GRID,5273,,1.770110e+00,1.273425e-01,3.789958e-02
GRID,5274,,1.772699e+00,8.534400e-01,4.605320e-02
GRID,5275,,1.772092e+00,8.534400e-01,7.425739e-02
GRID,5276,,1.771278e+00,-1.273499e-01,3.923195e-02
GRID,5277,,1.772695e+00,-8.534400e-01,4.605289e-02
GRID,5278,,1.773680e+00,-1.341120e+00,6.157711e-02
GRID,5279,,1.773683e+00,1.341120e+00,6.157732e-02
GRID,5280,,1.774418e+00,-1.341120e+00,1.342740e-01
GRID,5281,,1.772545e+00,6.096000e-01,7.000153e-02
GRID,5282,,1.773564e+00,1.584960e+00,1.054014e-01
GRID,5283,,1.770329e+00,-1.820693e+00,1.129851e-01
GRID,5284,,1.773799e+00,1.341120e+00,1.245238e-01
GRID,5285,,1.776073e+00,-8.534400e-01,1.180742e-01
GRID,5286,,1.776073e+00,8.534400e-01,1.180742e-01
GRID,5287,,1.775023e+00,1.097280e+00,1.187556e-01
GRID,5288,,1.772194e+00,1.341120e+00,1.015531e-01
GRID,5289,,1.778247e+00,-1.273980e-01,8.859134e-02
GRID,5290,,1.778247e+00,1.273980e-01,8.859134e-02
GRID,5291,,1.785705e+00,1.097280e+00,7.602036e-02
GRID,5292,,1.786205e+00,-1.097280e+00,7.448122e-02
GRID,5293,,1.781042e+00,1.814321e+00,8.920248e-02
GRID,5294,,1.781047e+00,-1.814321e+00,8.920241e-02
GRID,5295,,1.782459e+00,1.274179e-01,1.677578e-02
GRID,5296,,1.779643e+00,1.584960e+00,1.299860e-01
GRID,5297,,1.782537e+00,-1.274184e-01,1.677643e-02
GRID,5298,,1.782192e+00,-1.341120e+00,1.558697e-01
GRID,5299,,1.782192e+00,1.341120e+00,1.558697e-01
GRID,5300,,1.787448e+00,-1.341120e+00,8.779908e-02
GRID,5301,,1.783985e+00,1.341120e+00,8.471853e-02
GRID,5302,,1.784385e+00,-8.534400e-01,9.470731e-02
GRID,5303,,1.786818e+00,-1.274493e-01,6.281065e-02
GRID,5304,,1.789147e+00,-1.097280e+00,1.363324e-01
GRID,5305,,1.788431e+00,-1.097280e+00,1.033054e-01
GRID,5306,,1.786666e+00,-6.096000e-01,6.773437e-02
GRID,5307,,1.786049e+00,-6.096000e-01,9.818621e-02
GRID,5308,,1.785963e+00,-6.096000e-01,4.238599e-02
GRID,5309,,1.785963e+00,6.096000e-01,4.238599e-02
GRID,5310,,1.786049e+00,6.096000e-01,9.818621e-02
GRID,5311,,1.782603e+00,1.274225e-01,5.736290e-02
GRID,5312,,1.787531e+00,8.534400e-01,9.460039e-02
GRID,5313,,1.788826e+00,-1.097280e+00,5.404627e-02
GRID,5314,,1.788832e+00,1.097280e+00,5.404676e-02
GRID,5315,,1.789147e+00,1.097280e+00,1.363324e-01
GRID,5316,,1.789236e+00,1.821892e+00,1.174576e-01
GRID,5317,,1.792049e+00,-1.584960e+00,1.695751e-01
GRID,5318,,1.792049e+00,1.584960e+00,1.695751e-01
GRID,5319,,1.793552e+00,1.097280e+00,1.059453e-01
GRID,5320,,1.793758e+00,-1.584960e+00,9.300235e-02
GRID,5321,,1.792107e+00,-1.584960e+00,7.375734e-02
GRID,5322,,1.792107e+00,1.584960e+00,7.375734e-02
GRID,5323,,1.794491e+00,1.584960e+00,9.296800e-02
GRID,5324,,1.793079e+00,-1.341120e+00,1.137086e-01
GRID,5325,,1.796883e+00,-8.534400e-01,6.996334e-02
GRID,5326,,1.797015e+00,-1.584960e+00,1.178088e-01
GRID,5327,,1.795014e+00,1.274983e-01,3.714864e-02
GRID,5328,,1.790391e+00,-1.821871e+00,1.173821e-01
GRID,5329,,1.796849e+00,-1.829435e+00,1.456094e-01
GRID,5330,,1.796849e+00,1.829435e+00,1.456094e-01
GRID,5331,,1.795596e+00,-1.275021e-01,3.812902e-02
GRID,5332,,1.797491e+00,1.584960e+00,1.452088e-01
GRID,5333,,1.798072e+00,8.534400e-01,6.770712e-02
GRID,5334,,1.791842e+00,1.341120e+00,1.074431e-01
GRID,5335,,1.801878e+00,-1.584960e+00,1.440045e-01
GRID,5336,,1.793739e+00,6.096000e-01,6.973785e-02
GRID,5337,,1.798357e+00,-8.534400e-01,4.818115e-02
GRID,5338,,1.798360e+00,8.534400e-01,4.818146e-02
GRID,5339,,1.798162e+00,1.584960e+00,1.190079e-01
GRID,5340,,1.799500e+00,-1.341120e+00,6.342107e-02
GRID,5341,,1.799503e+00,1.341120e+00,6.342130e-02
GRID,5342,,1.796229e+00,1.341120e+00,1.314737e-01
GRID,5343,,1.796704e+00,-1.341120e+00,1.367262e-01
GRID,5344,,1.801078e+00,-8.534400e-01,1.149672e-01
GRID,5345,,1.801078e+00,8.534400e-01,1.149672e-01
GRID,5346,,1.804666e+00,-1.275634e-01,8.881205e-02
GRID,5347,,1.804666e+00,1.275634e-01,8.881205e-02
GRID,5348,,1.805434e+00,1.275658e-01,6.181139e-02
GRID,5349,,1.806335e+00,1.814277e+00,8.903829e-02
GRID,5350,,1.806340e+00,-1.814277e+00,8.903828e-02
GRID,5351,,1.807205e+00,-1.341120e+00,1.537671e-01
GRID,5352,,1.807205e+00,1.341120e+00,1.537671e-01
GRID,5353,,1.808074e+00,1.275782e-01,1.698978e-02
GRID,5354,,1.808099e+00,-1.275784e-01,1.698999e-02
GRID,5355,,1.807798e+00,1.341120e+00,8.670432e-02
GRID,5356,,1.807109e+00,-8.534400e-01,9.428896e-02
GRID,5357,,1.814194e+00,1.097280e+00,5.614542e-02
GRID,5358,,1.814921e+00,1.097280e+00,9.195866e-02
GRID,5359,,1.810828e+00,-6.096000e-01,4.425291e-02
GRID,5360,,1.810828e+00,6.096000e-01,4.425291e-02
GRID,5361,,1.810875e+00,-6.096000e-01,9.491436e-02
GRID,5362,,1.810875e+00,6.096000e-01,9.491436e-02
GRID,5363,,1.813428e+00,-1.097280e+00,8.163229e-02
GRID,5364,,1.814188e+00,-1.097280e+00,5.614493e-02
GRID,5365,,1.815268e+00,-6.096000e-01,6.919742e-02
GRID,5366,,1.810938e+00,-1.276001e-01,6.046239e-02
GRID,5367,,1.813798e+00,-1.341120e+00,1.025257e-01
GRID,5368,,1.811538e+00,-1.341120e+00,8.058571e-02
GRID,5369,,1.811036e+00,8.534400e-01,9.097620e-02
GRID,5370,,1.812946e+00,-1.097280e+00,1.117423e-01
GRID,5371,,1.814497e+00,-1.097280e+00,1.335181e-01
GRID,5372,,1.814497e+00,1.097280e+00,1.335181e-01
GRID,5373,,1.814994e+00,1.821928e+00,1.175926e-01
GRID,5374,,1.812699e+00,-1.821911e+00,1.175313e-01
GRID,5375,,1.813102e+00,1.341120e+00,1.104734e-01
GRID,5376,,1.817551e+00,-1.584960e+00,1.685235e-01
GRID,5377,,1.817551e+00,1.584960e+00,1.685235e-01
GRID,5378,,1.817558e+00,-1.584960e+00,7.494982e-02
GRID,5379,,1.817558e+00,1.584960e+00,7.494982e-02
GRID,5380,,1.816324e+00,-1.341120e+00,1.293423e-01
GRID,5381,,1.817003e+00,6.096000e-01,6.936346e-02
GRID,5382,,1.820790e+00,-1.584960e+00,9.843443e-02
GRID,5383,,1.818869e+00,1.584960e+00,1.054820e-01
GRID,5384,,1.817464e+00,1.276389e-01,3.737231e-02
GRID,5385,,1.816792e+00,-1.276344e-01,3.457197e-02
GRID,5386,,1.816354e+00,1.341120e+00,1.325601e-01
GRID,5387,,1.822971e+00,-1.829435e+00,1.456094e-01
GRID,5388,,1.822971e+00,1.829435e+00,1.456094e-01
GRID,5389,,1.825198e+00,-8.534400e-01,8.369840e-02
GRID,5390,,1.824019e+00,-8.534400e-01,5.029163e-02
GRID,5391,,1.821913e+00,-1.584960e+00,1.232239e-01
GRID,5392,,1.819685e+00,1.584960e+00,1.345488e-01
GRID,5393,,1.824023e+00,8.534400e-01,5.029193e-02
GRID,5394,,1.827863e+00,8.534400e-01,7.112425e-02
GRID,5395,,1.825313e+00,-1.341120e+00,6.535276e-02
GRID,5396,,1.825316e+00,1.341120e+00,6.535299e-02
GRID,5397,,1.826073e+00,-8.534400e-01,1.117865e-01
GRID,5398,,1.826073e+00,8.534400e-01,1.117865e-01
GRID,5399,,1.829707e+00,-1.584960e+00,1.458334e-01
GRID,5400,,1.831085e+00,-1.277280e-01,7.957338e-02
GRID,5401,,1.831085e+00,-1.277288e-01,8.903277e-02
GRID,5402,,1.831085e+00,1.277271e-01,6.990646e-02
GRID,5403,,1.831085e+00,1.277288e-01,8.903277e-02
GRID,5404,,1.831085e+00,1.277254e-01,5.116684e-02
GRID,5405,,1.831629e+00,1.814294e+00,8.910424e-02
GRID,5406,,1.831634e+00,-1.814294e+00,8.910427e-02
GRID,5407,,1.832203e+00,-1.341120e+00,1.514967e-01
GRID,5408,,1.832203e+00,1.341120e+00,1.514967e-01
GRID,5409,,1.832049e+00,1.341120e+00,9.029164e-02
GRID,5410,,1.833490e+00,1.277374e-01,1.720211e-02
GRID,5411,,1.833490e+00,-1.277374e-01,1.720211e-02
GRID,5412,,1.835701e+00,-6.096000e-01,4.601125e-02
GRID,5413,,1.835701e+00,6.096000e-01,4.601125e-02
GRID,5414,,1.835701e+00,-6.096000e-01,9.163225e-02
GRID,5415,,1.835701e+00,6.096000e-01,9.163225e-02
GRID,5416,,1.823886e+00,-1.276800e-01,4.781458e-02
GRID,5417,,1.831085e+00,-1.277262e-01,6.006895e-02
GRID,5418,,1.833075e+00,8.534400e-01,9.239323e-02
GRID,5419,,1.832773e+00,-1.341120e+00,8.818221e-02
GRID,5420,,1.835789e+00,-1.822873e+00,1.211204e-01
GRID,5421,,1.839836e+00,-1.097280e+00,1.306008e-01
GRID,5422,,1.835048e+00,-1.097280e+00,9.538007e-02
GRID,5423,,1.835575e+00,1.341120e+00,1.179380e-01
GRID,5424,,1.839549e+00,-1.097280e+00,5.825921e-02
GRID,5425,,1.836701e+00,-1.341120e+00,1.200586e-01
GRID,5426,,1.838505e+00,1.097280e+00,7.795541e-02
GRID,5427,,1.839555e+00,1.097280e+00,5.825970e-02
GRID,5428,,1.839479e+00,1.097280e+00,1.073475e-01
GRID,5429,,1.839836e+00,1.097280e+00,1.306008e-01
GRID,5430,,1.840593e+00,1.821962e+00,1.177191e-01
GRID,5431,,1.835701e+00,-6.096000e-01,6.882175e-02
GRID,5432,,1.831780e+00,-1.277287e-01,3.998346e-02
GRID,5433,,1.835701e+00,6.096000e-01,6.882175e-02
GRID,5434,,1.831787e+00,1.277288e-01,3.990777e-02
GRID,5435,,1.843040e+00,-1.584960e+00,1.671894e-01
GRID,5436,,1.843101e+00,1.584960e+00,1.459742e-01
GRID,5437,,1.843040e+00,1.584960e+00,1.671894e-01
GRID,5438,,1.843000e+00,-1.584960e+00,7.632661e-02
GRID,5439,,1.841098e+00,1.584960e+00,9.612580e-02
GRID,5440,,1.843000e+00,1.584960e+00,7.632661e-02
GRID,5441,,1.841928e+00,1.584960e+00,1.205058e-01
GRID,5442,,1.845571e+00,-1.584960e+00,1.019201e-01
GRID,5443,,1.845025e+00,-1.584960e+00,1.255112e-01
GRID,5444,,1.849093e+00,-1.829435e+00,1.456094e-01
GRID,5445,,1.849093e+00,1.829435e+00,1.456094e-01
GRID,5446,,1.831085e+00,-1.277251e-01,4.844622e-02
GRID,5447,,1.849686e+00,-8.534400e-01,5.235535e-02
GRID,5448,,1.849690e+00,8.534400e-01,5.235564e-02
GRID,5449,,1.851063e+00,-8.534400e-01,1.085593e-01
GRID,5450,,1.852449e+00,-8.534400e-01,7.804548e-02
GRID,5451,,1.851120e+00,-1.341120e+00,6.736794e-02
GRID,5452,,1.851123e+00,1.341120e+00,6.736818e-02
GRID,5453,,1.851063e+00,8.534400e-01,1.085593e-01
GRID,5454,,1.851079e+00,8.534400e-01,8.366300e-02
GRID,5455,,1.858353e+00,-1.584960e+00,1.429994e-01
GRID,5456,,1.831085e+00,-1.277266e-01,6.502072e-02
GRID,5457,,1.835701e+00,-1.277555e-01,6.502072e-02
GRID,5458,,1.835701e+00,-1.277577e-01,8.907133e-02
GRID,5459,,1.831795e+00,-1.277288e-01,3.980082e-02
GRID,5460,,1.835701e+00,-1.277533e-01,4.012284e-02
GRID,5461,,1.831085e+00,1.277266e-01,6.502274e-02
GRID,5462,,1.835701e+00,1.277555e-01,6.502274e-02
GRID,5463,,1.835701e+00,1.277533e-01,4.015100e-02
GRID,5464,,1.831792e+00,1.277288e-01,3.983771e-02
GRID,5465,,1.835701e+00,1.277577e-01,8.907133e-02
GRID,5466,,1.856922e+00,1.814367e+00,8.937531e-02
GRID,5467,,1.856927e+00,-1.814367e+00,8.937538e-02
GRID,5468,,1.835701e+00,1.277512e-01,1.722058e-02
GRID,5469,,1.835701e+00,-1.277512e-01,1.722058e-02
GRID,5470,,1.856417e+00,1.341120e+00,9.624270e-02
GRID,5471,,1.857186e+00,-1.341120e+00,1.490620e-01
GRID,5472,,1.857501e+00,1.341120e+00,1.271026e-01
GRID,5473,,1.857186e+00,1.341120e+00,1.490620e-01
GRID,5474,,1.856013e+00,-1.341120e+00,1.033928e-01
GRID,5475,,1.859930e+00,-1.097280e+00,1.079166e-01
GRID,5476,,1.854548e+00,-1.097280e+00,8.181683e-02
GRID,5477,,1.835701e+00,-5.836934e-01,4.548418e-02
GRID,5478,,1.864293e+00,-6.096000e-01,4.788389e-02
GRID,5479,,1.835701e+00,-6.096000e-01,4.601158e-02
GRID,5480,,1.835701e+00,-6.096000e-01,6.881973e-02
GRID,5481,,1.842235e+00,-6.339875e-01,4.694697e-02
GRID,5482,,1.835701e+00,-6.096000e-01,9.162787e-02
GRID,5483,,1.842236e+00,-6.339904e-01,9.249407e-02
GRID,5484,,1.843424e+00,-6.384248e-01,6.575540e-02
GRID,5485,,1.835701e+00,-5.840568e-01,9.004910e-02
GRID,5486,,1.835701e+00,-5.751835e-01,6.781021e-02
GRID,5487,,1.871372e+00,-6.096000e-01,6.760820e-02
GRID,5488,,1.864302e+00,-6.096000e-01,8.784275e-02
GRID,5489,,1.835701e+00,-5.584765e-01,8.973456e-02
GRID,5490,,1.835701e+00,-5.579391e-01,4.446938e-02
GRID,5491,,1.835701e+00,-5.460743e-01,6.712829e-02
GRID,5492,,1.835701e+00,-5.329508e-01,9.159860e-02
GRID,5493,,1.835701e+00,-5.322291e-01,4.261234e-02
GRID,5494,,1.835701e+00,-5.203363e-01,6.659282e-02
GRID,5495,,1.835701e+00,-5.074782e-01,9.405289e-02
GRID,5496,,1.835701e+00,-5.065318e-01,4.061364e-02
GRID,5497,,1.835701e+00,-4.940875e-01,6.586426e-02
GRID,5498,,1.835701e+00,-4.820257e-01,9.671160e-02
GRID,5499,,1.835701e+00,-4.808336e-01,3.861938e-02
GRID,5500,,1.835701e+00,-4.678167e-01,6.791307e-02
GRID,5501,,1.835701e+00,-4.565896e-01,9.952185e-02
GRID,5502,,1.835701e+00,-4.551339e-01,3.664510e-02
GRID,5503,,1.835701e+00,-4.405248e-01,5.733812e-02
GRID,5504,,1.835701e+00,-4.435617e-01,8.006905e-02
GRID,5505,,1.835701e+00,-4.311698e-01,1.024752e-01
GRID,5506,,1.835701e+00,-4.294325e-01,3.469263e-02
GRID,5507,,1.835701e+00,-4.190490e-01,7.703040e-02
GRID,5508,,1.835701e+00,-4.121434e-01,5.333063e-02
GRID,5509,,1.835701e+00,-4.057660e-01,1.055637e-01
GRID,5510,,1.835701e+00,-4.037295e-01,3.276100e-02
GRID,5511,,1.835701e+00,-3.930992e-01,6.851062e-02
GRID,5512,,1.835701e+00,-3.959000e-01,8.750165e-02
GRID,5513,,1.835701e+00,-3.853954e-01,4.852480e-02
GRID,5514,,1.835701e+00,-3.803784e-01,1.087822e-01
GRID,5515,,1.835701e+00,-3.780258e-01,3.083809e-02
GRID,5516,,1.835701e+00,-3.728012e-01,8.460743e-02
GRID,5517,,1.835701e+00,-3.714070e-01,6.321745e-02
GRID,5518,,1.835701e+00,-3.532509e-01,4.774948e-02
GRID,5519,,1.835701e+00,-3.550072e-01,1.121282e-01
GRID,5520,,1.835701e+00,-3.523226e-01,2.890976e-02
GRID,5521,,1.835701e+00,-3.466931e-01,7.777099e-02
GRID,5522,,1.835701e+00,-3.296529e-01,1.155990e-01
GRID,5523,,1.835701e+00,-3.266216e-01,2.695098e-02
GRID,5524,,1.835701e+00,-3.232942e-01,5.984963e-02
GRID,5525,,1.835701e+00,-3.178256e-01,9.163157e-02
GRID,5526,,1.835701e+00,-3.043163e-01,1.191976e-01
GRID,5527,,1.835701e+00,-3.028827e-01,4.187433e-02
GRID,5528,,1.835701e+00,-3.009265e-01,2.491715e-02
GRID,5529,,1.835701e+00,-2.880210e-01,6.256297e-02
GRID,5530,,1.835701e+00,-2.773889e-01,9.387132e-02
GRID,5531,,1.835701e+00,-2.789998e-01,1.229337e-01
GRID,5532,,1.835701e+00,-2.752446e-01,2.272275e-02
GRID,5533,,1.835701e+00,-2.586101e-01,4.342359e-02
GRID,5534,,1.835701e+00,-2.514619e-01,6.697406e-02
GRID,5535,,1.835701e+00,-2.499050e-01,1.111609e-01
GRID,5536,,1.835701e+00,-2.537074e-01,1.268317e-01
GRID,5537,,1.835701e+00,-2.425678e-01,9.024781e-02
GRID,5538,,1.835701e+00,-2.495919e-01,2.020331e-02
GRID,5539,,1.835701e+00,-2.239219e-01,4.165666e-02
GRID,5540,,1.835701e+00,-2.284472e-01,1.309308e-01
GRID,5541,,1.835701e+00,-2.183801e-01,7.253145e-02
GRID,5542,,1.835701e+00,-2.162751e-01,1.054362e-01
GRID,5543,,1.835701e+00,-2.240090e-01,1.703346e-02
GRID,5544,,1.835701e+00,-2.032255e-01,1.352631e-01
GRID,5545,,1.835701e+00,-1.986187e-01,1.259948e-02
GRID,5546,,1.835701e+00,-1.901072e-01,4.988943e-02
GRID,5547,,1.835701e+00,-1.915366e-01,8.565660e-02
GRID,5548,,1.835701e+00,-1.874539e-01,1.152689e-01
GRID,5549,,1.835701e+00,-1.780458e-01,1.398313e-01
GRID,5550,,1.835701e+00,-1.737817e-01,2.703569e-02
GRID,5551,,1.835701e+00,-1.737405e-01,5.843131e-03
GRID,5552,,1.835701e+00,-1.674110e-01,7.113829e-02
GRID,5553,,1.835701e+00,-1.674379e-01,9.878257e-02
GRID,5554,,1.835701e+00,-1.549595e-01,4.479035e-02
GRID,5555,,1.835701e+00,-1.657873e-01,1.235936e-01
GRID,5556,,1.835701e+00,-1.529027e-01,1.445979e-01
GRID,5557,,1.835701e+00,-1.506687e-01,1.863598e-02
GRID,5558,,1.835701e+00,-1.500215e-01,-4.331807e-03
GRID,5559,,1.835701e+00,-1.468875e-01,8.886098e-02
GRID,5560,,1.835701e+00,-1.461688e-01,1.145474e-01
GRID,5561,,1.835701e+00,-1.444544e-01,6.684152e-02
GRID,5562,,1.835701e+00,-1.277526e-01,3.029434e-02
GRID,5563,,1.835701e+00,-1.277527e-01,5.412431e-02
GRID,5564,,1.835701e+00,-1.277530e-01,1.256142e-01
GRID,5565,,1.835701e+00,-1.277531e-01,1.494442e-01
GRID,5566,,1.835701e+00,-1.277525e-01,6.464363e-03
GRID,5567,,1.835701e+00,-1.277524e-01,-1.736561e-02
GRID,5568,,1.835701e+00,-1.277528e-01,7.795429e-02
GRID,5569,,1.835701e+00,-1.277529e-01,1.017843e-01
GRID,5570,,1.835701e+00,-1.277555e-01,6.507864e-02
GRID,5571,,1.838717e+00,-1.277744e-01,6.507864e-02
GRID,5572,,1.838717e+00,-1.277766e-01,8.909653e-02
GRID,5573,,1.835701e+00,-1.277533e-01,4.056723e-02
GRID,5574,,1.836311e+00,-1.277550e-01,1.722568e-02
GRID,5575,,1.838046e+00,-1.277680e-01,4.037973e-02
GRID,5576,,1.835701e+00,-1.101769e-01,1.267707e-01
GRID,5577,,1.835701e+00,-1.024262e-01,1.541586e-01
GRID,5578,,1.835701e+00,-9.932800e-02,1.000572e-01
GRID,5579,,1.835701e+00,-9.762825e-02,6.642415e-02
GRID,5580,,1.835701e+00,-1.056986e-01,4.173889e-02
GRID,5581,,1.835701e+00,-1.019865e-01,2.111993e-02
GRID,5582,,1.835701e+00,-1.018239e-01,-2.981857e-03
GRID,5583,,1.835701e+00,-1.066221e-01,-3.045815e-02
GRID,5584,,1.835701e+00,-8.768292e-02,1.311825e-01
GRID,5585,,1.835701e+00,-8.465959e-02,-4.220084e-02
GRID,5586,,1.835701e+00,-7.876316e-02,-1.543982e-02
GRID,5587,,1.835701e+00,-8.026504e-02,4.162880e-02
GRID,5588,,1.835701e+00,-7.700800e-02,1.583723e-01
GRID,5589,,1.835701e+00,-7.236522e-02,1.474361e-02
GRID,5590,,1.835701e+00,-7.743515e-02,8.577259e-02
GRID,5591,,1.835701e+00,-7.061094e-02,1.106737e-01
GRID,5592,,1.835701e+00,-6.434361e-02,6.641309e-02
GRID,5593,,1.835701e+00,-6.638465e-02,1.380379e-01
GRID,5594,,1.835701e+00,-6.165199e-02,-5.146913e-02
GRID,5595,,1.835701e+00,-5.721412e-02,-3.085114e-02
GRID,5596,,1.835701e+00,-5.232768e-02,4.303677e-02
GRID,5597,,1.835701e+00,-5.151536e-02,-5.118145e-03
GRID,5598,,1.835701e+00,-4.719023e-02,9.420837e-02
GRID,5599,,1.835701e+00,-5.147370e-02,1.617212e-01
GRID,5600,,1.835701e+00,-4.049492e-02,1.943829e-02
GRID,5601,,1.835701e+00,-4.748060e-02,1.265022e-01
GRID,5602,,1.835701e+00,-3.466282e-02,6.858257e-02
GRID,5603,,1.835701e+00,-3.757223e-02,-5.784916e-02
GRID,5604,,1.835701e+00,-3.481903e-02,-2.461899e-02
GRID,5605,,1.835701e+00,-2.569133e-02,4.347218e-02
GRID,5606,,1.835701e+00,-2.386467e-02,-7.304815e-05
GRID,5607,,1.835701e+00,-2.914464e-02,1.405277e-01
GRID,5608,,1.835701e+00,-2.579303e-02,1.638890e-01
GRID,5609,,1.835701e+00,-2.462112e-02,1.149302e-01
GRID,5610,,1.835701e+00,-1.456095e-02,9.043257e-02
GRID,5611,,1.835701e+00,-1.260166e-02,2.151031e-02
GRID,5612,,1.835701e+00,-1.993372e-02,-3.978903e-02
GRID,5613,,1.835701e+00,-1.286907e-02,-6.109885e-02
GRID,5614,,1.835701e+00,-1.127238e-02,-1.916351e-02
GRID,5615,,1.835701e+00,-9.670020e-03,6.361179e-02
GRID,5616,,1.835701e+00,-5.609804e-03,1.297220e-01
GRID,5617,,1.835701e+00,-1.014936e-02,1.483590e-01
GRID,5618,,1.835701e+00,-4.275500e-05,1.646468e-01
GRID,5619,,1.835701e+00,-4.517884e-03,4.137737e-02
GRID,5620,,1.835701e+00,-2.361827e-03,1.112356e-01
GRID,5621,,1.835701e+00,4.522005e-03,1.686848e-03
GRID,5622,,1.835701e+00,3.659864e-04,-4.021171e-02
GRID,5623,,1.835701e+00,8.932918e-03,7.727306e-02
GRID,5624,,1.835701e+00,1.317804e-02,9.959702e-02
GRID,5625,,1.835701e+00,1.192046e-02,-6.115962e-02
GRID,5626,,1.835701e+00,1.185933e-02,2.686803e-02
GRID,5627,,1.835701e+00,8.843966e-03,-2.095291e-02
GRID,5628,,1.835701e+00,1.156721e-02,1.430287e-01
GRID,5629,,1.835701e+00,1.219633e-02,5.197962e-02
GRID,5630,,1.835701e+00,2.264476e-02,1.201249e-01
GRID,5631,,1.835701e+00,2.572079e-02,1.638944e-01
GRID,5632,,1.835701e+00,2.313695e-02,-3.727668e-02
GRID,5633,,1.835701e+00,3.011769e-02,-1.091192e-02
GRID,5634,,1.835701e+00,3.282898e-02,1.303966e-02
GRID,5635,,1.835701e+00,2.973647e-02,6.506056e-02
GRID,5636,,1.835701e+00,2.808504e-02,8.396617e-02
GRID,5637,,1.835701e+00,3.854243e-02,1.396778e-01
GRID,5638,,1.835701e+00,3.279055e-02,4.034115e-02
GRID,5639,,1.835701e+00,3.664894e-02,-5.802912e-02
GRID,5640,,1.835701e+00,4.011892e-02,9.838974e-02
GRID,5641,,1.835701e+00,5.536696e-02,1.166772e-01
GRID,5642,,1.835701e+00,4.560015e-02,-3.167090e-02
GRID,5643,,1.835701e+00,5.139698e-02,1.617294e-01
GRID,5644,,1.835701e+00,4.962329e-02,7.706491e-02
GRID,5645,,1.835701e+00,5.251055e-02,5.377157e-02
GRID,5646,,1.835701e+00,5.783415e-02,-3.547712e-03
GRID,5647,,1.835701e+00,5.622245e-02,2.641644e-02
GRID,5648,,1.835701e+00,6.074980e-02,-5.176852e-02
GRID,5649,,1.835701e+00,6.907956e-02,1.367062e-01
GRID,5650,,1.835701e+00,6.846480e-02,9.408595e-02
GRID,5651,,1.835701e+00,6.731680e-02,-2.961876e-02
GRID,5652,,1.835701e+00,7.396885e-02,6.912637e-02
GRID,5653,,1.835701e+00,7.693990e-02,1.583832e-01
GRID,5654,,1.835701e+00,7.746628e-02,4.325662e-02
GRID,5655,,1.835701e+00,9.339007e-02,1.171059e-01
GRID,5656,,1.835701e+00,8.424350e-02,1.411940e-02
GRID,5657,,1.835701e+00,8.471192e-02,-1.542485e-02
GRID,5658,,1.835701e+00,8.384988e-02,-4.258065e-02
GRID,5659,,1.835701e+00,9.791116e-02,8.717122e-02
GRID,5660,,1.835701e+00,1.023575e-01,1.541696e-01
GRID,5661,,1.835701e+00,1.012562e-01,6.174697e-02
GRID,5662,,1.835701e+00,1.029155e-01,3.744530e-02
GRID,5663,,1.835701e+00,1.058487e-01,-3.091433e-02
GRID,5664,,1.835701e+00,1.065550e-01,-4.959622e-03
GRID,5665,,1.835701e+00,1.098715e-01,1.687782e-02
GRID,5666,,1.835701e+00,1.277529e-01,1.017851e-01
GRID,5667,,1.835701e+00,1.277530e-01,1.256152e-01
GRID,5668,,1.835701e+00,1.277528e-01,7.795508e-02
GRID,5669,,1.835701e+00,1.277527e-01,5.412502e-02
GRID,5670,,1.835701e+00,1.277531e-01,1.494452e-01
GRID,5671,,1.835701e+00,1.277526e-01,3.029497e-02
GRID,5672,,1.835701e+00,1.277524e-01,-1.736513e-02
GRID,5673,,1.835701e+00,1.277525e-01,6.464924e-03
GRID,5674,,1.835701e+00,1.277533e-01,4.055277e-02
GRID,5675,,1.836311e+00,1.277550e-01,1.722568e-02
GRID,5676,,1.835701e+00,1.500617e-01,-4.311100e-03
GRID,5677,,1.835701e+00,1.527065e-01,2.252319e-02
GRID,5678,,1.835701e+00,1.523592e-01,5.505357e-02
GRID,5679,,1.835701e+00,1.542141e-01,8.792693e-02
GRID,5680,,1.835701e+00,1.531739e-01,1.174953e-01
GRID,5681,,1.835701e+00,1.528768e-01,1.446019e-01
GRID,5682,,1.835701e+00,1.277555e-01,6.509356e-02
GRID,5683,,1.838717e+00,1.277744e-01,6.509356e-02
GRID,5684,,1.838047e+00,1.277680e-01,4.035960e-02
GRID,5685,,1.838717e+00,1.277766e-01,8.909653e-02
GRID,5686,,1.835701e+00,1.737481e-01,5.845984e-03
GRID,5687,,1.835701e+00,1.805367e-01,3.739919e-02
GRID,5688,,1.835701e+00,1.870782e-01,7.122329e-02
GRID,5689,,1.835701e+00,1.780158e-01,1.398375e-01
GRID,5690,,1.835701e+00,1.780344e-01,1.058333e-01
GRID,5691,,1.835701e+00,1.986656e-01,1.260928e-02
GRID,5692,,1.835701e+00,2.009176e-01,1.189735e-01
GRID,5693,,1.835701e+00,2.031908e-01,1.352693e-01
GRID,5694,,1.835701e+00,2.041021e-01,9.557520e-02
GRID,5695,,1.835701e+00,2.167241e-01,4.439030e-02
GRID,5696,,1.835701e+00,2.295720e-01,7.756693e-02
GRID,5697,,1.835701e+00,2.240581e-01,1.704058e-02
GRID,5698,,1.835701e+00,2.281311e-01,1.081851e-01
GRID,5699,,1.835701e+00,2.284081e-01,1.309375e-01
GRID,5700,,1.835701e+00,2.496488e-01,2.020954e-02
GRID,5701,,1.835701e+00,2.526941e-01,4.940569e-02
GRID,5702,,1.835701e+00,2.565952e-01,1.015617e-01
GRID,5703,,1.835701e+00,2.536640e-01,1.268385e-01
GRID,5704,,1.835701e+00,2.679594e-01,7.574805e-02
GRID,5705,,1.835701e+00,2.753015e-01,2.272789e-02
GRID,5706,,1.835701e+00,2.856100e-01,4.886825e-02
GRID,5707,,1.835701e+00,2.789518e-01,1.229409e-01
GRID,5708,,1.835701e+00,2.870405e-01,9.673657e-02
GRID,5709,,1.835701e+00,3.010607e-01,7.116227e-02
GRID,5710,,1.835701e+00,3.009898e-01,2.492233e-02
GRID,5711,,1.835701e+00,3.042642e-01,1.192051e-01
GRID,5712,,1.835701e+00,3.168702e-01,4.716531e-02
GRID,5713,,1.835701e+00,3.161740e-01,9.191925e-02
GRID,5714,,1.835701e+00,3.266909e-01,2.695634e-02
GRID,5715,,1.835701e+00,3.334684e-01,6.728642e-02
GRID,5716,,1.835701e+00,3.295963e-01,1.156069e-01
GRID,5717,,1.835701e+00,3.458754e-01,8.842904e-02
GRID,5718,,1.835701e+00,3.483582e-01,4.669787e-02
GRID,5719,,1.835701e+00,3.523980e-01,2.891546e-02
GRID,5720,,1.835701e+00,3.549462e-01,1.121363e-01
GRID,5721,,1.835701e+00,3.674799e-01,6.519897e-02
GRID,5722,,1.835701e+00,3.772829e-01,8.986320e-02
GRID,5723,,1.835701e+00,3.781073e-01,3.084415e-02
GRID,5724,,1.835701e+00,3.803130e-01,1.087907e-01
GRID,5725,,1.835701e+00,3.995676e-01,6.784499e-02
GRID,5726,,1.835701e+00,4.056961e-01,1.055723e-01
GRID,5727,,1.835701e+00,4.038171e-01,3.276758e-02
GRID,5728,,1.835701e+00,4.173938e-01,4.992572e-02
GRID,5729,,1.835701e+00,4.327855e-01,6.495338e-02
GRID,5730,,1.835701e+00,4.302365e-01,8.489872e-02
GRID,5731,,1.835701e+00,4.295262e-01,3.469975e-02
GRID,5732,,1.835701e+00,4.310955e-01,1.024840e-01
GRID,5733,,1.835701e+00,4.389367e-01,4.855392e-02
GRID,5734,,1.835701e+00,4.552337e-01,3.665277e-02
GRID,5735,,1.835701e+00,4.568215e-01,7.881157e-02
GRID,5736,,1.835701e+00,4.565109e-01,9.953074e-02
GRID,5737,,1.835701e+00,4.583846e-01,5.614440e-02
GRID,5738,,1.835701e+00,4.809395e-01,3.862754e-02
GRID,5739,,1.835701e+00,4.819425e-01,9.672054e-02
GRID,5740,,1.835701e+00,4.759241e-01,6.769080e-02
GRID,5741,,1.835701e+00,4.975456e-01,6.682194e-02
GRID,5742,,1.835701e+00,5.066438e-01,4.062238e-02
GRID,5743,,1.835701e+00,5.073904e-01,9.406182e-02
GRID,5744,,1.835701e+00,5.205879e-01,6.669147e-02
GRID,5745,,1.835701e+00,5.323478e-01,4.262151e-02
GRID,5746,,1.835701e+00,5.328589e-01,9.160669e-02
GRID,5747,,1.835701e+00,5.438405e-01,6.659752e-02
GRID,5748,,1.835701e+00,5.580626e-01,4.447711e-02
GRID,5749,,1.835701e+00,5.583588e-01,8.973994e-02
GRID,5750,,1.835701e+00,5.674070e-01,6.680280e-02
GRID,5751,,1.835701e+00,5.838237e-01,4.548715e-02
GRID,5752,,1.835701e+00,5.839609e-01,9.004412e-02
GRID,5753,,1.835701e+00,5.900568e-01,6.775847e-02
GRID,5754,,1.855803e+00,6.096000e-01,6.391233e-02
GRID,5755,,1.864293e+00,6.096000e-01,4.788389e-02
GRID,5756,,1.835701e+00,6.096000e-01,4.601158e-02
GRID,5757,,1.842235e+00,6.339875e-01,4.694697e-02
GRID,5758,,1.835701e+00,6.096000e-01,6.881973e-02
GRID,5759,,1.844636e+00,6.429479e-01,7.007169e-02
GRID,5760,,1.842236e+00,6.339904e-01,9.249407e-02
GRID,5761,,1.835701e+00,6.096000e-01,9.162787e-02
GRID,5762,,1.864302e+00,6.096000e-01,8.784275e-02
GRID,5763,,1.863473e+00,-1.821206e+00,1.148999e-01
GRID,5764,,1.853363e+00,-1.278635e-01,3.595353e-02
GRID,5765,,1.837623e+00,-1.277649e-01,3.514898e-02
GRID,5766,,1.864048e+00,-1.279287e-01,1.745741e-02
GRID,5767,,1.837846e+00,1.277665e-01,3.792991e-02
GRID,5768,,1.853681e+00,1.278652e-01,3.335607e-02
GRID,5769,,1.863609e+00,1.279259e-01,1.745374e-02
GRID,5770,,1.838345e+00,-1.277702e-01,4.399283e-02
GRID,5771,,1.838238e+00,1.277694e-01,4.271660e-02
GRID,5772,,1.847054e+00,1.278250e-01,4.723036e-02
GRID,5773,,1.838717e+00,1.277729e-01,4.837547e-02
GRID,5774,,1.856866e+00,-1.278877e-01,6.114656e-02
GRID,5775,,1.838717e+00,-1.277739e-01,5.889894e-02
GRID,5776,,1.864914e+00,1.097280e+00,6.038470e-02
GRID,5777,,1.866013e+00,1.097280e+00,8.958096e-02
GRID,5778,,1.868006e+00,-1.279600e-01,8.934122e-02
GRID,5779,,1.838717e+00,1.277743e-01,6.377885e-02
GRID,5780,,1.861454e+00,1.279161e-01,5.756096e-02
GRID,5781,,1.870731e+00,1.279770e-01,8.936399e-02
GRID,5782,,1.865163e+00,1.097280e+00,1.275825e-01
GRID,5783,,1.864908e+00,-1.097280e+00,6.038421e-02
GRID,5784,,1.865163e+00,-1.097280e+00,1.275825e-01
GRID,5785,,1.865689e+00,1.821938e+00,1.176316e-01
GRID,5786,,1.868432e+00,1.584960e+00,7.787681e-02
GRID,5787,,1.862775e+00,1.584960e+00,1.075065e-01
GRID,5788,,1.866543e+00,1.584960e+00,1.345189e-01
GRID,5789,,1.848770e+00,-6.583747e-01,4.789492e-02
GRID,5790,,1.848770e+00,6.583747e-01,4.789492e-02
GRID,5791,,1.848771e+00,-6.583787e-01,9.342153e-02
GRID,5792,,1.848899e+00,-6.588561e-01,7.057692e-02
GRID,5793,,1.848771e+00,6.583787e-01,9.342153e-02
GRID,5794,,1.868432e+00,-1.584960e+00,7.787681e-02
GRID,5795,,1.868513e+00,-1.584960e+00,1.655840e-01
GRID,5796,,1.868513e+00,1.584960e+00,1.655840e-01
GRID,5797,,1.851919e+00,6.701276e-01,7.112646e-02
GRID,5798,,1.871956e+00,-1.584960e+00,1.144373e-01
GRID,5799,,1.855304e+00,-6.827610e-01,4.886317e-02
GRID,5800,,1.855304e+00,6.827610e-01,4.886317e-02
GRID,5801,,1.855306e+00,-6.827655e-01,9.439059e-02
GRID,5802,,1.855384e+00,-6.830574e-01,7.185566e-02
GRID,5803,,1.855306e+00,6.827655e-01,9.439059e-02
GRID,5804,,1.875215e+00,-1.829435e+00,1.456094e-01
GRID,5805,,1.875215e+00,1.829435e+00,1.456094e-01
GRID,5806,,1.875357e+00,-8.534400e-01,5.435770e-02
GRID,5807,,1.870285e+00,8.534400e-01,7.635850e-02
GRID,5808,,1.875361e+00,8.534400e-01,5.435798e-02
GRID,5809,,1.876048e+00,-8.534400e-01,1.052987e-01
GRID,5810,,1.876048e+00,8.534400e-01,1.052987e-01
GRID,5811,,1.877682e+00,-1.341120e+00,8.766603e-02
GRID,5812,,1.876923e+00,-1.341120e+00,6.943645e-02
GRID,5813,,1.876926e+00,1.341120e+00,6.943669e-02
GRID,5814,,1.858572e+00,6.949567e-01,7.212526e-02
GRID,5815,,1.881596e+00,-8.534400e-01,7.918913e-02
GRID,5816,,1.877164e+00,-1.280129e-01,4.066580e-02
GRID,5817,,1.874942e+00,1.279986e-01,3.696307e-02
GRID,5818,,1.878388e+00,-1.097280e+00,8.959312e-02
GRID,5819,,1.861838e+00,-7.071465e-01,4.985452e-02
GRID,5820,,1.861838e+00,7.071465e-01,4.985452e-02
GRID,5821,,1.861839e+00,-7.071510e-01,9.539442e-02
GRID,5822,,1.861839e+00,7.071510e-01,9.539442e-02
GRID,5823,,1.862674e+00,-7.102649e-01,7.447843e-02
GRID,5824,,1.878522e+00,6.096000e-01,6.666434e-02
GRID,5825,,1.880679e+00,-1.341120e+00,1.149769e-01
GRID,5826,,1.879649e+00,1.341120e+00,1.094732e-01
GRID,5827,,1.881912e+00,-1.280450e-01,6.699117e-02
GRID,5828,,1.882209e+00,1.814514e+00,8.992619e-02
GRID,5829,,1.882214e+00,-1.814515e+00,8.992633e-02
GRID,5830,,1.882156e+00,-1.341120e+00,1.464966e-01
GRID,5831,,1.882156e+00,1.341120e+00,1.464966e-01
GRID,5832,,1.885332e+00,-1.584960e+00,1.412383e-01
GRID,5833,,1.865106e+00,7.193421e-01,7.313542e-02
GRID,5834,,1.890479e+00,-1.097280e+00,1.244753e-01
GRID,5835,,1.881255e+00,1.280402e-01,5.980373e-02
GRID,5836,,1.868372e+00,-7.315311e-01,5.086922e-02
GRID,5837,,1.868372e+00,7.315311e-01,5.086922e-02
GRID,5838,,1.868373e+00,-7.315353e-01,9.642888e-02
GRID,5839,,1.868373e+00,7.315353e-01,9.642888e-02
GRID,5840,,1.869676e+00,-7.363968e-01,6.974555e-02
GRID,5841,,1.881916e+00,1.584960e+00,9.699830e-02
GRID,5842,,1.884102e+00,1.584960e+00,1.188088e-01
GRID,5843,,1.902437e+00,-1.821989e+00,1.178212e-01
GRID,5844,,1.891470e+00,1.281004e-01,1.768650e-02
GRID,5845,,1.891785e+00,-1.281023e-01,1.768913e-02
GRID,5846,,1.892896e+00,-6.096000e-01,4.959133e-02
GRID,5847,,1.892896e+00,6.096000e-01,4.959133e-02
GRID,5848,,1.892903e+00,-6.096000e-01,8.405200e-02
GRID,5849,,1.892903e+00,6.096000e-01,8.405200e-02
GRID,5850,,1.890269e+00,-1.097280e+00,6.249506e-02
GRID,5851,,1.890275e+00,1.097280e+00,6.249555e-02
GRID,5852,,1.871640e+00,7.437263e-01,7.417239e-02
GRID,5853,,1.893330e+00,1.097280e+00,9.702230e-02
GRID,5854,,1.890479e+00,1.097280e+00,1.244753e-01
GRID,5855,,1.889701e+00,1.821955e+00,1.176956e-01
GRID,5856,,1.892765e+00,1.584960e+00,1.437610e-01
GRID,5857,,1.894038e+00,-1.281230e-01,8.955871e-02
GRID,5858,,1.874906e+00,-7.559149e-01,5.190695e-02
GRID,5859,,1.874906e+00,7.559149e-01,5.190695e-02
GRID,5860,,1.874906e+00,-7.559175e-01,7.470062e-02
GRID,5861,,1.874907e+00,-7.559185e-01,9.749176e-02
GRID,5862,,1.874907e+00,7.559185e-01,9.749176e-02
GRID,5863,,1.896195e+00,-1.584960e+00,9.792956e-02
GRID,5864,,1.893856e+00,-1.584960e+00,7.955698e-02
GRID,5865,,1.893856e+00,1.584960e+00,7.955698e-02
GRID,5866,,1.893971e+00,-1.584960e+00,1.637498e-01
GRID,5867,,1.893971e+00,1.584960e+00,1.637498e-01
GRID,5868,,1.901038e+00,8.534400e-01,7.914947e-02
GRID,5869,,1.892827e+00,1.281140e-01,7.390182e-02
GRID,5870,,1.896992e+00,1.281414e-01,8.958339e-02
GRID,5871,,1.899078e+00,-6.096000e-01,6.667775e-02
GRID,5872,,1.878173e+00,7.681090e-01,7.524082e-02
GRID,5873,,1.904992e+00,-1.584960e+00,1.220967e-01
GRID,5874,,1.881439e+00,-7.802976e-01,5.296996e-02
GRID,5875,,1.881439e+00,7.802976e-01,5.296996e-02
GRID,5876,,1.880134e+00,-7.754251e-01,7.969177e-02
GRID,5877,,1.881440e+00,-7.803004e-01,9.858346e-02
GRID,5878,,1.881440e+00,7.803004e-01,9.858346e-02
GRID,5879,,1.897651e+00,1.281409e-01,3.834316e-02
GRID,5880,,1.901337e+00,-1.829435e+00,1.456094e-01
GRID,5881,,1.901337e+00,1.829435e+00,1.456094e-01
GRID,5882,,1.901038e+00,-8.534400e-01,5.629327e-02
GRID,5883,,1.901038e+00,8.534400e-01,5.629327e-02
GRID,5884,,1.901038e+00,-8.534400e-01,1.020057e-01
GRID,5885,,1.901038e+00,8.534400e-01,1.020057e-01
GRID,5886,,1.902722e+00,-1.341120e+00,7.154755e-02
GRID,5887,,1.901449e+00,1.341120e+00,9.525766e-02
GRID,5888,,1.902725e+00,1.341120e+00,7.154780e-02
GRID,5889,,1.901366e+00,-1.281638e-01,3.449014e-02
GRID,5890,,1.899155e+00,-1.281516e-01,5.270512e-02
GRID,5891,,1.907747e+00,-1.341120e+00,9.434130e-02
GRID,5892,,1.884516e+00,7.917819e-01,7.629288e-02
GRID,5893,,1.903266e+00,-1.097280e+00,9.318288e-02
GRID,5894,,1.903066e+00,6.096000e-01,6.610368e-02
GRID,5895,,1.903952e+00,1.341120e+00,1.234486e-01
GRID,5896,,1.887123e+00,-8.015109e-01,7.504523e-02
GRID,5897,,1.904047e+00,-1.341120e+00,1.211331e-01
GRID,5898,,1.901665e+00,1.281677e-01,5.600727e-02
GRID,5899,,1.887972e+00,-8.046793e-01,5.405586e-02
GRID,5900,,1.887972e+00,8.046793e-01,5.405586e-02
GRID,5901,,1.887973e+00,-8.046813e-01,9.970071e-02
GRID,5902,,1.887973e+00,8.046813e-01,9.970071e-02
GRID,5903,,1.901038e+00,-8.534400e-01,7.914947e-02
GRID,5904,,1.902323e+00,-1.281729e-01,6.839256e-02
GRID,5905,,1.902090e+00,1.584960e+00,1.011988e-01
GRID,5906,,1.907113e+00,-1.341120e+00,1.438060e-01
GRID,5907,,1.907113e+00,1.341120e+00,1.438060e-01
GRID,5908,,1.907488e+00,1.814742e+00,9.077568e-02
GRID,5909,,1.907494e+00,-1.814742e+00,9.077589e-02
GRID,5910,,1.904265e+00,1.584960e+00,1.225903e-01
GRID,5911,,1.890051e+00,8.124357e-01,7.723692e-02
GRID,5912,,1.914089e+00,-1.584960e+00,1.439297e-01
GRID,5913,,1.894335e+00,-8.284248e-01,7.808280e-02
GRID,5914,,1.894505e+00,-8.290601e-01,5.516408e-02
GRID,5915,,1.894505e+00,8.290601e-01,5.516408e-02
GRID,5916,,1.894505e+00,-8.290612e-01,1.008419e-01
GRID,5917,,1.894505e+00,8.290612e-01,1.008419e-01
GRID,5918,,1.910192e+00,1.823015e+00,1.216509e-01
GRID,5919,,1.895771e+00,8.337866e-01,7.534042e-02
GRID,5920,,1.915632e+00,-1.097280e+00,6.458749e-02
GRID,5921,,1.915638e+00,1.097280e+00,6.458797e-02
GRID,5922,,1.915785e+00,-1.097280e+00,1.212834e-01
GRID,5923,,1.915785e+00,1.097280e+00,1.212834e-01
GRID,5924,,1.919522e+00,1.282760e-01,1.792086e-02
GRID,5925,,1.919522e+00,-1.282760e-01,1.792086e-02
GRID,5926,,1.921992e+00,1.584960e+00,1.387159e-01
GRID,5927,,1.919413e+00,1.584960e+00,1.617035e-01
GRID,5928,,1.908109e+00,1.282100e-01,7.834074e-02
GRID,5929,,1.907887e+00,1.282075e-01,6.598598e-02
GRID,5930,,1.921510e+00,-6.096000e-01,5.108859e-02
GRID,5931,,1.921510e+00,6.096000e-01,5.108859e-02
GRID,5932,,1.921510e+00,-6.096000e-01,8.031097e-02
GRID,5933,,1.921510e+00,6.096000e-01,8.031097e-02
GRID,5934,,1.921337e+00,1.097280e+00,9.312856e-02
GRID,5935,,1.919272e+00,-1.584960e+00,8.135291e-02
GRID,5936,,1.919272e+00,1.584960e+00,8.135291e-02
GRID,5937,,1.919413e+00,-1.584960e+00,1.617035e-01
GRID,5938,,1.908549e+00,-1.282128e-01,7.857396e-02
GRID,5939,,1.910304e+00,-1.282248e-01,8.969460e-02
GRID,5940,,1.925567e+00,-1.584960e+00,1.034385e-01
GRID,5941,,1.911367e+00,1.282314e-01,8.970348e-02
GRID,5942,,1.917553e+00,1.282662e-01,4.588600e-02
GRID,5943,,1.917286e+00,-1.282648e-01,4.869569e-02
GRID,5944,,1.916891e+00,-1.282633e-01,5.918105e-02
GRID,5945,,1.907572e+00,-8.778278e-01,5.744350e-02
GRID,5946,,1.927095e+00,-8.534400e-01,7.625808e-02
GRID,5947,,1.926945e+00,-8.534400e-01,5.811787e-02
GRID,5948,,1.907573e+00,-8.778302e-01,8.031704e-02
GRID,5949,,1.926099e+00,-8.534400e-01,9.868956e-02
GRID,5950,,1.907572e+00,-8.778281e-01,1.031920e-01
GRID,5951,,1.905494e+00,8.700724e-01,7.994650e-02
GRID,5952,,1.907572e+00,8.778278e-01,5.744350e-02
GRID,5953,,1.926255e+00,8.534400e-01,5.807124e-02
GRID,5954,,1.926863e+00,8.534400e-01,7.628533e-02
GRID,5955,,1.925944e+00,8.534400e-01,9.871013e-02
GRID,5956,,1.907572e+00,8.778281e-01,1.031920e-01
GRID,5957,,1.927458e+00,-1.829435e+00,1.456094e-01
GRID,5958,,1.927458e+00,1.829435e+00,1.456094e-01
GRID,5959,,1.918709e+00,-1.282723e-01,3.333497e-02
GRID,5960,,1.927210e+00,1.341120e+00,9.004108e-02
GRID,5961,,1.922492e+00,1.341120e+00,1.122098e-01
GRID,5962,,1.916891e+00,1.282630e-01,5.655209e-02
GRID,5963,,1.924282e+00,1.584960e+00,1.126796e-01
GRID,5964,,1.916891e+00,-1.282640e-01,6.702912e-02
GRID,5965,,1.932763e+00,-1.815027e+00,9.183904e-02
GRID,5966,,1.937770e+00,-1.822410e+00,1.193928e-01
GRID,5967,,1.928519e+00,-1.341120e+00,7.368572e-02
GRID,5968,,1.928522e+00,1.341120e+00,7.368597e-02
GRID,5969,,1.930217e+00,-1.097280e+00,9.202911e-02
GRID,5970,,1.932057e+00,1.341120e+00,1.409994e-01
GRID,5971,,1.929837e+00,-1.341120e+00,1.257500e-01
GRID,5972,,1.926802e+00,-1.341120e+00,1.076828e-01
GRID,5973,,1.933839e+00,-1.584960e+00,1.285945e-01
GRID,5974,,1.910992e+00,8.905892e-01,8.093649e-02
GRID,5975,,1.932057e+00,-1.341120e+00,1.409994e-01
GRID,5976,,1.930157e+00,1.820466e+00,1.121377e-01
GRID,5977,,1.932758e+00,1.815027e+00,9.183881e-02
GRID,5978,,1.914107e+00,-9.022148e-01,5.861379e-02
GRID,5979,,1.914107e+00,9.022148e-01,5.861379e-02
GRID,5980,,1.914107e+00,-9.022153e-01,1.043995e-01
GRID,5981,,1.914232e+00,-9.026840e-01,8.157979e-02
GRID,5982,,1.914107e+00,9.022153e-01,1.043995e-01
GRID,5983,,1.939791e+00,-1.341120e+00,9.256651e-02
GRID,5984,,1.916891e+00,1.282643e-01,7.071647e-02
GRID,5985,,1.916891e+00,1.282635e-01,6.202288e-02
GRID,5986,,1.914047e+00,1.282476e-01,8.318140e-02
GRID,5987,,1.916891e+00,1.282650e-01,7.803101e-02
GRID,5988,,1.916891e+00,-1.282652e-01,8.024422e-02
GRID,5989,,1.916891e+00,-1.282649e-01,7.686319e-02
GRID,5990,,1.917953e+00,-1.282727e-01,8.975850e-02
GRID,5991,,1.917136e+00,9.135198e-01,8.206805e-02
GRID,5992,,1.917953e+00,1.282727e-01,8.975850e-02
GRID,5993,,1.916891e+00,1.282652e-01,8.024420e-02
GRID,5994,,1.917519e+00,1.282693e-01,8.244632e-02
GRID,5995,,1.944838e+00,-1.584960e+00,1.594563e-01
GRID,5996,,1.920641e+00,-9.266008e-01,5.980374e-02
GRID,5997,,1.920641e+00,9.266008e-01,5.980374e-02
GRID,5998,,1.920641e+00,-9.266014e-01,1.056273e-01
GRID,5999,,1.920641e+00,9.266014e-01,1.056273e-01
GRID,6000,,1.921484e+00,-9.297485e-01,8.458916e-02
GRID,6001,,1.940997e+00,-1.097280e+00,6.663948e-02
GRID,6002,,1.941003e+00,1.097280e+00,6.663995e-02
GRID,6003,,1.941082e+00,-1.097280e+00,1.180253e-01
GRID,6004,,1.941082e+00,1.097280e+00,1.180253e-01
GRID,6005,,1.916891e+00,-1.282648e-01,7.576202e-02
GRID,6006,,1.917159e+00,-1.282667e-01,7.819050e-02
GRID,6007,,1.917373e+00,-1.282682e-01,8.020930e-02
GRID,6008,,1.916891e+00,-1.282638e-01,6.508665e-02
GRID,6009,,1.921510e+00,-1.282930e-01,6.877080e-02
GRID,6010,,1.921510e+00,-1.282939e-01,7.819050e-02
GRID,6011,,1.916891e+00,1.282643e-01,7.073489e-02
GRID,6012,,1.916891e+00,1.282650e-01,7.819110e-02
GRID,6013,,1.917161e+00,1.282667e-01,7.819110e-02
GRID,6014,,1.921510e+00,1.282932e-01,7.073490e-02
GRID,6015,,1.921510e+00,1.282922e-01,5.943275e-02
GRID,6016,,1.916891e+00,1.282633e-01,5.943273e-02
GRID,6017,,1.917371e+00,1.282682e-01,8.020744e-02
GRID,6018,,1.916891e+00,-1.282630e-01,5.620517e-02
GRID,6019,,1.921510e+00,-1.282924e-01,6.169743e-02
GRID,6020,,1.916891e+00,-1.282626e-01,5.248872e-02
GRID,6021,,1.921510e+00,-1.282918e-01,5.520385e-02
GRID,6022,,1.917625e+00,-1.282666e-01,4.512088e-02
GRID,6023,,1.921510e+00,-1.282909e-01,4.512088e-02
GRID,6024,,1.921510e+00,1.282912e-01,4.822106e-02
GRID,6025,,1.917371e+00,1.282652e-01,4.782294e-02
GRID,6026,,1.923673e+00,9.379174e-01,8.328706e-02
GRID,6027,,1.917417e+00,-1.282685e-01,8.083107e-02
GRID,6028,,1.921510e+00,1.282950e-01,8.978822e-02
GRID,6029,,1.921510e+00,1.282901e-01,3.664193e-02
GRID,6030,,1.918415e+00,1.282708e-01,3.664193e-02
GRID,6031,,1.921510e+00,-1.282950e-01,8.978822e-02
GRID,6032,,1.918530e+00,-1.282714e-01,3.537399e-02
GRID,6033,,1.921510e+00,-1.282900e-01,3.537399e-02
GRID,6034,,1.944681e+00,-1.584960e+00,8.324777e-02
GRID,6035,,1.944681e+00,1.584960e+00,8.324777e-02
GRID,6036,,1.944838e+00,1.584960e+00,1.594563e-01
GRID,6037,,1.921510e+00,-1.282885e-01,1.793747e-02
GRID,6038,,1.921510e+00,1.282885e-01,1.793747e-02
GRID,6039,,1.927175e+00,-9.509860e-01,6.101314e-02
GRID,6040,,1.927175e+00,9.509860e-01,6.101314e-02
GRID,6041,,1.927175e+00,-9.509866e-01,1.068753e-01
GRID,6042,,1.927175e+00,9.509866e-01,1.068753e-01
GRID,6043,,1.946607e+00,1.097280e+00,9.219940e-02
GRID,6044,,1.928480e+00,-9.558566e-01,8.004771e-02
GRID,6045,,1.921510e+00,-6.096000e-01,5.108812e-02
GRID,6046,,1.921510e+00,-5.968270e-01,6.503690e-02
GRID,6047,,1.921510e+00,-5.838276e-01,5.041464e-02
GRID,6048,,1.946937e+00,-6.096000e-01,5.223344e-02
GRID,6049,,1.947427e+00,-6.096000e-01,7.697613e-02
GRID,6050,,1.921510e+00,-5.840368e-01,7.874515e-02
GRID,6051,,1.921510e+00,-5.584468e-01,7.843555e-02
GRID,6052,,1.921510e+00,-5.580659e-01,4.942742e-02
GRID,6053,,1.921510e+00,-5.329092e-01,8.023744e-02
GRID,6054,,1.921510e+00,-5.323334e-01,4.783877e-02
GRID,6055,,1.921510e+00,-5.074264e-01,8.261639e-02
GRID,6056,,1.921510e+00,-5.066090e-01,4.612887e-02
GRID,6057,,1.921510e+00,-4.873231e-01,6.460139e-02
GRID,6058,,1.921510e+00,-4.819631e-01,8.520511e-02
GRID,6059,,1.921510e+00,-4.808856e-01,4.440277e-02
GRID,6060,,1.921510e+00,-4.549907e-01,6.432485e-02
GRID,6061,,1.921510e+00,-4.565162e-01,8.795042e-02
GRID,6062,,1.921510e+00,-4.551623e-01,4.267630e-02
GRID,6063,,1.921510e+00,-4.310847e-01,9.083448e-02
GRID,6064,,1.921510e+00,-4.294387e-01,4.095330e-02
GRID,6065,,1.921510e+00,-4.233045e-01,6.572729e-02
GRID,6066,,1.921510e+00,-4.056686e-01,9.385135e-02
GRID,6067,,1.921510e+00,-4.037151e-01,3.923011e-02
GRID,6068,,1.921510e+00,-3.951034e-01,6.695589e-02
GRID,6069,,1.921510e+00,-3.802682e-01,9.699718e-02
GRID,6070,,1.921510e+00,-3.779922e-01,3.749715e-02
GRID,6071,,1.921510e+00,-3.674873e-01,6.640710e-02
GRID,6072,,1.921510e+00,-3.548842e-01,1.002729e-01
GRID,6073,,1.921510e+00,-3.522708e-01,3.574178e-02
GRID,6074,,1.921510e+00,-3.399470e-01,7.804500e-02
GRID,6075,,1.921510e+00,-3.411423e-01,5.461074e-02
GRID,6076,,1.921510e+00,-3.295174e-01,1.036788e-01
GRID,6077,,1.921510e+00,-3.265526e-01,3.393988e-02
GRID,6078,,1.921510e+00,-3.172450e-01,5.754842e-02
GRID,6079,,1.921510e+00,-3.147106e-01,8.149630e-02
GRID,6080,,1.921510e+00,-3.041699e-01,1.072258e-01
GRID,6081,,1.921510e+00,-3.008413e-01,3.204781e-02
GRID,6082,,1.921510e+00,-2.898211e-01,6.913741e-02
GRID,6083,,1.921510e+00,-2.788459e-01,1.109384e-01
GRID,6084,,1.921510e+00,-2.748437e-01,9.228899e-02
GRID,6085,,1.921510e+00,-2.744565e-01,4.929277e-02
GRID,6086,,1.921510e+00,-2.751428e-01,2.998005e-02
GRID,6087,,1.921510e+00,-2.523165e-01,7.861250e-02
GRID,6088,,1.921510e+00,-2.535548e-01,1.148658e-01
GRID,6089,,1.921510e+00,-2.498485e-01,4.790910e-02
GRID,6090,,1.921510e+00,-2.494740e-01,2.757339e-02
GRID,6091,,1.921510e+00,-2.283111e-01,1.190917e-01
GRID,6092,,1.921510e+00,-2.076880e-01,8.275562e-02
GRID,6093,,1.921510e+00,-2.278154e-01,6.688500e-02
GRID,6094,,1.921510e+00,-2.238725e-01,2.449804e-02
GRID,6095,,1.921510e+00,-2.031386e-01,1.237245e-01
GRID,6096,,1.921510e+00,-1.966131e-01,1.047658e-01
GRID,6097,,1.921510e+00,-2.050892e-01,4.917769e-02
GRID,6098,,1.921510e+00,-1.984734e-01,2.010785e-02
GRID,6099,,1.921510e+00,-1.825742e-01,8.351099e-02
GRID,6100,,1.921510e+00,-1.881088e-01,6.356850e-02
GRID,6101,,1.921510e+00,-1.802023e-01,4.109689e-02
GRID,6102,,1.921510e+00,-1.780691e-01,1.288720e-01
GRID,6103,,1.921510e+00,-1.737097e-01,1.326033e-02
GRID,6104,,1.921510e+00,-1.703261e-01,1.068531e-01
GRID,6105,,1.921510e+00,-1.682939e-01,6.321259e-02
GRID,6106,,1.921510e+00,-1.622636e-01,8.522236e-02
GRID,6107,,1.921510e+00,-1.528086e-01,3.947226e-02
GRID,6108,,1.921510e+00,-1.531224e-01,1.345996e-01
GRID,6109,,1.921510e+00,-1.501559e-01,2.561041e-03
GRID,6110,,1.921510e+00,-1.478439e-01,1.017754e-01
GRID,6111,,1.921510e+00,-1.472226e-01,7.322983e-02
GRID,6112,,1.921510e+00,-1.282902e-01,1.407995e-01
GRID,6113,,1.921510e+00,-1.282901e-01,1.154017e-01
GRID,6114,,1.921510e+00,-1.282899e-01,6.460607e-02
GRID,6115,,1.921510e+00,-1.282898e-01,3.920824e-02
GRID,6116,,1.921510e+00,-1.282897e-01,1.381042e-02
GRID,6117,,1.921510e+00,-1.282896e-01,-1.158741e-02
GRID,6118,,1.921510e+00,-1.282900e-01,9.000390e-02
GRID,6119,,1.921510e+00,-1.282937e-01,7.642314e-02
GRID,6120,,1.924253e+00,-1.283111e-01,7.829373e-02
GRID,6121,,1.923463e+00,-1.283072e-01,8.980453e-02
GRID,6122,,1.921510e+00,-1.282922e-01,5.926781e-02
GRID,6123,,1.924523e+00,-1.283124e-01,7.436866e-02
GRID,6124,,1.921510e+00,-1.282903e-01,3.843627e-02
GRID,6125,,1.924523e+00,-1.283104e-01,5.229704e-02
GRID,6126,,1.924523e+00,-1.283111e-01,5.926781e-02
GRID,6127,,1.923144e+00,-1.283005e-01,3.828575e-02
GRID,6128,,1.921510e+00,-1.095805e-01,1.240426e-01
GRID,6129,,1.921510e+00,-1.028957e-01,1.472512e-01
GRID,6130,,1.921510e+00,-1.052262e-01,1.012894e-01
GRID,6131,,1.921510e+00,-1.032856e-01,7.712730e-02
GRID,6132,,1.921510e+00,-1.016690e-01,5.233096e-02
GRID,6133,,1.921510e+00,-1.015016e-01,2.716073e-02
GRID,6134,,1.921510e+00,-1.030490e-01,1.136793e-03
GRID,6135,,1.921510e+00,-1.075241e-01,-2.616615e-02
GRID,6136,,1.921891e+00,-1.282908e-01,1.794065e-02
GRID,6137,,1.921510e+00,-8.441928e-02,1.214441e-01
GRID,6138,,1.921510e+00,-7.880697e-02,-1.221237e-02
GRID,6139,,1.921510e+00,-8.579465e-02,-3.937901e-02
GRID,6140,,1.921510e+00,-8.125618e-02,9.170535e-02
GRID,6141,,1.921510e+00,-8.004642e-02,6.683572e-02
GRID,6142,,1.921510e+00,-7.444944e-02,1.540290e-02
GRID,6143,,1.921510e+00,-7.750404e-02,1.531590e-01
GRID,6144,,1.921510e+00,-7.566512e-02,4.163998e-02
GRID,6145,,1.921510e+00,-5.721141e-02,-2.893012e-02
GRID,6146,,1.921510e+00,-6.277866e-02,-4.988688e-02
GRID,6147,,1.921510e+00,-5.925913e-02,1.314044e-01
GRID,6148,,1.921510e+00,-6.018885e-02,1.056588e-01
GRID,6149,,1.921510e+00,-5.865994e-02,8.012050e-02
GRID,6150,,1.921510e+00,-5.897601e-02,5.916096e-02
GRID,6151,,1.921510e+00,-4.658895e-02,1.094264e-03
GRID,6152,,1.921510e+00,-5.187677e-02,1.579099e-01
GRID,6153,,1.921510e+00,-4.501680e-02,3.605107e-02
GRID,6154,,1.921510e+00,-3.839634e-02,-5.717983e-02
GRID,6155,,1.921510e+00,-3.771703e-02,1.156055e-01
GRID,6156,,1.921510e+00,-3.840532e-02,9.212432e-02
GRID,6157,,1.921510e+00,-3.914394e-02,1.389500e-01
GRID,6158,,1.921510e+00,-3.799895e-02,6.673003e-02
GRID,6159,,1.921510e+00,-3.480222e-02,-2.610013e-02
GRID,6160,,1.921510e+00,-2.598063e-02,1.609851e-01
GRID,6161,,1.921510e+00,-1.689637e-02,2.459041e-02
GRID,6162,,1.921510e+00,-1.630443e-02,-6.562211e-03
GRID,6163,,1.921510e+00,-1.431226e-02,5.652584e-02
GRID,6164,,1.921510e+00,-1.859324e-02,1.297483e-01
GRID,6165,,1.921510e+00,-1.583511e-02,1.026247e-01
GRID,6166,,1.921510e+00,-1.902727e-02,8.100188e-02
GRID,6167,,1.921510e+00,-1.428055e-02,-3.540989e-02
GRID,6168,,1.921510e+00,-1.322327e-02,-6.091174e-02
GRID,6169,,1.921510e+00,7.793593e-05,1.620489e-01
GRID,6170,,1.921510e+00,1.118867e-03,1.428365e-01
GRID,6171,,1.921510e+00,7.200856e-03,8.349268e-02
GRID,6172,,1.921510e+00,4.122775e-03,1.153108e-01
GRID,6173,,1.921510e+00,1.503095e-02,4.748530e-02
GRID,6174,,1.921510e+00,1.046273e-02,1.152273e-02
GRID,6175,,1.921510e+00,9.973583e-03,-1.864145e-02
GRID,6176,,1.921510e+00,1.092304e-02,-4.347662e-02
GRID,6177,,1.921510e+00,1.205804e-02,-6.099541e-02
GRID,6178,,1.921510e+00,2.612521e-02,1.609737e-01
GRID,6179,,1.921510e+00,2.435938e-02,1.316136e-01
GRID,6180,,1.921510e+00,2.839256e-02,1.042347e-01
GRID,6181,,1.921510e+00,3.736631e-02,7.622082e-02
GRID,6182,,1.921510e+00,3.512893e-02,-6.316372e-03
GRID,6183,,1.921510e+00,3.577810e-02,-3.315059e-02
GRID,6184,,1.921510e+00,3.830708e-02,2.185506e-02
GRID,6185,,1.921510e+00,3.725705e-02,-5.742992e-02
GRID,6186,,1.921510e+00,4.923347e-02,4.769893e-02
GRID,6187,,1.921510e+00,4.807505e-02,1.402931e-01
GRID,6188,,1.921510e+00,4.564453e-02,1.202973e-01
GRID,6189,,1.921510e+00,5.202568e-02,1.578872e-01
GRID,6190,,1.921510e+00,5.902306e-02,9.851247e-02
GRID,6191,,1.921510e+00,6.255775e-02,2.394142e-03
GRID,6192,,1.921510e+00,6.008474e-02,-2.329089e-02
GRID,6193,,1.921510e+00,6.166623e-02,-5.030313e-02
GRID,6194,,1.921510e+00,6.753771e-02,6.869165e-02
GRID,6195,,1.921510e+00,6.437421e-02,2.463195e-02
GRID,6196,,1.921510e+00,6.755907e-02,1.261175e-01
GRID,6197,,1.921510e+00,7.763587e-02,1.531318e-01
GRID,6198,,1.921510e+00,7.798882e-02,4.048934e-02
GRID,6199,,1.921510e+00,8.538206e-02,1.095381e-01
GRID,6200,,1.921510e+00,8.647462e-02,8.508499e-02
GRID,6201,,1.921510e+00,8.491088e-02,-1.346815e-02
GRID,6202,,1.921510e+00,8.481538e-02,-3.990162e-02
GRID,6203,,1.921510e+00,9.101778e-02,1.353617e-02
GRID,6204,,1.921510e+00,9.210007e-02,5.857846e-02
GRID,6205,,1.921510e+00,8.760138e-02,1.320191e-01
GRID,6206,,1.921510e+00,1.030282e-01,1.472175e-01
GRID,6207,,1.921510e+00,1.050369e-01,3.333085e-02
GRID,6208,,1.921510e+00,1.065946e-01,-2.678868e-02
GRID,6209,,1.921510e+00,1.086512e-01,-4.476803e-03
GRID,6210,,1.921510e+00,1.067104e-01,1.231607e-01
GRID,6211,,1.921510e+00,1.077334e-01,9.957234e-02
GRID,6212,,1.921510e+00,1.092962e-01,7.527190e-02
GRID,6213,,1.921510e+00,1.282897e-01,1.381061e-02
GRID,6214,,1.921510e+00,1.122008e-01,5.304583e-02
GRID,6215,,1.921510e+00,1.282902e-01,1.408005e-01
GRID,6216,,1.921510e+00,1.282898e-01,3.920859e-02
GRID,6217,,1.921510e+00,1.282896e-01,-1.158737e-02
GRID,6218,,1.921510e+00,1.282901e-01,1.154025e-01
GRID,6219,,1.921510e+00,1.282900e-01,9.000454e-02
GRID,6220,,1.921510e+00,1.282899e-01,6.460656e-02
GRID,6221,,1.921510e+00,1.282907e-01,4.327586e-02
GRID,6222,,1.923591e+00,1.283038e-01,4.308223e-02
GRID,6223,,1.921891e+00,1.282908e-01,1.794065e-02
GRID,6224,,1.921510e+00,1.498999e-01,2.416466e-03
GRID,6225,,1.921510e+00,1.479287e-01,3.209093e-02
GRID,6226,,1.921510e+00,1.523462e-01,7.977451e-02
GRID,6227,,1.921510e+00,1.688138e-01,4.802283e-02
GRID,6228,,1.921510e+00,1.457592e-01,1.065276e-01
GRID,6229,,1.921510e+00,1.531444e-01,1.345935e-01
GRID,6230,,1.921510e+00,1.282922e-01,5.923959e-02
GRID,6231,,1.924523e+00,1.283110e-01,5.923959e-02
GRID,6232,,1.921510e+00,1.282939e-01,7.829317e-02
GRID,6233,,1.924523e+00,1.283120e-01,6.920060e-02
GRID,6234,,1.923463e+00,1.283072e-01,8.980453e-02
GRID,6235,,1.924255e+00,1.283111e-01,7.829317e-02
GRID,6236,,1.921510e+00,1.664762e-01,1.036079e-01
GRID,6237,,1.921510e+00,1.734167e-01,1.315572e-02
GRID,6238,,1.921510e+00,1.798820e-01,7.457545e-02
GRID,6239,,1.921510e+00,1.780909e-01,1.288679e-01
GRID,6240,,1.921510e+00,1.910479e-01,1.003750e-01
GRID,6241,,1.921510e+00,2.038866e-01,5.048981e-02
GRID,6242,,1.921510e+00,1.982276e-01,2.005454e-02
GRID,6243,,1.921510e+00,2.031628e-01,1.237197e-01
GRID,6244,,1.921510e+00,2.043226e-01,7.832702e-02
GRID,6245,,1.921510e+00,2.240310e-01,9.701347e-02
GRID,6246,,1.921510e+00,2.236298e-01,2.446423e-02
GRID,6247,,1.921510e+00,2.283345e-01,1.190877e-01
GRID,6248,,1.921510e+00,2.268178e-01,7.070390e-02
GRID,6249,,1.921510e+00,2.375801e-01,4.984562e-02
GRID,6250,,1.921510e+00,2.492140e-01,2.754617e-02
GRID,6251,,1.921510e+00,2.535783e-01,1.148620e-01
GRID,6252,,1.921510e+00,2.556316e-01,8.075769e-02
GRID,6253,,1.921510e+00,2.683915e-01,4.906261e-02
GRID,6254,,1.921510e+00,2.748728e-01,2.995694e-02
GRID,6255,,1.921510e+00,2.788697e-01,1.109347e-01
GRID,6256,,1.921510e+00,2.865309e-01,7.335977e-02
GRID,6257,,1.921510e+00,3.005606e-01,3.202639e-02
GRID,6258,,1.921510e+00,3.041937e-01,1.072224e-01
GRID,6259,,1.921510e+00,3.126765e-01,6.476037e-02
GRID,6260,,1.921510e+00,3.262619e-01,3.391910e-02
GRID,6261,,1.921510e+00,3.273107e-01,8.360905e-02
GRID,6262,,1.921510e+00,3.295413e-01,1.036755e-01
GRID,6263,,1.921510e+00,3.402991e-01,6.000780e-02
GRID,6264,,1.921510e+00,3.519698e-01,3.572104e-02
GRID,6265,,1.921510e+00,3.513555e-01,8.287328e-02
GRID,6266,,1.921510e+00,3.549083e-01,1.002697e-01
GRID,6267,,1.921510e+00,3.669404e-01,6.418721e-02
GRID,6268,,1.921510e+00,3.802924e-01,9.699416e-02
GRID,6269,,1.921510e+00,3.776809e-01,3.747605e-02
GRID,6270,,1.921510e+00,3.912288e-01,6.664172e-02
GRID,6271,,1.921510e+00,4.033935e-01,3.920853e-02
GRID,6272,,1.921510e+00,4.056930e-01,9.384839e-02
GRID,6273,,1.921510e+00,4.166730e-01,6.608508e-02
GRID,6274,,1.921510e+00,4.291068e-01,4.093111e-02
GRID,6275,,1.921510e+00,4.311092e-01,9.083163e-02
GRID,6276,,1.921510e+00,4.409171e-01,6.567041e-02
GRID,6277,,1.921510e+00,4.548201e-01,4.265338e-02
GRID,6278,,1.921510e+00,4.565409e-01,8.794768e-02
GRID,6279,,1.921510e+00,4.636986e-01,6.510883e-02
GRID,6280,,1.921510e+00,4.805331e-01,4.437912e-02
GRID,6281,,1.921510e+00,4.819878e-01,8.520251e-02
GRID,6282,,1.921510e+00,5.062462e-01,4.610459e-02
GRID,6283,,1.921510e+00,5.074513e-01,8.261391e-02
GRID,6284,,1.921510e+00,5.319603e-01,4.781425e-02
GRID,6285,,1.921510e+00,5.329351e-01,8.023527e-02
GRID,6286,,1.921510e+00,5.576827e-01,4.940667e-02
GRID,6287,,1.921510e+00,5.584692e-01,7.843484e-02
GRID,6288,,1.921510e+00,5.834338e-01,5.040392e-02
GRID,6289,,1.921510e+00,5.840528e-01,7.874593e-02
GRID,6290,,1.921510e+00,6.096000e-01,5.108810e-02
GRID,6291,,1.934209e+00,6.096000e-01,6.471841e-02
GRID,6292,,1.946937e+00,6.096000e-01,5.223344e-02
GRID,6293,,1.947411e+00,6.096000e-01,7.697816e-02
GRID,6294,,1.947727e+00,-1.284526e-01,1.815650e-02
GRID,6295,,1.923852e+00,-1.283056e-01,4.588910e-02
GRID,6296,,1.922711e+00,1.282974e-01,3.343070e-02
GRID,6297,,1.947727e+00,1.284526e-01,1.815649e-02
GRID,6298,,1.948713e+00,1.584960e+00,1.327105e-01
GRID,6299,,1.944674e+00,1.341120e+00,1.105754e-01
GRID,6300,,1.924135e+00,1.283077e-01,4.886871e-02
GRID,6301,,1.943972e+00,1.284314e-01,4.350951e-02
GRID,6302,,1.923894e+00,-1.283092e-01,8.255411e-02
GRID,6303,,1.929385e+00,-1.283443e-01,8.985402e-02
GRID,6304,,1.924523e+00,1.283130e-01,8.035466e-02
GRID,6305,,1.924039e+00,1.283099e-01,8.031961e-02
GRID,6306,,1.930271e+00,1.283498e-01,8.986141e-02
GRID,6307,,1.930404e+00,9.630381e-01,8.455707e-02
GRID,6308,,1.938227e+00,-1.283967e-01,5.777664e-02
GRID,6309,,1.924523e+00,-1.283108e-01,5.660419e-02
GRID,6310,,1.951125e+00,-1.284760e-01,4.193025e-02
GRID,6311,,1.924042e+00,-1.283100e-01,8.031768e-02
GRID,6312,,1.924523e+00,-1.283130e-01,8.035464e-02
GRID,6313,,1.931218e+00,-1.283551e-01,8.333488e-02
GRID,6314,,1.924523e+00,1.283111e-01,5.940259e-02
GRID,6315,,1.939525e+00,1.284054e-01,6.393919e-02
GRID,6316,,1.924523e+00,1.283128e-01,7.829317e-02
GRID,6317,,1.947735e+00,1.584960e+00,1.043011e-01
GRID,6318,,1.924523e+00,-1.283127e-01,7.811266e-02
GRID,6319,,1.928969e+00,-1.283405e-01,7.757644e-02
GRID,6320,,1.924523e+00,-1.283121e-01,7.070185e-02
GRID,6321,,1.924523e+00,-1.283113e-01,6.203393e-02
GRID,6322,,1.936878e+00,-1.283896e-01,7.295634e-02
GRID,6323,,1.924523e+00,1.283118e-01,6.724420e-02
GRID,6324,,1.924523e+00,1.283126e-01,7.658847e-02
GRID,6325,,1.932849e+00,1.283648e-01,7.740878e-02
GRID,6326,,1.952312e+00,-1.584960e+00,1.073832e-01
GRID,6327,,1.951004e+00,8.534400e-01,9.538686e-02
GRID,6328,,1.951159e+00,-8.534400e-01,9.536626e-02
GRID,6329,,1.951481e+00,8.534400e-01,5.971258e-02
GRID,6330,,1.949762e+00,-1.341120e+00,1.128152e-01
GRID,6331,,1.952172e+00,-8.534400e-01,5.975579e-02
GRID,6332,,1.933709e+00,-9.753703e-01,6.224072e-02
GRID,6333,,1.933709e+00,9.753703e-01,6.224072e-02
GRID,6334,,1.933709e+00,-9.753709e-01,1.081432e-01
GRID,6335,,1.933840e+00,-9.758597e-01,8.510666e-02
GRID,6336,,1.933709e+00,9.753709e-01,1.081432e-01
GRID,6337,,1.954318e+00,1.341120e+00,7.584163e-02
GRID,6338,,1.953580e+00,-1.829435e+00,1.456094e-01
GRID,6339,,1.948044e+00,1.823196e+00,1.223271e-01
GRID,6340,,1.953580e+00,1.829435e+00,1.456094e-01
GRID,6341,,1.954315e+00,-1.341120e+00,7.584138e-02
GRID,6342,,1.942684e+00,-1.284275e-01,8.996512e-02
GRID,6343,,1.956988e+00,-1.341120e+00,1.380809e-01
GRID,6344,,1.958019e+00,1.815362e+00,9.309104e-02
GRID,6345,,1.966374e+00,-1.097280e+00,9.167676e-02
GRID,6346,,1.945849e+00,1.284473e-01,8.999156e-02
GRID,6347,,1.936970e+00,9.875415e-01,8.581940e-02
GRID,6348,,1.956988e+00,1.341120e+00,1.380809e-01
GRID,6349,,1.958024e+00,-1.815363e+00,9.309132e-02
GRID,6350,,1.940242e+00,-9.997538e-01,6.348582e-02
GRID,6351,,1.940242e+00,9.997538e-01,6.348582e-02
GRID,6352,,1.940242e+00,-9.997543e-01,1.094285e-01
GRID,6353,,1.940387e+00,-1.000294e+00,8.653184e-02
GRID,6354,,1.940242e+00,9.997543e-01,1.094285e-01
GRID,6355,,1.959257e+00,-1.584960e+00,1.327377e-01
GRID,6356,,1.956913e+00,-1.285146e-01,6.778234e-02
GRID,6357,,1.943509e+00,1.011944e+00,8.709393e-02
GRID,6358,,1.961729e+00,-1.823817e+00,1.246420e-01
GRID,6359,,1.958820e+00,1.285264e-01,6.602950e-02
GRID,6360,,1.964349e+00,-1.341120e+00,9.417523e-02
GRID,6361,,1.946776e+00,-1.024136e+00,6.474776e-02
GRID,6362,,1.946776e+00,1.024136e+00,6.474776e-02
GRID,6363,,1.946776e+00,-1.024137e+00,1.107304e-01
GRID,6364,,1.946776e+00,1.024137e+00,1.107304e-01
GRID,6365,,1.947622e+00,-1.027295e+00,8.962804e-02
GRID,6366,,1.966374e+00,-1.097280e+00,6.862537e-02
GRID,6367,,1.966374e+00,1.097280e+00,6.862537e-02
GRID,6368,,1.966374e+00,-1.097280e+00,1.147281e-01
GRID,6369,,1.966374e+00,1.097280e+00,1.147281e-01
GRID,6370,,1.966795e+00,-1.285785e-01,9.016655e-02
GRID,6371,,1.950043e+00,1.036329e+00,8.838387e-02
GRID,6372,,1.966458e+00,1.285720e-01,4.162032e-02
GRID,6373,,1.969038e+00,1.341120e+00,1.070544e-01
GRID,6374,,1.970083e+00,-1.584960e+00,8.523405e-02
GRID,6375,,1.970083e+00,1.584960e+00,8.523405e-02
GRID,6376,,1.970244e+00,-1.584960e+00,1.570123e-01
GRID,6377,,1.970244e+00,1.584960e+00,1.570123e-01
GRID,6378,,1.972002e+00,1.286111e-01,9.021005e-02
GRID,6379,,1.966374e+00,1.097280e+00,9.167676e-02
GRID,6380,,1.953309e+00,-1.048518e+00,6.602546e-02
GRID,6381,,1.953309e+00,1.048518e+00,6.602546e-02
GRID,6382,,1.953309e+00,-1.048519e+00,1.120480e-01
GRID,6383,,1.953309e+00,1.048519e+00,1.120480e-01
GRID,6384,,1.972372e+00,-6.096000e-01,5.315911e-02
GRID,6385,,1.973351e+00,-6.096000e-01,7.369053e-02
GRID,6386,,1.973351e+00,6.096000e-01,7.369053e-02
GRID,6387,,1.972372e+00,6.096000e-01,5.315911e-02
GRID,6388,,1.954614e+00,-1.053388e+00,8.513779e-02
GRID,6389,,1.973562e+00,1.286143e-01,1.837233e-02
GRID,6390,,1.973564e+00,-1.286143e-01,1.837234e-02
GRID,6391,,1.978452e+00,1.584960e+00,1.206803e-01
GRID,6392,,1.969493e+00,1.822492e+00,1.196997e-01
GRID,6393,,1.974031e+00,-1.341120e+00,1.140935e-01
GRID,6394,,1.956386e+00,1.060002e+00,8.965083e-02
GRID,6395,,1.976065e+00,8.534400e-01,9.206362e-02
GRID,6396,,1.971601e+00,-1.286047e-01,4.798711e-02
GRID,6397,,1.976052e+00,-8.534400e-01,7.614497e-02
GRID,6398,,1.976220e+00,-8.534400e-01,9.204316e-02
GRID,6399,,1.976717e+00,8.534400e-01,6.120930e-02
GRID,6400,,1.977408e+00,-8.534400e-01,6.124762e-02
GRID,6401,,1.978480e+00,-1.584960e+00,1.105411e-01
GRID,6402,,1.959842e+00,-1.072900e+00,1.133803e-01
GRID,6403,,1.959973e+00,-1.073389e+00,9.026421e-02
GRID,6404,,1.959841e+00,-1.072900e+00,6.731770e-02
GRID,6405,,1.959841e+00,1.072900e+00,6.731770e-02
GRID,6406,,1.959842e+00,1.072900e+00,1.133803e-01
GRID,6407,,1.979702e+00,-1.829435e+00,1.456094e-01
GRID,6408,,1.979702e+00,1.829435e+00,1.456094e-01
GRID,6409,,1.980110e+00,-1.341120e+00,7.799853e-02
GRID,6410,,1.980114e+00,1.341120e+00,7.799877e-02
GRID,6411,,1.961920e+00,1.080655e+00,9.077055e-02
GRID,6412,,1.982655e+00,-1.286758e-01,6.890249e-02
GRID,6413,,1.981907e+00,-1.341120e+00,1.350584e-01
GRID,6414,,1.981907e+00,1.341120e+00,1.350584e-01
GRID,6415,,1.983270e+00,1.815743e+00,9.451180e-02
GRID,6416,,1.982095e+00,-1.822604e+00,1.201173e-01
GRID,6417,,1.983275e+00,-1.815743e+00,9.451210e-02
GRID,6418,,1.983427e+00,1.286804e-01,6.613605e-02
GRID,6419,,1.982616e+00,-1.584960e+00,1.347336e-01
GRID,6420,,1.966374e+00,-1.097280e+00,6.862434e-02
GRID,6421,,1.966374e+00,1.097280e+00,6.862434e-02
GRID,6422,,1.966374e+00,-1.097280e+00,9.167616e-02
GRID,6423,,1.966374e+00,1.097280e+00,9.167616e-02
GRID,6424,,1.986965e+00,-1.341120e+00,9.438415e-02
GRID,6425,,1.972908e+00,-1.121666e+00,6.994557e-02
GRID,6426,,1.991422e+00,-1.097280e+00,7.051398e-02
GRID,6427,,1.973172e+00,-1.122650e+00,9.317861e-02
GRID,6428,,1.991971e+00,-1.097280e+00,1.113542e-01
GRID,6429,,1.992271e+00,-1.097280e+00,8.884016e-02
GRID,6430,,1.972908e+00,-1.121666e+00,1.160885e-01
GRID,6431,,1.970831e+00,1.113911e+00,9.258967e-02
GRID,6432,,1.972908e+00,1.121666e+00,6.994557e-02
GRID,6433,,1.991422e+00,1.097280e+00,7.051398e-02
GRID,6434,,1.992271e+00,1.097280e+00,8.884016e-02
GRID,6435,,1.991971e+00,1.097280e+00,1.113542e-01
GRID,6436,,1.972908e+00,1.121666e+00,1.160885e-01
GRID,6437,,1.993146e+00,1.287391e-01,4.244876e-02
GRID,6438,,1.993859e+00,-1.287479e-01,9.039265e-02
GRID,6439,,1.996437e+00,1.341120e+00,1.061444e-01
GRID,6440,,1.994179e+00,1.822697e+00,1.204643e-01
GRID,6441,,1.995480e+00,-1.584960e+00,8.727686e-02
GRID,6442,,1.995480e+00,1.584960e+00,8.727686e-02
GRID,6443,,1.995635e+00,-1.584960e+00,1.544094e-01
GRID,6444,,1.995635e+00,1.584960e+00,1.544094e-01
GRID,6445,,1.976366e+00,1.134570e+00,9.372878e-02
GRID,6446,,1.992588e+00,-1.287358e-01,4.409239e-02
GRID,6447,,1.998364e+00,1.287761e-01,9.043029e-02
GRID,6448,,1.998415e+00,-6.096000e-01,5.360478e-02
GRID,6449,,1.999296e+00,-6.096000e-01,7.044746e-02
GRID,6450,,1.999296e+00,6.096000e-01,7.044746e-02
GRID,6451,,1.998415e+00,6.096000e-01,5.360478e-02
GRID,6452,,1.979443e+00,-1.146052e+00,1.174618e-01
GRID,6453,,1.979443e+00,-1.146052e+00,7.127850e-02
GRID,6454,,1.979443e+00,1.146052e+00,7.127850e-02
GRID,6455,,1.979443e+00,1.146052e+00,1.174618e-01
GRID,6456,,1.981099e+00,-1.152234e+00,9.678935e-02
GRID,6457,,1.999442e+00,1.287764e-01,1.858854e-02
GRID,6458,,1.999444e+00,-1.287764e-01,1.858857e-02
GRID,6459,,2.000898e+00,-1.341120e+00,1.095243e-01
GRID,6460,,2.001286e+00,-8.534400e-01,8.876370e-02
GRID,6461,,2.002654e+00,-8.534400e-01,6.255556e-02
GRID,6462,,2.001131e+00,8.534400e-01,8.878384e-02
GRID,6463,,1.982741e+00,1.158361e+00,9.505437e-02
GRID,6464,,2.001963e+00,8.534400e-01,6.252205e-02
GRID,6465,,2.012337e+00,1.584960e+00,1.205992e-01
GRID,6466,,2.006331e+00,-1.584960e+00,1.212776e-01
GRID,6467,,1.985976e+00,-1.170436e+00,7.262226e-02
GRID,6468,,1.985976e+00,1.170436e+00,7.262226e-02
GRID,6469,,1.985977e+00,-1.170437e+00,1.188462e-01
GRID,6470,,1.985977e+00,1.170437e+00,1.188462e-01
GRID,6471,,2.005824e+00,-1.829435e+00,1.456094e-01
GRID,6472,,2.005824e+00,1.829435e+00,1.456094e-01
GRID,6473,,2.005908e+00,-1.341120e+00,8.013392e-02
GRID,6474,,2.005911e+00,1.341120e+00,8.013417e-02
GRID,6475,,1.989839e+00,-1.184850e+00,9.628365e-02
GRID,6476,,2.006814e+00,-1.341120e+00,1.319443e-01
GRID,6477,,2.006814e+00,1.341120e+00,1.319443e-01
GRID,6478,,2.006831e+00,-1.822752e+00,1.206693e-01
GRID,6479,,2.007835e+00,-1.288334e-01,6.777615e-02
GRID,6480,,1.989249e+00,1.182650e+00,9.641808e-02
GRID,6481,,2.008512e+00,1.816163e+00,9.607742e-02
GRID,6482,,2.008517e+00,-1.816163e+00,9.607776e-02
GRID,6483,,2.011156e+00,1.288541e-01,6.735209e-02
GRID,6484,,1.992510e+00,-1.194821e+00,7.397600e-02
GRID,6485,,1.992510e+00,1.194821e+00,7.397600e-02
GRID,6486,,1.992510e+00,-1.194821e+00,1.202408e-01
GRID,6487,,1.992510e+00,1.194821e+00,1.202408e-01
GRID,6488,,1.995897e+00,1.207461e+00,9.782128e-02
GRID,6489,,1.997804e+00,-1.214576e+00,9.664785e-02
GRID,6490,,2.016481e+00,-1.097280e+00,7.226871e-02
GRID,6491,,2.016481e+00,1.097280e+00,7.226871e-02
GRID,6492,,2.016873e+00,-1.097280e+00,1.080566e-01
GRID,6493,,2.016873e+00,1.097280e+00,1.080566e-01
GRID,6494,,2.028973e+00,-1.097280e+00,8.922449e-02
GRID,6495,,2.028973e+00,1.097280e+00,8.922449e-02
GRID,6496,,1.999044e+00,-1.219205e+00,1.216442e-01
GRID,6497,,1.999044e+00,-1.219205e+00,7.533848e-02
GRID,6498,,1.999044e+00,1.219205e+00,7.533848e-02
GRID,6499,,1.999044e+00,1.219205e+00,1.216442e-01
GRID,6500,,2.018157e+00,-1.288958e-01,4.356289e-02
GRID,6501,,2.021447e+00,1.289165e-01,4.468330e-02
GRID,6502,,2.020648e+00,-1.289156e-01,9.061646e-02
GRID,6503,,2.019549e+00,1.822898e+00,1.212143e-01
GRID,6504,,2.020874e+00,-1.584960e+00,8.936446e-02
GRID,6505,,2.020874e+00,1.584960e+00,8.936446e-02
GRID,6506,,2.021011e+00,-1.584960e+00,1.516598e-01
GRID,6507,,2.021011e+00,1.584960e+00,1.516598e-01
GRID,6508,,2.003178e+00,1.234633e+00,9.937284e-02
GRID,6509,,2.031711e+00,1.341120e+00,1.054912e-01
GRID,6510,,2.004273e+00,-1.238720e+00,1.037937e-01
GRID,6511,,2.024203e+00,1.289379e-01,9.064616e-02
GRID,6512,,2.025164e+00,-6.096000e-01,5.349472e-02
GRID,6513,,2.025798e+00,-6.096000e-01,6.718079e-02
GRID,6514,,2.025798e+00,6.096000e-01,6.718079e-02
GRID,6515,,2.025164e+00,6.096000e-01,5.349472e-02
GRID,6516,,2.005578e+00,-1.243588e+00,7.670863e-02
GRID,6517,,2.005578e+00,1.243588e+00,7.670863e-02
GRID,6518,,2.005578e+00,-1.243589e+00,1.230552e-01
GRID,6519,,2.005578e+00,1.243589e+00,1.230552e-01
GRID,6520,,2.025411e+00,1.289389e-01,1.880550e-02
GRID,6521,,2.025414e+00,-1.289390e-01,1.880553e-02
GRID,6522,,2.031711e+00,-1.341120e+00,1.054912e-01
GRID,6523,,2.026204e+00,8.534400e-01,8.555677e-02
GRID,6524,,2.026359e+00,-8.534400e-01,8.553699e-02
GRID,6525,,2.027218e+00,8.534400e-01,6.364547e-02
GRID,6526,,2.027909e+00,-8.534400e-01,6.367373e-02
GRID,6527,,2.011752e+00,1.266634e+00,1.012023e-01
GRID,6528,,2.011290e+00,-1.264908e+00,9.937363e-02
GRID,6529,,2.012111e+00,-1.267972e+00,1.244722e-01
GRID,6530,,2.012111e+00,-1.267972e+00,7.808420e-02
GRID,6531,,2.012111e+00,1.267972e+00,7.808420e-02
GRID,6532,,2.012111e+00,1.267972e+00,1.244722e-01
GRID,6533,,2.031945e+00,-1.829435e+00,1.456094e-01
GRID,6534,,2.031945e+00,1.829435e+00,1.456094e-01
GRID,6535,,2.031711e+00,-1.341120e+00,8.223456e-02
GRID,6536,,2.031711e+00,1.341120e+00,8.223456e-02
GRID,6537,,2.033722e+00,-1.584960e+00,1.206670e-01
GRID,6538,,2.031711e+00,-1.341120e+00,1.287477e-01
GRID,6539,,2.031711e+00,1.341120e+00,1.287477e-01
GRID,6540,,2.028492e+00,-1.822154e+00,1.184382e-01
GRID,6541,,2.035693e+00,-1.290075e-01,6.502810e-02
GRID,6542,,2.033746e+00,1.816614e+00,9.776231e-02
GRID,6543,,2.033751e+00,-1.816614e+00,9.776266e-02
GRID,6544,,2.045458e+00,1.290691e-01,6.975378e-02
GRID,6545,,2.018481e+00,-1.291744e+00,1.025703e-01
GRID,6546,,2.018644e+00,1.292355e+00,7.946432e-02
GRID,6547,,2.018644e+00,1.292355e+00,1.258940e-01
GRID,6548,,2.018644e+00,-1.292355e+00,1.258940e-01
GRID,6549,,2.018644e+00,-1.292355e+00,7.946432e-02
GRID,6550,,2.044403e+00,1.584960e+00,1.095868e-01
GRID,6551,,2.043191e+00,1.584960e+00,1.324984e-01
GRID,6552,,2.041549e+00,-1.097280e+00,7.387407e-02
GRID,6553,,2.041549e+00,1.097280e+00,7.387407e-02
GRID,6554,,2.041774e+00,-1.097280e+00,1.047517e-01
GRID,6555,,2.041774e+00,1.097280e+00,1.047517e-01
GRID,6556,,2.048421e+00,-1.290848e-01,3.859210e-02
GRID,6557,,2.025151e+00,-1.316636e+00,1.040727e-01
GRID,6558,,2.025178e+00,-1.316737e+00,8.084935e-02
GRID,6559,,2.025178e+00,-1.316737e+00,1.273207e-01
GRID,6560,,2.025178e+00,1.316737e+00,8.084935e-02
GRID,6561,,2.025178e+00,1.316737e+00,1.273207e-01
GRID,6562,,2.045607e+00,1.823134e+00,1.220939e-01
GRID,6563,,2.046836e+00,-1.290796e-01,9.083524e-02
GRID,6564,,2.046266e+00,-1.584960e+00,9.147602e-02
GRID,6565,,2.046266e+00,1.584960e+00,9.147602e-02
GRID,6566,,2.046371e+00,-1.584960e+00,1.487753e-01
GRID,6567,,2.046371e+00,1.584960e+00,1.487753e-01
GRID,6568,,2.049082e+00,1.290895e-01,4.460317e-02
GRID,6569,,2.049602e+00,1.290969e-01,9.085835e-02
GRID,6570,,2.031711e+00,-1.341120e+00,8.223441e-02
GRID,6571,,2.051905e+00,-6.096000e-01,5.280969e-02
GRID,6572,,2.052305e+00,-6.096000e-01,6.395984e-02
GRID,6573,,2.052305e+00,6.096000e-01,6.395984e-02
GRID,6574,,2.051905e+00,6.096000e-01,5.280969e-02
GRID,6575,,2.031711e+00,1.341120e+00,8.223441e-02
GRID,6576,,2.051516e+00,1.291024e-01,1.902360e-02
GRID,6577,,2.051521e+00,-1.291024e-01,1.902363e-02
GRID,6578,,2.051284e+00,8.534400e-01,8.238102e-02
GRID,6579,,2.051439e+00,-8.534400e-01,8.236150e-02
GRID,6580,,2.052481e+00,8.534400e-01,6.448547e-02
GRID,6581,,2.053175e+00,-8.534400e-01,6.450186e-02
GRID,6582,,2.050211e+00,-1.823148e+00,1.221475e-01
GRID,6583,,2.038244e+00,-1.365502e+00,8.361977e-02
GRID,6584,,2.048536e+00,-1.341120e+00,1.047195e-01
GRID,6585,,2.056832e+00,-1.341120e+00,8.420789e-02
GRID,6586,,2.039067e+00,-1.368574e+00,1.088045e-01
GRID,6587,,2.038244e+00,-1.365502e+00,1.301749e-01
GRID,6588,,2.056555e+00,-1.341120e+00,1.255127e-01
GRID,6589,,2.038244e+00,1.365502e+00,8.361977e-02
GRID,6590,,2.056832e+00,1.341120e+00,8.420789e-02
GRID,6591,,2.038245e+00,1.365505e+00,1.068932e-01
GRID,6592,,2.056555e+00,1.341120e+00,1.255127e-01
GRID,6593,,2.063773e+00,1.341120e+00,1.046426e-01
GRID,6594,,2.038244e+00,1.365502e+00,1.301749e-01
GRID,6595,,2.058067e+00,-1.829435e+00,1.456094e-01
GRID,6596,,2.058067e+00,1.829435e+00,1.456094e-01
GRID,6597,,2.058035e+00,-1.584960e+00,1.193865e-01
GRID,6598,,2.058972e+00,1.817094e+00,9.955486e-02
GRID,6599,,2.058977e+00,-1.817095e+00,9.955524e-02
GRID,6600,,2.070281e+00,-1.292234e-01,5.849712e-02
GRID,6601,,2.044777e+00,-1.389884e+00,8.500337e-02
GRID,6602,,2.044777e+00,-1.389884e+00,1.316003e-01
GRID,6603,,2.043512e+00,1.385162e+00,1.109669e-01
GRID,6604,,2.044777e+00,1.389884e+00,1.316003e-01
GRID,6605,,2.044777e+00,1.389884e+00,8.500337e-02
GRID,6606,,2.046082e+00,-1.394755e+00,1.043651e-01
GRID,6607,,2.066677e+00,-1.097280e+00,1.014582e-01
GRID,6608,,2.066627e+00,-1.097280e+00,7.530906e-02
GRID,6609,,2.066627e+00,1.097280e+00,7.530906e-02
GRID,6610,,2.066677e+00,1.097280e+00,1.014582e-01
GRID,6611,,2.071530e+00,1.584960e+00,1.228598e-01
GRID,6612,,2.071716e+00,1.584960e+00,1.457608e-01
GRID,6613,,2.049233e+00,1.406513e+00,1.092538e-01
GRID,6614,,2.071656e+00,1.584960e+00,9.360260e-02
GRID,6615,,2.051311e+00,-1.414267e+00,8.638285e-02
GRID,6616,,2.051311e+00,-1.414266e+00,1.330224e-01
GRID,6617,,2.051311e+00,-1.414269e+00,1.096981e-01
GRID,6618,,2.051311e+00,1.414266e+00,1.330224e-01
GRID,6619,,2.051311e+00,1.414267e+00,8.638285e-02
GRID,6620,,2.074677e+00,1.292539e-01,9.106784e-02
GRID,6621,,2.078069e+00,1.292727e-01,6.429674e-02
GRID,6622,,2.072624e+00,1.823390e+00,1.230489e-01
GRID,6623,,2.071656e+00,-1.584960e+00,9.360260e-02
GRID,6624,,2.071716e+00,-1.584960e+00,1.457608e-01
GRID,6625,,2.072580e+00,-1.292408e-01,9.105032e-02
GRID,6626,,2.077816e+00,-1.292671e-01,1.924332e-02
GRID,6627,,2.068841e+00,-1.341120e+00,1.039582e-01
GRID,6628,,2.070024e+00,1.292200e-01,3.807743e-02
GRID,6629,,2.054768e+00,1.427170e+00,1.104354e-01
GRID,6630,,2.075023e+00,-1.823419e+00,1.231580e-01
GRID,6631,,2.076369e+00,8.534400e-01,7.925118e-02
GRID,6632,,2.057844e+00,-1.438649e+00,8.775607e-02
GRID,6633,,2.056540e+00,-1.433781e+00,1.150356e-01
GRID,6634,,2.057844e+00,-1.438649e+00,1.344378e-01
GRID,6635,,2.057844e+00,1.438649e+00,1.344378e-01
GRID,6636,,2.057844e+00,1.438649e+00,8.775607e-02
GRID,6637,,2.076524e+00,-8.534400e-01,7.923193e-02
GRID,6638,,2.077811e+00,1.292670e-01,1.924327e-02
GRID,6639,,2.072464e+00,-6.096000e-01,5.210463e-02
GRID,6640,,2.072464e+00,6.096000e-01,5.210463e-02
GRID,6641,,2.077761e+00,8.534400e-01,6.477052e-02
GRID,6642,,2.078455e+00,-8.534400e-01,6.477007e-02
GRID,6643,,2.061142e+00,1.450958e+00,1.117916e-01
GRID,6644,,2.063556e+00,-1.459969e+00,1.105642e-01
GRID,6645,,2.081537e+00,-1.341120e+00,1.222197e-01
GRID,6646,,2.081537e+00,1.341120e+00,1.222197e-01
GRID,6647,,2.081958e+00,-1.341120e+00,8.609927e-02
GRID,6648,,2.081958e+00,1.341120e+00,8.609927e-02
GRID,6649,,2.064377e+00,-1.463032e+00,1.358454e-01
GRID,6650,,2.064377e+00,1.463032e+00,1.358454e-01
GRID,6651,,2.064377e+00,-1.463032e+00,8.912131e-02
GRID,6652,,2.064377e+00,1.463032e+00,8.912131e-02
GRID,6653,,2.079562e+00,-1.584960e+00,1.191911e-01
GRID,6654,,2.084189e+00,-1.829435e+00,1.456094e-01
GRID,6655,,2.084189e+00,1.829435e+00,1.456094e-01
GRID,6656,,2.084190e+00,1.817600e+00,1.014427e-01
GRID,6657,,2.084195e+00,-1.817600e+00,1.014431e-01
GRID,6658,,2.067650e+00,1.475245e+00,1.131659e-01
GRID,6659,,2.070872e+00,-1.487271e+00,1.138232e-01
GRID,6660,,2.070911e+00,-1.487416e+00,9.047372e-02
GRID,6661,,2.088495e+00,1.341120e+00,1.039249e-01
GRID,6662,,2.070911e+00,-1.487416e+00,1.372398e-01
GRID,6663,,2.070911e+00,1.487416e+00,1.372398e-01
GRID,6664,,2.070911e+00,1.487416e+00,9.047372e-02
GRID,6665,,2.091587e+00,-1.097280e+00,9.822038e-02
GRID,6666,,2.091717e+00,-1.097280e+00,7.653761e-02
GRID,6667,,2.091587e+00,1.097280e+00,9.822038e-02
GRID,6668,,2.091717e+00,1.097280e+00,7.653761e-02
GRID,6669,,2.074179e+00,1.499614e+00,1.145312e-01
GRID,6670,,2.089278e+00,-1.341120e+00,1.038830e-01
GRID,6671,,2.093158e+00,1.293652e-01,4.225128e-02
GRID,6672,,2.102602e+00,-1.294242e-01,4.137717e-02
GRID,6673,,2.096294e+00,-1.293872e-01,6.894085e-02
GRID,6674,,2.078261e+00,-1.514849e+00,1.171174e-01
GRID,6675,,2.077445e+00,-1.511801e+00,9.181195e-02
GRID,6676,,2.077445e+00,-1.511800e+00,1.386195e-01
GRID,6677,,2.077445e+00,1.511800e+00,1.386195e-01
GRID,6678,,2.077445e+00,1.511801e+00,9.181195e-02
GRID,6679,,2.097048e+00,1.584960e+00,1.191722e-01
GRID,6680,,2.097048e+00,1.584960e+00,1.426327e-01
GRID,6681,,2.097048e+00,-1.584960e+00,9.571169e-02
GRID,6682,,2.097048e+00,1.584960e+00,9.571169e-02
GRID,6683,,2.097048e+00,-1.584960e+00,1.426327e-01
GRID,6684,,2.098011e+00,-1.294000e-01,9.126278e-02
GRID,6685,,2.106042e+00,1.823541e+00,1.236121e-01
GRID,6686,,2.080713e+00,1.523996e+00,1.158816e-01
GRID,6687,,2.099528e+00,1.294095e-01,9.127545e-02
GRID,6688,,2.098733e+00,-1.823719e+00,1.242768e-01
GRID,6689,,2.101460e+00,8.534400e-01,7.616714e-02
GRID,6690,,2.101615e+00,-8.534400e-01,7.614819e-02
GRID,6691,,2.083979e+00,-1.536186e+00,1.399810e-01
GRID,6692,,2.083979e+00,1.536186e+00,1.399810e-01
GRID,6693,,2.083979e+00,-1.536186e+00,9.313399e-02
GRID,6694,,2.083979e+00,1.536186e+00,9.313399e-02
GRID,6695,,2.103040e+00,8.534400e-01,6.448511e-02
GRID,6696,,2.104353e+00,1.294332e-01,1.946502e-02
GRID,6697,,2.104361e+00,-1.294332e-01,1.946508e-02
GRID,6698,,2.108221e+00,1.294617e-01,6.672106e-02
GRID,6699,,2.085284e+00,-1.541057e+00,1.125789e-01
GRID,6700,,2.103734e+00,-8.534400e-01,6.446990e-02
GRID,6701,,2.097048e+00,-1.584960e+00,1.191722e-01
GRID,6702,,2.087056e+00,1.547672e+00,1.171745e-01
GRID,6703,,2.106517e+00,-1.341120e+00,1.189105e-01
GRID,6704,,2.106517e+00,1.341120e+00,1.189105e-01
GRID,6705,,2.107096e+00,-1.341120e+00,8.783888e-02
GRID,6706,,2.107096e+00,1.341120e+00,8.783888e-02
GRID,6707,,2.090513e+00,-1.560572e+00,1.413186e-01
GRID,6708,,2.090644e+00,-1.561061e+00,1.177851e-01
GRID,6709,,2.090513e+00,1.560572e+00,1.413186e-01
GRID,6710,,2.090513e+00,-1.560572e+00,9.443581e-02
GRID,6711,,2.090513e+00,1.560572e+00,9.443581e-02
GRID,6712,,2.110311e+00,-1.829435e+00,1.456094e-01
GRID,6713,,2.110311e+00,1.829435e+00,1.456094e-01
GRID,6714,,2.109403e+00,1.818126e+00,1.034032e-01
GRID,6715,,2.109408e+00,-1.818126e+00,1.034036e-01
GRID,6716,,2.092592e+00,1.568331e+00,1.182837e-01
GRID,6717,,2.097048e+00,-1.584960e+00,9.571052e-02
GRID,6718,,2.097048e+00,1.584960e+00,9.571052e-02
GRID,6719,,2.116504e+00,-1.097280e+00,9.504074e-02
GRID,6720,,2.116504e+00,1.097280e+00,9.504074e-02
GRID,6721,,2.116816e+00,-1.097280e+00,7.754402e-02
GRID,6722,,2.116816e+00,1.097280e+00,7.754402e-02
GRID,6723,,2.118973e+00,1.295269e-01,4.378650e-02
GRID,6724,,2.120228e+00,-1.295361e-01,5.899378e-02
GRID,6725,,2.121760e+00,-1.295474e-01,7.717455e-02
GRID,6726,,2.103415e+00,-1.608721e+00,9.694300e-02
GRID,6727,,2.123385e+00,-1.584960e+00,9.786595e-02
GRID,6728,,2.103541e+00,-1.609191e+00,1.205399e-01
GRID,6729,,2.123412e+00,-1.584960e+00,1.392665e-01
GRID,6730,,2.129474e+00,-1.584960e+00,1.183933e-01
GRID,6731,,2.103778e+00,-1.610079e+00,1.439719e-01
GRID,6732,,2.101480e+00,1.601503e+00,1.201432e-01
GRID,6733,,2.103415e+00,1.608721e+00,9.694300e-02
GRID,6734,,2.123343e+00,1.584960e+00,9.786265e-02
GRID,6735,,2.124048e+00,1.584960e+00,1.216561e-01
GRID,6736,,2.123401e+00,1.584960e+00,1.392679e-01
GRID,6737,,2.103778e+00,1.610079e+00,1.439719e-01
GRID,6738,,2.123241e+00,-1.295580e-01,9.147356e-02
GRID,6739,,2.130757e+00,-1.823665e+00,1.240749e-01
GRID,6740,,2.124234e+00,1.295642e-01,9.148186e-02
GRID,6741,,2.126556e+00,8.534400e-01,7.312844e-02
GRID,6742,,2.107015e+00,1.622156e+00,1.212263e-01
GRID,6743,,2.126523e+00,-8.534400e-01,7.313245e-02
GRID,6744,,2.131217e+00,-1.296014e-01,1.968945e-02
GRID,6745,,2.134274e+00,-1.296228e-01,4.521429e-02
GRID,6746,,2.128296e+00,8.534400e-01,6.362762e-02
GRID,6747,,2.109781e+00,-1.632481e+00,9.818651e-02
GRID,6748,,2.109781e+00,1.632481e+00,9.818651e-02
GRID,6749,,2.109978e+00,-1.633215e+00,1.220405e-01
GRID,6750,,2.128999e+00,-8.534400e-01,6.359548e-02
GRID,6751,,2.110509e+00,-1.635197e+00,1.453261e-01
GRID,6752,,2.110509e+00,1.635197e+00,1.453261e-01
GRID,6753,,2.131208e+00,1.296013e-01,1.968937e-02
GRID,6754,,2.136433e+00,1.829435e+00,1.456094e-01
GRID,6755,,2.134610e+00,1.818667e+00,1.054243e-01
GRID,6756,,2.131495e+00,-1.341120e+00,1.155932e-01
GRID,6757,,2.131495e+00,1.341120e+00,1.155932e-01
GRID,6758,,2.113389e+00,1.645948e+00,1.224772e-01
GRID,6759,,2.132246e+00,-1.341120e+00,8.940714e-02
GRID,6760,,2.132246e+00,1.341120e+00,8.940714e-02
GRID,6761,,2.134691e+00,1.296275e-01,6.804404e-02
GRID,6762,,2.134615e+00,-1.818667e+00,1.054247e-01
GRID,6763,,2.116147e+00,-1.656242e+00,9.942370e-02
GRID,6764,,2.116147e+00,1.656242e+00,9.942370e-02
GRID,6765,,2.115323e+00,-1.653162e+00,1.258338e-01
GRID,6766,,2.136433e+00,-1.829435e+00,1.456094e-01
GRID,6767,,2.117239e+00,-1.660315e+00,1.466850e-01
GRID,6768,,2.117239e+00,1.660315e+00,1.466850e-01
GRID,6769,,2.120094e+00,1.670972e+00,1.237226e-01
GRID,6770,,2.121354e+00,-1.675674e+00,1.201781e-01
GRID,6771,,2.122515e+00,-1.680006e+00,1.005801e-01
GRID,6772,,2.122515e+00,1.680006e+00,1.005801e-01
GRID,6773,,2.141428e+00,-1.097280e+00,9.191341e-02
GRID,6774,,2.141428e+00,1.097280e+00,9.191341e-02
GRID,6775,,2.141931e+00,-1.097280e+00,7.804581e-02
GRID,6776,,2.141931e+00,1.097280e+00,7.804581e-02
GRID,6777,,2.123970e+00,-1.685434e+00,1.480144e-01
GRID,6778,,2.123970e+00,1.685434e+00,1.480144e-01
GRID,6779,,2.139899e+00,1.296581e-01,4.524776e-02
GRID,6780,,2.127979e+00,1.700396e+00,1.236530e-01
GRID,6781,,2.139841e+00,-1.296597e-01,6.742018e-02
GRID,6782,,2.127263e+00,-1.697724e+00,1.282254e-01
GRID,6783,,2.148371e+00,-1.297153e-01,9.168352e-02
GRID,6784,,2.128884e+00,-1.703774e+00,1.016396e-01
GRID,6785,,2.128884e+00,1.703774e+00,1.016396e-01
GRID,6786,,2.149645e+00,1.584960e+00,9.993072e-02
GRID,6787,,2.149866e+00,-1.584960e+00,9.994772e-02
GRID,6788,,2.149864e+00,1.584960e+00,1.358237e-01
GRID,6789,,2.149767e+00,-1.584960e+00,1.358364e-01
GRID,6790,,2.130701e+00,-1.710555e+00,1.493214e-01
GRID,6791,,2.130701e+00,1.710555e+00,1.493214e-01
GRID,6792,,2.148867e+00,1.297184e-01,9.168766e-02
GRID,6793,,2.133586e+00,-1.721321e+00,1.213954e-01
GRID,6794,,2.135253e+00,1.727545e+00,1.026355e-01
GRID,6795,,2.136449e+00,1.732007e+00,1.270824e-01
GRID,6796,,2.135253e+00,-1.727545e+00,1.026355e-01
GRID,6797,,2.137432e+00,-1.735675e+00,1.506463e-01
GRID,6798,,2.138408e+00,-1.739319e+00,1.326045e-01
GRID,6799,,2.137432e+00,1.735675e+00,1.506463e-01
GRID,6800,,2.159818e+00,-1.819222e+00,1.074948e-01
GRID,6801,,2.161186e+00,-1.824328e+00,1.265521e-01
GRID,6802,,2.150725e+00,1.297248e-01,3.380211e-02
GRID,6803,,2.155832e+00,1.297555e-01,1.989509e-02
GRID,6804,,2.150408e+00,-1.297231e-01,3.733047e-02
GRID,6805,,2.155840e+00,-1.297555e-01,1.989516e-02
GRID,6806,,2.156478e+00,-1.341120e+00,1.123068e-01
GRID,6807,,2.156478e+00,1.341120e+00,1.123068e-01
GRID,6808,,2.157407e+00,-1.341120e+00,9.076639e-02
GRID,6809,,2.157407e+00,1.341120e+00,9.076639e-02
GRID,6810,,2.153305e+00,-1.297431e-01,5.721436e-02
GRID,6811,,2.161186e+00,1.824328e+00,1.265521e-01
GRID,6812,,2.159818e+00,1.819222e+00,1.074948e-01
GRID,6813,,2.157093e+00,1.297683e-01,7.424335e-02
GRID,6814,,2.153525e+00,1.297446e-01,5.872389e-02
GRID,6815,,2.141623e+00,-1.751317e+00,1.036319e-01
GRID,6816,,2.141623e+00,1.751317e+00,1.036319e-01
GRID,6817,,2.162554e+00,-1.829435e+00,1.456094e-01
GRID,6818,,2.162554e+00,1.829435e+00,1.456094e-01
GRID,6819,,2.143876e+00,1.759726e+00,1.339617e-01
GRID,6820,,2.144161e+00,-1.760790e+00,1.520555e-01
GRID,6821,,2.144161e+00,1.760790e+00,1.520555e-01
GRID,6822,,2.144170e+00,-1.760821e+00,1.249939e-01
GRID,6823,,2.158060e+00,-1.297745e-01,7.590974e-02
GRID,6824,,2.154917e+00,1.297522e-01,4.695377e-02
GRID,6825,,2.166358e+00,-1.097280e+00,8.883632e-02
GRID,6826,,2.166358e+00,1.097280e+00,8.883632e-02
GRID,6827,,2.147991e+00,-1.775083e+00,1.047280e-01
GRID,6828,,2.147991e+00,1.775083e+00,1.047280e-01
GRID,6829,,2.148707e+00,1.777755e+00,1.236130e-01
GRID,6830,,2.167050e+00,-1.097280e+00,7.791642e-02
GRID,6831,,2.167050e+00,1.097280e+00,7.791642e-02
GRID,6832,,2.150887e+00,1.785892e+00,1.536873e-01
GRID,6833,,2.149585e+00,-1.781031e+00,1.292441e-01
GRID,6834,,2.150887e+00,-1.785892e+00,1.536873e-01
GRID,6835,,2.154357e+00,-1.798840e+00,1.060468e-01
GRID,6836,,2.154357e+00,1.798840e+00,1.060468e-01
GRID,6837,,2.173501e+00,-1.298726e-01,9.189346e-02
GRID,6838,,2.155696e+00,1.803839e+00,1.302002e-01
GRID,6839,,2.173501e+00,1.298726e-01,9.189346e-02
GRID,6840,,2.155981e+00,-1.804902e+00,1.309348e-01
GRID,6841,,2.176000e+00,1.584960e+00,1.018915e-01
GRID,6842,,2.176320e+00,1.584960e+00,1.323327e-01
GRID,6843,,2.176173e+00,-1.584960e+00,1.323522e-01
GRID,6844,,2.176356e+00,-1.584960e+00,1.019168e-01
GRID,6845,,2.164420e+00,-1.298103e-01,3.200611e-02
GRID,6846,,2.161637e+00,-1.297945e-01,4.987673e-02
GRID,6847,,2.163543e+00,-1.298057e-01,4.172791e-02
GRID,6848,,2.161414e+00,1.297924e-01,4.195765e-02
GRID,6849,,2.165121e+00,1.298148e-01,3.254944e-02
GRID,6850,,2.157607e+00,-1.810971e+00,1.556709e-01
GRID,6851,,2.157607e+00,1.810971e+00,1.556709e-01
GRID,6852,,2.172261e+00,-1.298622e-01,6.187637e-02
GRID,6853,,2.172269e+00,1.298622e-01,6.208473e-02
GRID,6854,,2.163995e+00,1.298095e-01,5.212534e-02
GRID,6855,,2.160716e+00,-1.822574e+00,1.077365e-01
GRID,6856,,2.160716e+00,1.822574e+00,1.077365e-01
GRID,6857,,2.162519e+00,1.829300e+00,1.328408e-01
GRID,6858,,2.173758e+00,1.298677e-01,2.004485e-02
GRID,6859,,2.173758e+00,-1.298677e-01,2.004485e-02
GRID,6860,,2.162519e+00,-1.829300e+00,1.328408e-01
GRID,6861,,2.181469e+00,-1.341120e+00,1.090865e-01
GRID,6862,,2.181469e+00,1.341120e+00,1.090865e-01
GRID,6863,,2.182579e+00,-1.341120e+00,9.188968e-02
GRID,6864,,2.182579e+00,1.341120e+00,9.188968e-02
GRID,6865,,2.164321e+00,-1.836027e+00,1.579450e-01
GRID,6866,,2.164321e+00,1.836027e+00,1.579450e-01
GRID,6867,,2.186383e+00,-1.819817e+00,1.097141e-01
GRID,6868,,2.186436e+00,1.819818e+00,1.097185e-01
GRID,6869,,2.192352e+00,-1.824540e+00,1.273415e-01
GRID,6870,,2.188933e+00,-1.829435e+00,1.456094e-01
GRID,6871,,2.188966e+00,1.829435e+00,1.456094e-01
GRID,6872,,2.192371e+00,1.824539e+00,1.273387e-01
GRID,6873,,2.167496e+00,1.298310e-01,4.704646e-02
GRID,6874,,2.168122e+00,1.298344e-01,4.132850e-02
GRID,6875,,2.167010e+00,-1.298279e-01,4.610387e-02
GRID,6876,,2.168708e+00,-1.298389e-01,5.102388e-02
GRID,6877,,2.168744e+00,-1.298382e-01,4.113564e-02
GRID,6878,,2.172004e+00,1.298596e-01,5.118280e-02
GRID,6879,,2.173415e+00,-1.298673e-01,3.882266e-02
GRID,6880,,2.173406e+00,1.298672e-01,3.893084e-02
GRID,6881,,2.189563e+00,-1.097280e+00,7.726759e-02
GRID,6882,,2.189563e+00,1.097280e+00,7.726759e-02
GRID,6883,,2.170689e+00,-1.298508e-01,4.539518e-02
GRID,6884,,2.170008e+00,-1.298467e-01,4.737638e-02
GRID,6885,,2.170916e+00,1.298523e-01,4.571008e-02
GRID,6886,,2.171163e+00,1.298539e-01,4.688416e-02
GRID,6887,,2.172007e+00,1.298593e-01,4.794928e-02
GRID,6888,,2.173017e+00,1.298653e-01,4.475082e-02
GRID,6889,,2.171999e+00,-1.298595e-01,5.106757e-02
GRID,6890,,2.173016e+00,-1.298653e-01,4.477520e-02
GRID,6891,,2.171342e+00,-1.298550e-01,4.662039e-02
GRID,6892,,2.172010e+00,-1.298593e-01,4.790362e-02
GRID,6893,,2.172027e+00,-1.298593e-01,4.627439e-02
GRID,6894,,2.172028e+00,1.298593e-01,4.625823e-02
GRID,6895,,2.172020e+00,1.298593e-01,4.687850e-02
GRID,6896,,2.172025e+00,1.298593e-01,4.645135e-02
GRID,6897,,2.172021e+00,-1.298593e-01,4.686865e-02
GRID,6898,,2.172025e+00,-1.298593e-01,4.645920e-02
GRID,6899,,2.171999e+00,-1.298597e-01,5.320230e-02
GRID,6900,,2.172000e+00,-1.298595e-01,5.051707e-02
GRID,6901,,2.175510e+00,-1.298818e-01,5.384992e-02
GRID,6902,,2.172008e+00,-1.298600e-01,5.588751e-02
GRID,6903,,2.175510e+00,-1.298813e-01,4.898307e-02
GRID,6904,,2.172006e+00,1.298594e-01,4.912954e-02
GRID,6905,,2.172011e+00,1.298600e-01,5.600661e-02
GRID,6906,,2.175510e+00,1.298819e-01,5.597969e-02
GRID,6907,,2.175510e+00,1.298813e-01,4.912161e-02
GRID,6908,,2.173471e+00,-1.298694e-01,5.841162e-02
GRID,6909,,2.172059e+00,-1.298606e-01,5.875229e-02
GRID,6910,,2.175510e+00,-1.298820e-01,5.721775e-02
GRID,6911,,2.172631e+00,1.298651e-01,6.876048e-02
GRID,6912,,2.175510e+00,1.298831e-01,6.861295e-02
GRID,6913,,2.172736e+00,-1.298637e-01,4.631820e-02
GRID,6914,,2.172189e+00,-1.298603e-01,4.670123e-02
GRID,6915,,2.172992e+00,-1.298652e-01,4.496244e-02
GRID,6916,,2.172165e+00,1.298602e-01,4.666011e-02
GRID,6917,,2.172746e+00,1.298638e-01,4.628473e-02
GRID,6918,,2.175510e+00,1.298807e-01,4.208359e-02
GRID,6919,,2.173260e+00,1.298666e-01,4.195173e-02
GRID,6920,,2.172105e+00,-1.298609e-01,5.946317e-02
GRID,6921,,2.173328e+00,-1.298687e-01,6.001128e-02
GRID,6922,,2.172150e+00,-1.298613e-01,6.014511e-02
GRID,6923,,2.172664e+00,-1.298646e-01,6.089181e-02
GRID,6924,,2.172194e+00,-1.298616e-01,6.081617e-02
GRID,6925,,2.172276e+00,1.298609e-01,4.682977e-02
GRID,6926,,2.172571e+00,1.298627e-01,4.675140e-02
GRID,6927,,2.172553e+00,-1.298626e-01,4.678032e-02
GRID,6928,,2.172254e+00,-1.298607e-01,4.680342e-02
GRID,6929,,2.172216e+00,-1.298618e-01,6.114659e-02
GRID,6930,,2.172250e+00,-1.298621e-01,6.167134e-02
GRID,6931,,2.173690e+00,-1.298710e-01,6.154327e-02
GRID,6932,,2.172338e+00,-1.298628e-01,6.327274e-02
GRID,6933,,2.172335e+00,-1.298613e-01,4.688066e-02
GRID,6934,,2.172392e+00,1.298616e-01,4.689766e-02
GRID,6935,,2.175510e+00,-1.298826e-01,6.291904e-02
GRID,6936,,2.175510e+00,-1.298831e-01,6.910633e-02
GRID,6937,,2.172647e+00,-1.298652e-01,6.910633e-02
GRID,6938,,2.175510e+00,1.298852e-01,9.191024e-02
GRID,6939,,2.172962e+00,-1.298678e-01,7.564824e-02
GRID,6940,,2.175510e+00,-1.298842e-01,8.050829e-02
GRID,6941,,2.173387e+00,-1.298672e-01,3.958212e-02
GRID,6942,,2.175510e+00,-1.298809e-01,4.428259e-02
GRID,6943,,2.173476e+00,1.298675e-01,3.700022e-02
GRID,6944,,2.175510e+00,-1.298823e-01,6.018359e-02
GRID,6945,,2.175510e+00,-1.298805e-01,3.958212e-02
GRID,6946,,2.175510e+00,1.298797e-01,3.107154e-02
GRID,6947,,2.175510e+00,-1.298852e-01,9.191024e-02
GRID,6948,,2.175510e+00,-1.298787e-01,2.005949e-02
GRID,6949,,2.175510e+00,1.298787e-01,2.005949e-02
GRID,6950,,2.175510e+00,-4.217927e-01,5.875693e-02
GRID,6951,,2.175510e+00,-4.212322e-01,4.641633e-02
GRID,6952,,2.175510e+00,-3.962410e-01,4.679529e-02
GRID,6953,,2.175510e+00,-3.969104e-01,6.127367e-02
GRID,6954,,2.175510e+00,-3.712319e-01,4.694101e-02
GRID,6955,,2.175510e+00,-3.720417e-01,6.392316e-02
GRID,6956,,2.175510e+00,-3.462228e-01,4.685590e-02
GRID,6957,,2.175510e+00,-3.471884e-01,6.671093e-02
GRID,6958,,2.175510e+00,-3.212154e-01,4.652898e-02
GRID,6959,,2.175510e+00,-3.223524e-01,6.964966e-02
GRID,6960,,2.175510e+00,-2.962134e-01,4.592691e-02
GRID,6961,,2.175510e+00,-2.975384e-01,7.277038e-02
GRID,6962,,2.175510e+00,-2.727567e-01,7.613847e-02
GRID,6963,,2.175510e+00,-2.712227e-01,4.497052e-02
GRID,6964,,2.175510e+00,-2.480377e-01,7.988805e-02
GRID,6965,,2.175510e+00,-2.462559e-01,4.349143e-02
GRID,6966,,2.175510e+00,-2.283972e-01,6.242418e-02
GRID,6967,,2.175510e+00,-2.234146e-01,8.428003e-02
GRID,6968,,2.175510e+00,-2.213565e-01,4.116162e-02
GRID,6969,,2.175510e+00,-1.988562e-01,6.572256e-02
GRID,6970,,2.175510e+00,-1.990093e-01,8.976255e-02
GRID,6971,,2.175510e+00,-1.966285e-01,3.736423e-02
GRID,6972,,2.175510e+00,-1.751111e-01,9.699683e-02
GRID,6973,,2.175510e+00,-1.709671e-01,6.036355e-02
GRID,6974,,2.175510e+00,-1.724682e-01,3.087701e-02
GRID,6975,,2.175510e+00,-1.508571e-01,7.758439e-02
GRID,6976,,2.175510e+00,-1.520732e-01,1.068480e-01
GRID,6977,,2.175510e+00,-1.499480e-01,4.718640e-02
GRID,6978,,2.175510e+00,-1.499083e-01,1.996199e-02
GRID,6979,,2.175510e+00,-1.298801e-01,9.078621e-02
GRID,6980,,2.175510e+00,-1.298802e-01,1.194246e-01
GRID,6981,,2.175510e+00,-1.298799e-01,6.214785e-02
GRID,6982,,2.175510e+00,-1.298798e-01,3.350949e-02
GRID,6983,,2.175510e+00,-1.298797e-01,4.871136e-03
GRID,6984,,2.175510e+00,-1.298832e-01,6.997336e-02
GRID,6985,,2.175893e+00,-1.298876e-01,9.191344e-02
GRID,6986,,2.175510e+00,-1.298819e-01,5.537067e-02
GRID,6987,,2.176704e+00,-1.298907e-01,6.997336e-02
GRID,6988,,2.175510e+00,-1.298813e-01,4.873135e-02
GRID,6989,,2.177387e+00,-1.298931e-01,4.872966e-02
GRID,6990,,2.177388e+00,-1.298937e-01,5.538513e-02
GRID,6991,,2.175510e+00,-1.298808e-01,4.373569e-02
GRID,6992,,2.177366e+00,-1.298927e-01,4.633548e-02
GRID,6993,,2.175510e+00,-1.298801e-01,3.527333e-02
GRID,6994,,2.176258e+00,-1.298855e-01,4.367282e-02
GRID,6995,,2.175510e+00,-1.042618e-01,1.076183e-01
GRID,6996,,2.175510e+00,-1.082500e-01,1.332068e-01
GRID,6997,,2.175871e+00,-1.298823e-01,3.526373e-02
GRID,6998,,2.175510e+00,-1.103512e-01,6.128576e-02
GRID,6999,,2.175510e+00,-1.010542e-01,8.334351e-02
GRID,7000,,2.175510e+00,-1.069492e-01,1.463238e-02
GRID,7001,,2.175510e+00,-9.456509e-02,3.862344e-02
GRID,7002,,2.175510e+00,-1.114315e-01,-1.146765e-02
GRID,7003,,2.175636e+00,-1.298795e-01,2.006055e-02
GRID,7004,,2.175510e+00,-9.272298e-02,-3.160172e-03
GRID,7005,,2.175510e+00,-9.224626e-02,-2.703001e-02
GRID,7006,,2.175510e+00,-8.219270e-02,6.366589e-02
GRID,7007,,2.175510e+00,-8.163995e-02,1.208835e-01
GRID,7008,,2.175510e+00,-8.617599e-02,1.462775e-01
GRID,7009,,2.175510e+00,-8.022133e-02,1.502322e-02
GRID,7010,,2.175510e+00,-7.949424e-02,9.220949e-02
GRID,7011,,2.175510e+00,-6.257745e-02,3.945318e-02
GRID,7012,,2.175510e+00,-7.380293e-02,-1.176994e-02
GRID,7013,,2.175510e+00,-7.147574e-02,-4.027318e-02
GRID,7014,,2.175510e+00,-5.515740e-02,1.369938e-01
GRID,7015,,2.175510e+00,-6.302894e-02,1.571521e-01
GRID,7016,,2.175510e+00,-5.811147e-02,7.258643e-02
GRID,7017,,2.175510e+00,-5.892800e-02,1.055577e-01
GRID,7018,,2.175510e+00,-5.692789e-02,6.948873e-03
GRID,7019,,2.175510e+00,-5.340836e-02,-2.234026e-02
GRID,7020,,2.175510e+00,-4.886871e-02,-5.035617e-02
GRID,7021,,2.175510e+00,-3.855450e-02,1.649394e-01
GRID,7022,,2.175510e+00,-3.820032e-02,2.357474e-02
GRID,7023,,2.175510e+00,-3.818948e-02,5.522863e-02
GRID,7024,,2.175510e+00,-3.795116e-02,8.838280e-02
GRID,7025,,2.175510e+00,-3.842738e-02,1.176918e-01
GRID,7026,,2.175510e+00,-3.674472e-02,-6.122808e-03
GRID,7027,,2.175510e+00,-2.326846e-02,1.382887e-01
GRID,7028,,2.175510e+00,-3.234038e-02,-3.275069e-02
GRID,7029,,2.175510e+00,-2.507989e-02,-5.660243e-02
GRID,7030,,2.175510e+00,-1.317123e-02,1.690015e-01
GRID,7031,,2.175510e+00,-1.890580e-02,1.047317e-01
GRID,7032,,2.175510e+00,-1.769454e-02,9.280598e-03
GRID,7033,,2.175510e+00,-1.885775e-02,3.953957e-02
GRID,7034,,2.175510e+00,-1.892953e-02,7.195278e-02
GRID,7035,,2.175510e+00,-1.819954e-02,-1.565532e-02
GRID,7036,,2.175510e+00,-7.354062e-03,-3.527183e-02
GRID,7037,,2.175510e+00,-4.042662e-04,-5.878488e-02
GRID,7038,,2.175510e+00,-1.416522e-05,1.201885e-01
GRID,7039,,2.175510e+00,-7.450888e-04,1.468407e-01
GRID,7040,,2.175510e+00,7.390367e-06,5.548755e-02
GRID,7041,,2.175510e+00,-4.307837e-07,8.818992e-02
GRID,7042,,2.175510e+00,2.387939e-04,2.325246e-02
GRID,7043,,2.175510e+00,4.658952e-03,-8.360232e-03
GRID,7044,,2.175510e+00,1.238304e-02,1.690641e-01
GRID,7045,,2.175510e+00,2.206168e-02,-3.324258e-02
GRID,7046,,2.175510e+00,2.301121e-02,1.383587e-01
GRID,7047,,2.175510e+00,2.413683e-02,-5.676469e-02
GRID,7048,,2.175510e+00,1.873200e-02,1.046348e-01
GRID,7049,,2.175510e+00,1.877245e-02,7.203614e-02
GRID,7050,,2.175510e+00,1.881641e-02,3.999919e-02
GRID,7051,,2.175510e+00,1.884180e-02,1.200852e-02
GRID,7052,,2.175510e+00,3.302275e-02,-6.617953e-03
GRID,7053,,2.175510e+00,3.780550e-02,1.651161e-01
GRID,7054,,2.175510e+00,3.755392e-02,8.797090e-02
GRID,7055,,2.175510e+00,3.792656e-02,1.172025e-01
GRID,7056,,2.175510e+00,3.755592e-02,5.545229e-02
GRID,7057,,2.175510e+00,3.761808e-02,2.325365e-02
GRID,7058,,2.175510e+00,4.812337e-02,-5.061701e-02
GRID,7059,,2.175510e+00,5.223304e-02,-2.363819e-02
GRID,7060,,2.175510e+00,5.560225e-02,1.365025e-01
GRID,7061,,2.175510e+00,5.608735e-02,6.219092e-03
GRID,7062,,2.175510e+00,5.678661e-02,7.196671e-02
GRID,7063,,2.175510e+00,5.763920e-02,1.045172e-01
GRID,7064,,2.175510e+00,5.638832e-02,3.902581e-02
GRID,7065,,2.175510e+00,6.227245e-02,1.574501e-01
GRID,7066,,2.175510e+00,7.074906e-02,-4.066429e-02
GRID,7067,,2.175510e+00,7.812807e-02,-9.864835e-03
GRID,7068,,2.175510e+00,8.154671e-02,1.172694e-01
GRID,7069,,2.175510e+00,8.554964e-02,1.466148e-01
GRID,7070,,2.175510e+00,7.510670e-02,2.265135e-02
GRID,7071,,2.175510e+00,7.548749e-02,5.505555e-02
GRID,7072,,2.175510e+00,7.852124e-02,8.628194e-02
GRID,7073,,2.175510e+00,9.160307e-02,-2.749966e-02
GRID,7074,,2.175510e+00,9.387695e-02,9.750383e-03
GRID,7075,,2.175510e+00,9.368836e-02,3.799786e-02
GRID,7076,,2.175510e+00,9.862147e-02,6.647021e-02
GRID,7077,,2.175510e+00,1.108226e-01,-1.200067e-02
GRID,7078,,2.175510e+00,1.069497e-01,9.571398e-02
GRID,7079,,2.175510e+00,1.076412e-01,1.335913e-01
GRID,7080,,2.175510e+00,1.118080e-01,1.937160e-02
GRID,7081,,2.175510e+00,1.122871e-01,4.640409e-02
GRID,7082,,2.175510e+00,1.298799e-01,6.214774e-02
GRID,7083,,2.175510e+00,1.298801e-01,9.078629e-02
GRID,7084,,2.175510e+00,1.298802e-01,1.194248e-01
GRID,7085,,2.175510e+00,1.298797e-01,4.870643e-03
GRID,7086,,2.175510e+00,1.298799e-01,3.350919e-02
GRID,7087,,2.175510e+00,1.298795e-01,2.866694e-02
GRID,7088,,2.175636e+00,1.298795e-01,2.006055e-02
GRID,7089,,2.175510e+00,1.298802e-01,3.727439e-02
GRID,7090,,2.175738e+00,1.298809e-01,2.866816e-02
GRID,7091,,2.175510e+00,1.526152e-01,2.160496e-02
GRID,7092,,2.175510e+00,1.520167e-01,4.847695e-02
GRID,7093,,2.175510e+00,1.511872e-01,7.789955e-02
GRID,7094,,2.175510e+00,1.520767e-01,1.068462e-01
GRID,7095,,2.175510e+00,1.298810e-01,4.502075e-02
GRID,7096,,2.175925e+00,1.298829e-01,3.727439e-02
GRID,7097,,2.175510e+00,1.298815e-01,5.129096e-02
GRID,7098,,2.177392e+00,1.298931e-01,4.882130e-02
GRID,7099,,2.176403e+00,1.298865e-01,4.502075e-02
GRID,7100,,2.177367e+00,1.298927e-01,4.635167e-02
GRID,7101,,2.175510e+00,1.298820e-01,5.619826e-02
GRID,7102,,2.177394e+00,1.298936e-01,5.388002e-02
GRID,7103,,2.177395e+00,1.298933e-01,5.129096e-02
GRID,7104,,2.175510e+00,1.298822e-01,5.865133e-02
GRID,7105,,2.176461e+00,1.298880e-01,5.763545e-02
GRID,7106,,2.177382e+00,1.298937e-01,5.646907e-02
GRID,7107,,2.175510e+00,1.298823e-01,5.988916e-02
GRID,7108,,2.177288e+00,1.298934e-01,5.954344e-02
GRID,7109,,2.177333e+00,1.298936e-01,5.886715e-02
GRID,7110,,2.175510e+00,1.298824e-01,6.103683e-02
GRID,7111,,2.177243e+00,1.298932e-01,6.023172e-02
GRID,7112,,2.175510e+00,1.298825e-01,6.262933e-02
GRID,7113,,2.177169e+00,1.298928e-01,6.136625e-02
GRID,7114,,2.177198e+00,1.298930e-01,6.092308e-02
GRID,7115,,2.175510e+00,1.298829e-01,6.680156e-02
GRID,7116,,2.176266e+00,1.298875e-01,6.456628e-02
GRID,7117,,2.177104e+00,1.298925e-01,6.247754e-02
GRID,7118,,2.175510e+00,1.298834e-01,7.215778e-02
GRID,7119,,2.176594e+00,1.298902e-01,7.215777e-02
GRID,7120,,2.176866e+00,1.298914e-01,6.680155e-02
GRID,7121,,2.176327e+00,1.298891e-01,7.815919e-02
GRID,7122,,2.175893e+00,1.298876e-01,9.191344e-02
GRID,7123,,2.175510e+00,1.811755e-01,6.387675e-02
GRID,7124,,2.175510e+00,1.755860e-01,9.682716e-02
GRID,7125,,2.175510e+00,1.760445e-01,3.210618e-02
GRID,7126,,2.175510e+00,2.000102e-01,8.950623e-02
GRID,7127,,2.175510e+00,2.006564e-01,3.812955e-02
GRID,7128,,2.175510e+00,2.192460e-01,6.298561e-02
GRID,7129,,2.175510e+00,2.249254e-01,8.398412e-02
GRID,7130,,2.175510e+00,2.259270e-01,4.167577e-02
GRID,7131,,2.175510e+00,2.513418e-01,4.384888e-02
GRID,7132,,2.175510e+00,2.500527e-01,7.956259e-02
GRID,7133,,2.175510e+00,2.752812e-01,7.578065e-02
GRID,7134,,2.175510e+00,2.768173e-01,4.522213e-02
GRID,7135,,2.175510e+00,3.005646e-01,7.237809e-02
GRID,7136,,2.175510e+00,3.023122e-01,4.610242e-02
GRID,7137,,2.175510e+00,3.258795e-01,6.922202e-02
GRID,7138,,2.175510e+00,3.278175e-01,4.664009e-02
GRID,7139,,2.175510e+00,3.512167e-01,6.624918e-02
GRID,7140,,2.175510e+00,3.533273e-01,4.690387e-02
GRID,7141,,2.175510e+00,3.764687e-01,6.344147e-02
GRID,7142,,2.175510e+00,3.788381e-01,4.692096e-02
GRID,7143,,2.175510e+00,4.011901e-01,6.083127e-02
GRID,7144,,2.175510e+00,4.043483e-01,4.669823e-02
GRID,7145,,2.175510e+00,4.233032e-01,4.637418e-02
GRID,7146,,2.178035e+00,-1.298945e-01,2.008059e-02
GRID,7147,,2.178245e+00,-1.298968e-01,3.066164e-02
GRID,7148,,2.175898e+00,-1.298826e-01,3.629089e-02
GRID,7149,,2.175891e+00,1.298825e-01,3.616908e-02
GRID,7150,,2.178244e+00,1.298968e-01,3.063801e-02
GRID,7151,,2.178035e+00,1.298945e-01,2.008059e-02
GRID,7152,,2.176085e+00,1.298842e-01,4.124222e-02
GRID,7153,,2.178453e+00,1.298990e-01,4.119543e-02
GRID,7154,,2.176883e+00,-1.298915e-01,6.649475e-02
GRID,7155,,2.179456e+00,-1.299099e-01,9.194321e-02
GRID,7156,,2.179456e+00,1.299099e-01,9.194321e-02
GRID,7157,,2.176941e+00,1.298918e-01,6.544933e-02
GRID,7158,,2.178454e+00,-1.298990e-01,4.124269e-02
GRID,7159,,2.176093e+00,-1.298843e-01,4.128933e-02
GRID,7160,,2.202458e+00,1.584960e+00,1.036574e-01
GRID,7161,,2.203280e+00,1.584960e+00,1.287582e-01
GRID,7162,,2.176499e+00,1.298872e-01,4.564688e-02
GRID,7163,,2.177399e+00,1.298927e-01,4.406170e-02
GRID,7164,,2.178534e+00,-1.298999e-01,4.532765e-02
GRID,7165,,2.176500e+00,-1.298872e-01,4.564338e-02
GRID,7166,,2.189039e+00,-1.584960e+00,1.161553e-01
GRID,7167,,2.202692e+00,-1.584960e+00,1.288364e-01
GRID,7168,,2.202998e+00,-1.584960e+00,1.036913e-01
GRID,7169,,2.176784e+00,1.298891e-01,4.673727e-02
GRID,7170,,2.176778e+00,-1.298891e-01,4.672406e-02
GRID,7171,,2.177177e+00,-1.298916e-01,4.683787e-02
GRID,7172,,2.176987e+00,-1.298904e-01,4.696321e-02
GRID,7173,,2.177225e+00,-1.298918e-01,4.674519e-02
GRID,7174,,2.177036e+00,1.298907e-01,4.695871e-02
GRID,7175,,2.177136e+00,1.298913e-01,4.687760e-02
GRID,7176,,2.177201e+00,1.298917e-01,4.678070e-02
GRID,7177,,2.177385e+00,-1.298937e-01,5.573615e-02
GRID,7178,,2.178952e+00,-1.299044e-01,6.645387e-02
GRID,7179,,2.178931e+00,1.299042e-01,6.540999e-02
GRID,7180,,2.177391e+00,1.298936e-01,5.511813e-02
GRID,7181,,2.178562e+00,-1.299002e-01,4.671395e-02
GRID,7182,,2.177372e+00,-1.298928e-01,4.678296e-02
GRID,7183,,2.177370e+00,1.298927e-01,4.660256e-02
GRID,7184,,2.178554e+00,1.299001e-01,4.632822e-02
GRID,7185,,2.177379e+00,1.298929e-01,4.748958e-02
GRID,7186,,2.178594e+00,-1.299006e-01,4.832976e-02
GRID,7187,,2.177387e+00,-1.298930e-01,4.835360e-02
GRID,7188,,2.177394e+00,1.298933e-01,5.063699e-02
GRID,7189,,2.178591e+00,1.299005e-01,4.816778e-02
GRID,7190,,2.177389e+00,-1.298932e-01,5.068472e-02
GRID,7191,,2.178740e+00,-1.299021e-01,5.570940e-02
GRID,7192,,2.178640e+00,-1.299011e-01,5.066001e-02
GRID,7193,,2.178727e+00,1.299020e-01,5.509173e-02
GRID,7194,,2.178639e+00,1.299010e-01,5.061240e-02
GRID,7195,,2.206469e+00,-1.341120e+00,1.059288e-01
GRID,7196,,2.206469e+00,1.341120e+00,1.059288e-01
GRID,7197,,2.207769e+00,-1.341120e+00,9.260677e-02
GRID,7198,,2.207769e+00,1.341120e+00,9.260677e-02
GRID,7199,,2.212946e+00,-1.820417e+00,1.119550e-01
GRID,7200,,2.213052e+00,1.820420e+00,1.119639e-01
GRID,7201,,2.215386e+00,-1.829435e+00,1.456094e-01
GRID,7202,,2.215377e+00,1.829435e+00,1.456094e-01
GRID,7203,,2.229537e+00,1.584960e+00,1.052230e-01
GRID,7204,,2.230241e+00,1.584960e+00,1.251935e-01
GRID,7205,,2.229905e+00,-1.584960e+00,1.252374e-01
GRID,7206,,2.229883e+00,-1.584960e+00,1.052411e-01
GRID,7207,,2.231475e+00,-1.341120e+00,1.028280e-01
GRID,7208,,2.231475e+00,1.341120e+00,1.028280e-01
GRID,7209,,2.232966e+00,-1.341120e+00,9.261751e-02
GRID,7210,,2.232966e+00,1.341120e+00,9.261751e-02
GRID,7211,,2.239592e+00,-1.821018e+00,1.141965e-01
GRID,7212,,2.239707e+00,1.821020e+00,1.142061e-01
GRID,7213,,2.241979e+00,1.829435e+00,1.456094e-01
GRID,7214,,2.241839e+00,-1.829435e+00,1.456094e-01
GRID,7215,,2.257597e+00,1.584960e+00,1.065228e-01
GRID,7216,,2.257600e+00,1.584960e+00,1.216601e-01
GRID,7217,,2.258113e+00,-1.584960e+00,1.215948e-01
GRID,7218,,2.257143e+00,-1.584960e+00,1.065041e-01
GRID,7219,,2.256489e+00,-1.341120e+00,9.978422e-02
GRID,7220,,2.256489e+00,1.341120e+00,9.978422e-02
GRID,7221,,2.258155e+00,-1.341120e+00,9.191983e-02
GRID,7222,,2.258155e+00,1.341120e+00,9.191983e-02
GRID,7223,,2.266418e+00,-1.821614e+00,1.164220e-01
GRID,7224,,2.266757e+00,-1.825528e+00,1.310296e-01
GRID,7225,,2.266722e+00,1.821621e+00,1.164469e-01
GRID,7226,,2.268366e+00,-1.829435e+00,1.456094e-01
GRID,7227,,2.268582e+00,1.829435e+00,1.456094e-01
GRID,7228,,2.286331e+00,-1.584960e+00,1.180424e-01
GRID,7229,,2.286393e+00,-1.584960e+00,1.072546e-01
GRID,7230,,2.285678e+00,1.584960e+00,1.072503e-01
GRID,7231,,2.287009e+00,1.584960e+00,1.179581e-01
GRID,7232,,2.293594e+00,-1.822196e+00,1.185926e-01
GRID,7233,,2.280597e+00,1.825631e+00,1.314143e-01
GRID,7234,,2.293745e+00,1.822199e+00,1.186043e-01
GRID,7235,,2.295337e+00,-1.828742e+00,1.430243e-01
GRID,7236,,2.295686e+00,1.828731e+00,1.429824e-01
GRID,7237,,2.310312e+00,1.584960e+00,1.070645e-01
GRID,7238,,2.310838e+00,-1.584960e+00,1.150253e-01
GRID,7239,,2.309870e+00,-1.584960e+00,1.070751e-01
GRID,7240,,2.310503e+00,1.584960e+00,1.150661e-01
GRID,7241,,2.321477e+00,-1.822761e+00,1.207014e-01
GRID,7242,,2.321823e+00,1.822767e+00,1.207267e-01
GRID,7243,,2.322233e+00,-1.827875e+00,1.397889e-01
GRID,7244,,2.322717e+00,1.827859e+00,1.397306e-01
GRID,7245,,2.333432e+00,-1.584960e+00,1.122988e-01
GRID,7246,,2.333409e+00,-1.584960e+00,1.061951e-01
GRID,7247,,2.333409e+00,1.584960e+00,1.061951e-01
GRID,7248,,2.333432e+00,1.584960e+00,1.122988e-01
GRID,7249,,2.349373e+00,-1.823276e+00,1.226252e-01
GRID,7250,,2.349916e+00,1.823285e+00,1.226583e-01
GRID,7251,,2.350691e+00,-1.826954e+00,1.363528e-01
GRID,7252,,2.350221e+00,1.826970e+00,1.364097e-01
GRID,7253,,2.377998e+00,-1.823670e+00,1.240954e-01
GRID,7254,,2.378432e+00,1.826052e+00,1.329856e-01
GRID,7255,,2.378809e+00,1.823679e+00,1.241295e-01
GRID,7256,,2.379147e+00,-1.826029e+00,1.328986e-01
GRID,7257,,2.398814e+00,-1.825338e+00,1.303190e-01
GRID,7258,,2.398814e+00,1.825338e+00,1.303190e-01
$
$ MATERIAL (Aluminum 7075-T6)
MAT1,1,7.1700e+10,,0.33,2810.0
$
$ SHELL PROPERTY
PSHELL,1,1,0.0020,1,,1
$
$ ELEMENTS
CTRIA3,1,1,1,2,3
CTRIA3,2,1,1,3,4
CTRIA3,3,1,4,3,5
CTRIA3,4,1,4,5,6
CTRIA3,5,1,2,7,8
CTRIA3,6,1,2,8,3
CTRIA3,7,1,6,5,9
CTRIA3,8,1,3,8,10
CTRIA3,9,1,3,10,5
CTRIA3,10,1,5,11,9
CTRIA3,11,1,5,10,12
CTRIA3,12,1,5,12,11
CTRIA3,13,1,7,13,8
CTRIA3,14,1,11,12,14
CTRIA3,15,1,8,13,15
CTRIA3,16,1,8,15,10
CTRIA3,17,1,13,16,15
CTRIA3,18,1,10,15,17
CTRIA3,19,1,10,17,12
CTRIA3,20,1,14,12,18
CTRIA3,21,1,14,18,19
CTRIA3,22,1,12,17,18
CTRIA3,23,1,15,16,20
CTRIA3,24,1,15,20,17
CTRIA3,25,1,16,21,20
CTRIA3,26,1,19,18,22
CTRIA3,27,1,18,17,23
CTRIA3,28,1,18,24,22
CTRIA3,29,1,18,23,24
CTRIA3,30,1,17,20,25
CTRIA3,31,1,17,25,23
CTRIA3,32,1,21,26,20
CTRIA3,33,1,22,24,27
CTRIA3,34,1,20,26,28
CTRIA3,35,1,20,28,25
CTRIA3,36,1,26,29,28
CTRIA3,37,1,24,23,30
CTRIA3,38,1,24,30,31
CTRIA3,39,1,24,31,27
CTRIA3,40,1,27,31,32
CTRIA3,41,1,23,25,33
CTRIA3,42,1,23,33,30
CTRIA3,43,1,25,28,34
CTRIA3,44,1,25,34,33
CTRIA3,45,1,28,29,35
CTRIA3,46,1,28,35,34
CTRIA3,47,1,29,36,35
CTRIA3,48,1,32,31,37
CTRIA3,49,1,30,33,38
CTRIA3,50,1,30,38,31
CTRIA3,51,1,31,38,37
CTRIA3,52,1,36,39,35
CTRIA3,53,1,36,40,39
CTRIA3,54,1,35,39,41
CTRIA3,55,1,35,41,34
CTRIA3,56,1,33,34,42
CTRIA3,57,1,33,43,38
CTRIA3,58,1,33,42,43
CTRIA3,59,1,37,38,44
CTRIA3,60,1,37,44,45
CTRIA3,61,1,38,43,44
CTRIA3,62,1,34,41,46
CTRIA3,63,1,34,46,42
CTRIA3,64,1,39,40,47
CTRIA3,65,1,39,47,41
CTRIA3,66,1,40,48,47
CTRIA3,67,1,45,44,49
CTRIA3,68,1,41,47,50
CTRIA3,69,1,41,50,46
CTRIA3,70,1,44,43,51
CTRIA3,71,1,44,51,52
CTRIA3,72,1,44,52,49
CTRIA3,73,1,43,42,53
CTRIA3,74,1,43,53,51
CTRIA3,75,1,42,46,54
CTRIA3,76,1,42,54,53
CTRIA3,77,1,47,48,55
CTRIA3,78,1,47,55,50
CTRIA3,79,1,46,50,56
CTRIA3,80,1,46,56,54
CTRIA3,81,1,49,52,57
CTRIA3,82,1,51,53,58
CTRIA3,83,1,51,58,52
CTRIA3,84,1,50,55,59
CTRIA3,85,1,50,59,56
CTRIA3,86,1,53,54,60
CTRIA3,87,1,53,60,58
CTRIA3,88,1,52,58,61
CTRIA3,89,1,52,61,57
CTRIA3,90,1,55,62,59
CTRIA3,91,1,54,56,63
CTRIA3,92,1,54,63,60
CTRIA3,93,1,57,61,64
CTRIA3,94,1,58,60,65
CTRIA3,95,1,58,65,61
CTRIA3,96,1,56,59,66
CTRIA3,97,1,56,66,63
CTRIA3,98,1,59,62,67
CTRIA3,99,1,59,67,66
CTRIA3,100,1,61,65,68
CTRIA3,101,1,61,68,64
CTRIA3,102,1,60,63,69
CTRIA3,103,1,60,69,65
CTRIA3,104,1,62,70,67
CTRIA3,105,1,64,68,71
CTRIA3,106,1,66,67,72
CTRIA3,107,1,66,72,63
CTRIA3,108,1,65,69,73
CTRIA3,109,1,65,73,68
CTRIA3,110,1,63,72,74
CTRIA3,111,1,63,74,69
CTRIA3,112,1,67,70,75
CTRIA3,113,1,67,75,72
CTRIA3,114,1,68,73,76
CTRIA3,115,1,68,76,71
CTRIA3,116,1,69,74,77
CTRIA3,117,1,69,77,73
CTRIA3,118,1,72,75,78
CTRIA3,119,1,72,78,74
CTRIA3,120,1,73,77,79
CTRIA3,121,1,73,79,76
CTRIA3,122,1,75,80,78
CTRIA3,123,1,74,78,81
CTRIA3,124,1,74,81,82
CTRIA3,125,1,74,82,77
CTRIA3,126,1,76,79,83
CTRIA3,127,1,78,80,81
CTRIA3,128,1,77,84,79
CTRIA3,129,1,77,82,84
CTRIA3,130,1,79,84,85
CTRIA3,131,1,79,85,83
CTRIA3,132,1,80,86,81
CTRIA3,133,1,80,87,86
CTRIA3,134,1,83,85,88
CTRIA3,135,1,81,86,89
CTRIA3,136,1,81,89,82
CTRIA3,137,1,84,82,90
CTRIA3,138,1,84,90,85
CTRIA3,139,1,82,89,91
CTRIA3,140,1,82,91,90
CTRIA3,141,1,85,90,92
CTRIA3,142,1,85,92,88
CTRIA3,143,1,86,87,93
CTRIA3,144,1,86,93,89
CTRIA3,145,1,90,91,94
CTRIA3,146,1,90,94,92
CTRIA3,147,1,89,93,95
CTRIA3,148,1,89,95,96
CTRIA3,149,1,89,96,91
CTRIA3,150,1,92,94,97
CTRIA3,151,1,91,96,98
CTRIA3,152,1,91,98,94
CTRIA3,153,1,94,98,99
CTRIA3,154,1,94,99,97
CTRIA3,155,1,95,100,96
CTRIA3,156,1,96,100,101
CTRIA3,157,1,96,102,98
CTRIA3,158,1,96,101,102
CTRIA3,159,1,98,102,99
CTRIA3,160,1,103,104,105
CTRIA3,161,1,106,107,108
CTRIA3,162,1,105,109,110
CTRIA3,163,1,105,104,111
CTRIA3,164,1,105,111,109
CTRIA3,165,1,107,112,113
CTRIA3,166,1,107,113,114
CTRIA3,167,1,107,114,108
CTRIA3,168,1,110,109,115
CTRIA3,169,1,112,116,117
CTRIA3,170,1,112,117,113
CTRIA3,171,1,115,109,118
CTRIA3,172,1,109,111,119
CTRIA3,173,1,109,119,118
CTRIA3,174,1,104,120,111
CTRIA3,175,1,104,121,120
CTRIA3,176,1,108,114,122
CTRIA3,177,1,111,120,119
CTRIA3,178,1,118,119,123
CTRIA3,179,1,117,124,113
CTRIA3,180,1,113,124,125
CTRIA3,181,1,113,125,114
CTRIA3,182,1,114,125,126
CTRIA3,183,1,114,126,122
CTRIA3,184,1,119,120,127
CTRIA3,185,1,119,128,123
CTRIA3,186,1,119,127,128
CTRIA3,187,1,120,121,129
CTRIA3,188,1,120,129,127
CTRIA3,189,1,122,126,130
CTRIA3,190,1,121,131,129
CTRIA3,191,1,124,132,133
CTRIA3,192,1,124,133,125
CTRIA3,193,1,125,133,126
CTRIA3,194,1,126,133,134
CTRIA3,195,1,126,134,130
CTRIA3,196,1,129,131,135
CTRIA3,197,1,129,135,127
CTRIA3,198,1,130,134,136
CTRIA3,199,1,131,137,135
CTRIA3,200,1,132,138,133
CTRIA3,201,1,128,127,139
CTRIA3,202,1,127,135,140
CTRIA3,203,1,127,140,139
CTRIA3,204,1,133,138,141
CTRIA3,205,1,133,141,134
CTRIA3,206,1,135,137,142
CTRIA3,207,1,135,142,140
CTRIA3,208,1,134,141,143
CTRIA3,209,1,134,144,136
CTRIA3,210,1,134,143,144
CTRIA3,211,1,136,144,145
CTRIA3,212,1,137,146,142
CTRIA3,213,1,138,147,141
CTRIA3,214,1,139,140,148
CTRIA3,215,1,139,148,149
CTRIA3,216,1,140,142,150
CTRIA3,217,1,140,150,148
CTRIA3,218,1,141,147,143
CTRIA3,219,1,142,146,151
CTRIA3,220,1,142,151,150
CTRIA3,221,1,146,152,151
CTRIA3,222,1,145,144,153
CTRIA3,223,1,149,148,154
CTRIA3,224,1,147,155,143
CTRIA3,225,1,144,143,156
CTRIA3,226,1,144,156,153
CTRIA3,227,1,148,150,157
CTRIA3,228,1,148,157,154
CTRIA3,229,1,150,151,158
CTRIA3,230,1,150,158,157
CTRIA3,231,1,143,155,159
CTRIA3,232,1,143,159,156
CTRIA3,233,1,151,152,158
CTRIA3,234,1,157,158,160
CTRIA3,235,1,157,160,161
CTRIA3,236,1,157,161,154
CTRIA3,237,1,152,162,158
CTRIA3,238,1,152,163,162
CTRIA3,239,1,153,156,164
CTRIA3,240,1,155,165,159
CTRIA3,241,1,154,161,166
CTRIA3,242,1,158,162,160
CTRIA3,243,1,156,159,167
CTRIA3,244,1,156,167,168
CTRIA3,245,1,156,168,164
CTRIA3,246,1,159,165,169
CTRIA3,247,1,159,169,167
CTRIA3,248,1,160,162,170
CTRIA3,249,1,160,171,161
CTRIA3,250,1,160,170,171
CTRIA3,251,1,166,161,172
CTRIA3,252,1,165,173,169
CTRIA3,253,1,162,163,174
CTRIA3,254,1,162,174,170
CTRIA3,255,1,164,168,175
CTRIA3,256,1,161,171,172
CTRIA3,257,1,167,169,176
CTRIA3,258,1,167,176,168
CTRIA3,259,1,168,176,175
CTRIA3,260,1,177,178,179
CTRIA3,261,1,177,179,172
CTRIA3,262,1,180,173,181
CTRIA3,263,1,180,181,182
CTRIA3,264,1,173,183,181
CTRIA3,265,1,172,179,184
CTRIA3,266,1,182,185,175
CTRIA3,267,1,182,181,185
CTRIA3,268,1,178,174,186
CTRIA3,269,1,178,186,179
CTRIA3,270,1,175,185,187
CTRIA3,271,1,174,188,186
CTRIA3,272,1,189,190,191
CTRIA3,273,1,189,191,192
CTRIA3,274,1,192,191,193
CTRIA3,275,1,192,193,194
CTRIA3,276,1,190,195,191
CTRIA3,277,1,190,196,195
CTRIA3,278,1,191,195,193
CTRIA3,279,1,194,193,197
CTRIA3,280,1,193,195,198
CTRIA3,281,1,193,198,197
CTRIA3,282,1,195,196,199
CTRIA3,283,1,195,199,198
CTRIA3,284,1,196,200,199
CTRIA3,285,1,197,198,201
CTRIA3,286,1,197,201,202
CTRIA3,287,1,199,200,203
CTRIA3,288,1,199,203,204
CTRIA3,289,1,199,204,198
CTRIA3,290,1,198,204,205
CTRIA3,291,1,198,205,201
CTRIA3,292,1,200,206,203
CTRIA3,293,1,202,201,207
CTRIA3,294,1,201,205,208
CTRIA3,295,1,201,208,207
CTRIA3,296,1,203,206,209
CTRIA3,297,1,203,210,204
CTRIA3,298,1,203,209,210
CTRIA3,299,1,204,210,211
CTRIA3,300,1,204,211,205
CTRIA3,301,1,206,212,209
CTRIA3,302,1,207,208,213
CTRIA3,303,1,207,213,214
CTRIA3,304,1,205,211,215
CTRIA3,305,1,205,215,208
CTRIA3,306,1,210,209,216
CTRIA3,307,1,210,216,211
CTRIA3,308,1,208,215,217
CTRIA3,309,1,208,217,213
CTRIA3,310,1,212,218,209
CTRIA3,311,1,211,216,219
CTRIA3,312,1,211,219,215
CTRIA3,313,1,214,213,220
CTRIA3,314,1,209,218,221
CTRIA3,315,1,209,221,216
CTRIA3,316,1,213,217,222
CTRIA3,317,1,213,222,220
CTRIA3,318,1,215,219,223
CTRIA3,319,1,215,223,217
CTRIA3,320,1,216,221,224
CTRIA3,321,1,216,224,219
CTRIA3,322,1,218,225,221
CTRIA3,323,1,220,222,226
CTRIA3,324,1,217,223,227
CTRIA3,325,1,217,227,222
CTRIA3,326,1,219,224,228
CTRIA3,327,1,219,228,223
CTRIA3,328,1,221,225,229
CTRIA3,329,1,221,229,224
CTRIA3,330,1,222,227,230
CTRIA3,331,1,222,230,226
CTRIA3,332,1,225,231,229
CTRIA3,333,1,226,230,232
CTRIA3,334,1,223,228,233
CTRIA3,335,1,223,233,227
CTRIA3,336,1,224,229,234
CTRIA3,337,1,224,234,228
CTRIA3,338,1,229,231,235
CTRIA3,339,1,229,235,236
CTRIA3,340,1,229,236,234
CTRIA3,341,1,227,233,237
CTRIA3,342,1,227,238,230
CTRIA3,343,1,227,237,238
CTRIA3,344,1,228,234,239
CTRIA3,345,1,228,239,233
CTRIA3,346,1,230,238,240
CTRIA3,347,1,230,240,232
CTRIA3,348,1,231,241,235
CTRIA3,349,1,232,240,242
CTRIA3,350,1,234,236,239
CTRIA3,351,1,235,241,243
CTRIA3,352,1,235,243,236
CTRIA3,353,1,233,239,244
CTRIA3,354,1,233,244,237
CTRIA3,355,1,238,237,245
CTRIA3,356,1,238,245,240
CTRIA3,357,1,240,245,246
CTRIA3,358,1,240,246,242
CTRIA3,359,1,236,243,247
CTRIA3,360,1,236,247,239
CTRIA3,361,1,239,247,244
CTRIA3,362,1,241,248,243
CTRIA3,363,1,242,246,249
CTRIA3,364,1,237,244,250
CTRIA3,365,1,237,250,245
CTRIA3,366,1,245,250,251
CTRIA3,367,1,245,251,246
CTRIA3,368,1,243,248,252
CTRIA3,369,1,243,253,247
CTRIA3,370,1,243,252,253
CTRIA3,371,1,244,247,254
CTRIA3,372,1,244,255,250
CTRIA3,373,1,244,254,255
CTRIA3,374,1,247,253,256
CTRIA3,375,1,247,256,254
CTRIA3,376,1,246,251,257
CTRIA3,377,1,246,258,249
CTRIA3,378,1,246,257,258
CTRIA3,379,1,249,258,259
CTRIA3,380,1,248,260,252
CTRIA3,381,1,250,261,251
CTRIA3,382,1,250,255,261
CTRIA3,383,1,251,261,257
CTRIA3,384,1,253,252,256
CTRIA3,385,1,184,262,263
CTRIA3,386,1,184,263,264
CTRIA3,387,1,262,265,266
CTRIA3,388,1,262,266,263
CTRIA3,389,1,259,258,267
CTRIA3,390,1,259,267,268
CTRIA3,391,1,258,257,269
CTRIA3,392,1,258,269,267
CTRIA3,393,1,257,261,270
CTRIA3,394,1,257,270,269
CTRIA3,395,1,261,255,271
CTRIA3,396,1,261,271,272
CTRIA3,397,1,261,272,270
CTRIA3,398,1,255,254,271
CTRIA3,399,1,254,256,273
CTRIA3,400,1,254,273,274
CTRIA3,401,1,254,274,271
CTRIA3,402,1,256,252,275
CTRIA3,403,1,256,275,273
CTRIA3,404,1,252,260,276
CTRIA3,405,1,252,276,275
CTRIA3,406,1,260,277,276
CTRIA3,407,1,265,188,278
CTRIA3,408,1,265,278,266
CTRIA3,409,1,270,272,279
CTRIA3,410,1,270,279,269
CTRIA3,411,1,273,275,280
CTRIA3,412,1,273,280,274
CTRIA3,413,1,269,279,281
CTRIA3,414,1,269,281,267
CTRIA3,415,1,271,274,282
CTRIA3,416,1,271,283,272
CTRIA3,417,1,271,282,283
CTRIA3,418,1,275,276,284
CTRIA3,419,1,275,284,280
CTRIA3,420,1,267,281,285
CTRIA3,421,1,267,285,268
CTRIA3,422,1,268,285,286
CTRIA3,423,1,277,287,276
CTRIA3,424,1,276,287,284
CTRIA3,425,1,272,283,288
CTRIA3,426,1,272,288,279
CTRIA3,427,1,274,280,289
CTRIA3,428,1,274,289,282
CTRIA3,429,1,279,288,290
CTRIA3,430,1,279,290,281
CTRIA3,431,1,280,284,291
CTRIA3,432,1,280,291,289
CTRIA3,433,1,281,290,292
CTRIA3,434,1,281,292,285
CTRIA3,435,1,284,287,293
CTRIA3,436,1,284,293,291
CTRIA3,437,1,283,282,294
CTRIA3,438,1,283,295,288
CTRIA3,439,1,283,294,295
CTRIA3,440,1,288,295,290
CTRIA3,441,1,286,285,296
CTRIA3,442,1,282,289,297
CTRIA3,443,1,282,297,294
CTRIA3,444,1,287,298,293
CTRIA3,445,1,285,292,299
CTRIA3,446,1,285,299,296
CTRIA3,447,1,289,291,300
CTRIA3,448,1,289,300,297
CTRIA3,449,1,290,295,301
CTRIA3,450,1,290,301,292
CTRIA3,451,1,291,293,302
CTRIA3,452,1,291,302,300
CTRIA3,453,1,295,294,303
CTRIA3,454,1,295,303,301
CTRIA3,455,1,293,298,304
CTRIA3,456,1,293,304,302
CTRIA3,457,1,292,301,305
CTRIA3,458,1,292,305,299
CTRIA3,459,1,294,297,306
CTRIA3,460,1,294,306,303
CTRIA3,461,1,296,299,307
CTRIA3,462,1,298,308,304
CTRIA3,463,1,297,300,309
CTRIA3,464,1,297,309,306
CTRIA3,465,1,300,302,310
CTRIA3,466,1,300,310,309
CTRIA3,467,1,301,303,311
CTRIA3,468,1,301,311,305
CTRIA3,469,1,299,305,312
CTRIA3,470,1,299,312,307
CTRIA3,471,1,302,304,313
CTRIA3,472,1,302,313,310
CTRIA3,473,1,303,306,314
CTRIA3,474,1,303,314,311
CTRIA3,475,1,304,308,315
CTRIA3,476,1,304,315,313
CTRIA3,477,1,305,311,316
CTRIA3,478,1,305,316,312
CTRIA3,479,1,306,309,317
CTRIA3,480,1,306,317,314
CTRIA3,481,1,311,314,316
CTRIA3,482,1,309,310,318
CTRIA3,483,1,309,318,317
CTRIA3,484,1,307,312,319
CTRIA3,485,1,307,319,320
CTRIA3,486,1,308,321,315
CTRIA3,487,1,308,322,321
CTRIA3,488,1,310,313,323
CTRIA3,489,1,310,323,318
CTRIA3,490,1,313,315,324
CTRIA3,491,1,313,324,323
CTRIA3,492,1,315,321,324
CTRIA3,493,1,312,316,325
CTRIA3,494,1,312,325,319
CTRIA3,495,1,314,317,326
CTRIA3,496,1,314,326,316
CTRIA3,497,1,316,326,325
CTRIA3,498,1,317,318,327
CTRIA3,499,1,317,327,326
CTRIA3,500,1,318,323,328
CTRIA3,501,1,318,328,327
CTRIA3,502,1,324,321,329
CTRIA3,503,1,324,329,330
CTRIA3,504,1,324,330,323
CTRIA3,505,1,323,330,328
CTRIA3,506,1,321,322,331
CTRIA3,507,1,321,331,329
CTRIA3,508,1,320,319,332
CTRIA3,509,1,319,325,333
CTRIA3,510,1,319,333,332
CTRIA3,511,1,325,326,334
CTRIA3,512,1,325,334,333
CTRIA3,513,1,326,327,335
CTRIA3,514,1,326,335,334
CTRIA3,515,1,329,331,336
CTRIA3,516,1,329,336,330
CTRIA3,517,1,330,336,337
CTRIA3,518,1,330,337,328
CTRIA3,519,1,327,328,338
CTRIA3,520,1,327,338,335
CTRIA3,521,1,328,337,339
CTRIA3,522,1,328,339,338
CTRIA3,523,1,331,340,336
CTRIA3,524,1,332,333,341
CTRIA3,525,1,333,334,342
CTRIA3,526,1,333,342,341
CTRIA3,527,1,336,340,343
CTRIA3,528,1,336,343,337
CTRIA3,529,1,337,343,344
CTRIA3,530,1,337,344,339
CTRIA3,531,1,335,338,345
CTRIA3,532,1,335,346,334
CTRIA3,533,1,335,345,346
CTRIA3,534,1,334,346,347
CTRIA3,535,1,334,347,342
CTRIA3,536,1,338,339,348
CTRIA3,537,1,338,348,345
CTRIA3,538,1,340,349,343
CTRIA3,539,1,341,342,350
CTRIA3,540,1,339,344,351
CTRIA3,541,1,339,351,348
CTRIA3,542,1,343,349,352
CTRIA3,543,1,343,352,344
CTRIA3,544,1,344,352,351
CTRIA3,545,1,342,347,353
CTRIA3,546,1,342,353,354
CTRIA3,547,1,342,354,350
CTRIA3,548,1,346,345,355
CTRIA3,549,1,346,355,347
CTRIA3,550,1,345,348,356
CTRIA3,551,1,345,356,355
CTRIA3,552,1,349,357,352
CTRIA3,553,1,348,351,358
CTRIA3,554,1,348,358,356
CTRIA3,555,1,347,355,359
CTRIA3,556,1,347,359,353
CTRIA3,557,1,351,352,360
CTRIA3,558,1,351,360,358
CTRIA3,559,1,352,357,361
CTRIA3,560,1,352,361,360
CTRIA3,561,1,187,362,363
CTRIA3,562,1,362,364,365
CTRIA3,563,1,362,366,363
CTRIA3,564,1,362,365,366
CTRIA3,565,1,357,367,361
CTRIA3,566,1,361,368,360
CTRIA3,567,1,361,367,369
CTRIA3,568,1,361,369,368
CTRIA3,569,1,360,368,358
CTRIA3,570,1,358,368,370
CTRIA3,571,1,358,370,356
CTRIA3,572,1,356,370,371
CTRIA3,573,1,356,372,355
CTRIA3,574,1,356,371,372
CTRIA3,575,1,355,373,359
CTRIA3,576,1,355,372,373
CTRIA3,577,1,359,373,353
CTRIA3,578,1,353,373,374
CTRIA3,579,1,353,375,354
CTRIA3,580,1,353,374,375
CTRIA3,581,1,364,183,365
CTRIA3,582,1,183,376,365
CTRIA3,583,1,368,369,377
CTRIA3,584,1,368,377,370
CTRIA3,585,1,373,372,378
CTRIA3,586,1,373,378,374
CTRIA3,587,1,370,377,379
CTRIA3,588,1,370,379,371
CTRIA3,589,1,372,371,380
CTRIA3,590,1,372,380,378
CTRIA3,591,1,367,381,369
CTRIA3,592,1,375,374,382
CTRIA3,593,1,374,378,383
CTRIA3,594,1,374,383,382
CTRIA3,595,1,369,381,384
CTRIA3,596,1,369,385,377
CTRIA3,597,1,369,384,385
CTRIA3,598,1,371,379,386
CTRIA3,599,1,371,386,380
CTRIA3,600,1,377,385,387
CTRIA3,601,1,377,387,379
CTRIA3,602,1,378,380,388
CTRIA3,603,1,378,388,383
CTRIA3,604,1,381,389,384
CTRIA3,605,1,382,383,390
CTRIA3,606,1,379,387,391
CTRIA3,607,1,379,391,386
CTRIA3,608,1,380,386,392
CTRIA3,609,1,380,392,388
CTRIA3,610,1,385,384,393
CTRIA3,611,1,385,393,387
CTRIA3,612,1,383,388,394
CTRIA3,613,1,383,394,390
CTRIA3,614,1,384,389,393
CTRIA3,615,1,387,393,395
CTRIA3,616,1,387,395,391
CTRIA3,617,1,386,391,396
CTRIA3,618,1,386,396,392
CTRIA3,619,1,388,392,397
CTRIA3,620,1,388,397,394
CTRIA3,621,1,390,394,398
CTRIA3,622,1,389,399,393
CTRIA3,623,1,394,397,398
CTRIA3,624,1,391,395,400
CTRIA3,625,1,391,400,396
CTRIA3,626,1,393,399,401
CTRIA3,627,1,393,401,395
CTRIA3,628,1,392,396,402
CTRIA3,629,1,392,402,397
CTRIA3,630,1,396,400,403
CTRIA3,631,1,396,403,402
CTRIA3,632,1,395,401,404
CTRIA3,633,1,395,404,400
CTRIA3,634,1,398,397,405
CTRIA3,635,1,399,406,401
CTRIA3,636,1,397,402,407
CTRIA3,637,1,397,407,405
CTRIA3,638,1,401,406,408
CTRIA3,639,1,401,408,404
CTRIA3,640,1,402,403,409
CTRIA3,641,1,402,409,407
CTRIA3,642,1,400,404,410
CTRIA3,643,1,400,410,403
CTRIA3,644,1,405,407,411
CTRIA3,645,1,406,412,408
CTRIA3,646,1,404,408,413
CTRIA3,647,1,404,413,410
CTRIA3,648,1,403,410,414
CTRIA3,649,1,403,414,409
CTRIA3,650,1,407,409,411
CTRIA3,651,1,408,412,415
CTRIA3,652,1,408,415,416
CTRIA3,653,1,408,416,413
CTRIA3,654,1,411,409,417
CTRIA3,655,1,410,413,418
CTRIA3,656,1,410,418,414
CTRIA3,657,1,409,414,419
CTRIA3,658,1,409,419,417
CTRIA3,659,1,413,416,418
CTRIA3,660,1,414,418,419
CTRIA3,661,1,417,419,420
CTRIA3,662,1,415,421,416
CTRIA3,663,1,416,421,422
CTRIA3,664,1,416,422,418
CTRIA3,665,1,418,422,423
CTRIA3,666,1,418,423,419
CTRIA3,667,1,419,423,424
CTRIA3,668,1,419,424,420
CTRIA3,669,1,421,425,422
CTRIA3,670,1,422,425,423
CTRIA3,671,1,423,425,426
CTRIA3,672,1,423,427,424
CTRIA3,673,1,423,426,427
CTRIA3,674,1,424,427,428
CTRIA3,675,1,427,426,429
CTRIA3,676,1,427,430,428
CTRIA3,677,1,427,429,430
CTRIA3,678,1,278,431,432
CTRIA3,679,1,363,433,434
CTRIA3,680,1,363,434,435
CTRIA3,681,1,433,436,437
CTRIA3,682,1,433,437,434
CTRIA3,683,1,432,431,438
CTRIA3,684,1,432,439,440
CTRIA3,685,1,432,438,439
CTRIA3,686,1,376,441,436
CTRIA3,687,1,264,440,442
CTRIA3,688,1,440,439,442
CTRIA3,689,1,436,441,437
CTRIA3,690,1,437,441,443
CTRIA3,691,1,437,443,434
CTRIA3,692,1,431,444,438
CTRIA3,693,1,435,434,445
CTRIA3,694,1,441,446,443
CTRIA3,695,1,442,439,447
CTRIA3,696,1,434,443,445
CTRIA3,697,1,439,438,448
CTRIA3,698,1,439,448,447
CTRIA3,699,1,438,444,448
CTRIA3,700,1,443,446,449
CTRIA3,701,1,443,449,450
CTRIA3,702,1,443,450,445
CTRIA3,703,1,444,451,448
CTRIA3,704,1,445,450,452
CTRIA3,705,1,447,448,453
CTRIA3,706,1,447,453,454
CTRIA3,707,1,448,451,453
CTRIA3,708,1,449,455,456
CTRIA3,709,1,449,456,450
CTRIA3,710,1,454,453,457
CTRIA3,711,1,454,457,458
CTRIA3,712,1,451,459,453
CTRIA3,713,1,452,450,460
CTRIA3,714,1,450,456,461
CTRIA3,715,1,450,461,460
CTRIA3,716,1,453,459,462
CTRIA3,717,1,453,462,457
CTRIA3,718,1,457,462,458
CTRIA3,719,1,458,462,463
CTRIA3,720,1,455,464,456
CTRIA3,721,1,460,461,465
CTRIA3,722,1,459,466,462
CTRIA3,723,1,456,464,467
CTRIA3,724,1,456,467,461
CTRIA3,725,1,461,467,465
CTRIA3,726,1,462,466,468
CTRIA3,727,1,462,468,469
CTRIA3,728,1,462,469,463
CTRIA3,729,1,463,469,470
CTRIA3,730,1,464,471,467
CTRIA3,731,1,465,467,472
CTRIA3,732,1,466,473,468
CTRIA3,733,1,467,471,474
CTRIA3,734,1,467,475,472
CTRIA3,735,1,467,474,475
CTRIA3,736,1,468,473,476
CTRIA3,737,1,468,476,469
CTRIA3,738,1,469,476,477
CTRIA3,739,1,469,477,470
CTRIA3,740,1,470,477,478
CTRIA3,741,1,471,479,474
CTRIA3,742,1,473,480,476
CTRIA3,743,1,472,475,481
CTRIA3,744,1,475,474,482
CTRIA3,745,1,475,482,483
CTRIA3,746,1,475,483,481
CTRIA3,747,1,474,479,482
CTRIA3,748,1,476,480,484
CTRIA3,749,1,476,484,477
CTRIA3,750,1,477,485,478
CTRIA3,751,1,477,484,485
CTRIA3,752,1,478,485,486
CTRIA3,753,1,479,487,482
CTRIA3,754,1,481,483,488
CTRIA3,755,1,480,489,484
CTRIA3,756,1,490,487,491
CTRIA3,757,1,490,492,493
CTRIA3,758,1,490,491,492
CTRIA3,759,1,494,495,496
CTRIA3,760,1,494,496,486
CTRIA3,761,1,486,496,497
CTRIA3,762,1,487,498,491
CTRIA3,763,1,495,489,499
CTRIA3,764,1,495,499,496
CTRIA3,765,1,493,500,488
CTRIA3,766,1,493,492,500
CTRIA3,767,1,489,501,499
CTRIA3,768,1,502,503,504
CTRIA3,769,1,502,504,505
CTRIA3,770,1,505,504,506
CTRIA3,771,1,503,507,508
CTRIA3,772,1,503,508,504
CTRIA3,773,1,504,508,506
CTRIA3,774,1,506,508,509
CTRIA3,775,1,507,510,508
CTRIA3,776,1,508,510,511
CTRIA3,777,1,508,512,509
CTRIA3,778,1,508,511,512
CTRIA3,779,1,509,512,513
CTRIA3,780,1,510,514,511
CTRIA3,781,1,513,512,515
CTRIA3,782,1,513,515,516
CTRIA3,783,1,512,511,517
CTRIA3,784,1,512,517,515
CTRIA3,785,1,511,514,518
CTRIA3,786,1,511,518,517
CTRIA3,787,1,514,519,518
CTRIA3,788,1,515,517,520
CTRIA3,789,1,515,520,516
CTRIA3,790,1,516,520,521
CTRIA3,791,1,517,518,522
CTRIA3,792,1,517,522,520
CTRIA3,793,1,519,523,518
CTRIA3,794,1,520,522,524
CTRIA3,795,1,520,524,521
CTRIA3,796,1,518,523,525
CTRIA3,797,1,518,525,522
CTRIA3,798,1,521,524,526
CTRIA3,799,1,522,525,527
CTRIA3,800,1,522,527,524
CTRIA3,801,1,523,528,529
CTRIA3,802,1,523,529,525
CTRIA3,803,1,524,527,530
CTRIA3,804,1,524,530,526
CTRIA3,805,1,525,529,531
CTRIA3,806,1,525,531,532
CTRIA3,807,1,525,532,527
CTRIA3,808,1,528,533,529
CTRIA3,809,1,529,533,534
CTRIA3,810,1,529,534,531
CTRIA3,811,1,527,532,535
CTRIA3,812,1,527,536,530
CTRIA3,813,1,527,535,536
CTRIA3,814,1,530,536,537
CTRIA3,815,1,531,534,538
CTRIA3,816,1,531,538,532
CTRIA3,817,1,532,538,539
CTRIA3,818,1,532,539,535
CTRIA3,819,1,533,540,534
CTRIA3,820,1,537,536,541
CTRIA3,821,1,537,541,542
CTRIA3,822,1,536,535,541
CTRIA3,823,1,534,540,543
CTRIA3,824,1,534,543,538
CTRIA3,825,1,535,539,544
CTRIA3,826,1,535,544,541
CTRIA3,827,1,538,543,545
CTRIA3,828,1,538,545,539
CTRIA3,829,1,540,546,543
CTRIA3,830,1,542,541,547
CTRIA3,831,1,539,545,548
CTRIA3,832,1,539,548,544
CTRIA3,833,1,543,546,549
CTRIA3,834,1,543,549,545
CTRIA3,835,1,541,544,550
CTRIA3,836,1,541,550,547
CTRIA3,837,1,546,551,549
CTRIA3,838,1,544,548,552
CTRIA3,839,1,544,552,550
CTRIA3,840,1,545,549,553
CTRIA3,841,1,545,553,548
CTRIA3,842,1,547,550,554
CTRIA3,843,1,550,552,555
CTRIA3,844,1,550,555,554
CTRIA3,845,1,548,553,556
CTRIA3,846,1,548,556,552
CTRIA3,847,1,549,551,557
CTRIA3,848,1,549,557,558
CTRIA3,849,1,549,558,553
CTRIA3,850,1,551,559,557
CTRIA3,851,1,554,555,560
CTRIA3,852,1,552,556,561
CTRIA3,853,1,552,561,555
CTRIA3,854,1,557,559,562
CTRIA3,855,1,557,562,558
CTRIA3,856,1,553,558,563
CTRIA3,857,1,553,563,556
CTRIA3,858,1,555,564,560
CTRIA3,859,1,555,561,564
CTRIA3,860,1,559,565,562
CTRIA3,861,1,560,564,566
CTRIA3,862,1,558,562,567
CTRIA3,863,1,558,567,568
CTRIA3,864,1,558,568,563
CTRIA3,865,1,556,563,569
CTRIA3,866,1,556,569,561
CTRIA3,867,1,562,565,567
CTRIA3,868,1,565,570,567
CTRIA3,869,1,564,561,571
CTRIA3,870,1,564,572,566
CTRIA3,871,1,564,571,572
CTRIA3,872,1,566,572,573
CTRIA3,873,1,561,569,574
CTRIA3,874,1,561,574,571
CTRIA3,875,1,563,568,575
CTRIA3,876,1,563,575,569
CTRIA3,877,1,567,570,576
CTRIA3,878,1,567,576,568
CTRIA3,879,1,572,571,577
CTRIA3,880,1,572,577,573
CTRIA3,881,1,568,576,578
CTRIA3,882,1,568,578,575
CTRIA3,883,1,570,579,576
CTRIA3,884,1,573,577,580
CTRIA3,885,1,569,575,581
CTRIA3,886,1,569,581,574
CTRIA3,887,1,571,574,582
CTRIA3,888,1,571,582,577
CTRIA3,889,1,576,579,578
CTRIA3,890,1,575,578,583
CTRIA3,891,1,575,583,581
CTRIA3,892,1,577,582,584
CTRIA3,893,1,577,585,580
CTRIA3,894,1,577,584,585
CTRIA3,895,1,574,581,586
CTRIA3,896,1,574,586,582
CTRIA3,897,1,579,587,578
CTRIA3,898,1,580,585,588
CTRIA3,899,1,578,587,589
CTRIA3,900,1,578,589,583
CTRIA3,901,1,582,586,590
CTRIA3,902,1,582,590,584
CTRIA3,903,1,585,584,591
CTRIA3,904,1,585,591,588
CTRIA3,905,1,587,592,593
CTRIA3,906,1,587,593,589
CTRIA3,907,1,581,583,594
CTRIA3,908,1,581,595,586
CTRIA3,909,1,581,594,595
CTRIA3,910,1,588,591,596
CTRIA3,911,1,584,590,597
CTRIA3,912,1,584,597,591
CTRIA3,913,1,586,595,598
CTRIA3,914,1,586,598,590
CTRIA3,915,1,583,589,599
CTRIA3,916,1,583,599,594
CTRIA3,917,1,589,593,599
CTRIA3,918,1,591,597,596
CTRIA3,919,1,590,598,600
CTRIA3,920,1,590,601,597
CTRIA3,921,1,590,600,601
CTRIA3,922,1,592,602,593
CTRIA3,923,1,592,603,602
CTRIA3,924,1,596,597,604
CTRIA3,925,1,596,604,605
CTRIA3,926,1,593,606,599
CTRIA3,927,1,593,602,606
CTRIA3,928,1,595,607,598
CTRIA3,929,1,595,608,607
CTRIA3,930,1,595,594,608
CTRIA3,931,1,597,601,604
CTRIA3,932,1,599,609,594
CTRIA3,933,1,599,606,609
CTRIA3,934,1,598,607,600
CTRIA3,935,1,497,610,611
CTRIA3,936,1,497,611,612
CTRIA3,937,1,610,613,614
CTRIA3,938,1,610,614,611
CTRIA3,939,1,605,604,615
CTRIA3,940,1,605,615,616
CTRIA3,941,1,604,601,617
CTRIA3,942,1,604,617,615
CTRIA3,943,1,601,600,617
CTRIA3,944,1,600,607,618
CTRIA3,945,1,600,618,617
CTRIA3,946,1,607,608,619
CTRIA3,947,1,607,619,618
CTRIA3,948,1,608,594,620
CTRIA3,949,1,608,620,619
CTRIA3,950,1,594,609,621
CTRIA3,951,1,594,621,620
CTRIA3,952,1,609,606,622
CTRIA3,953,1,609,622,621
CTRIA3,954,1,606,602,623
CTRIA3,955,1,606,623,622
CTRIA3,956,1,602,603,624
CTRIA3,957,1,602,624,623
CTRIA3,958,1,613,501,625
CTRIA3,959,1,613,625,614
CTRIA3,960,1,617,618,626
CTRIA3,961,1,617,626,615
CTRIA3,962,1,622,623,627
CTRIA3,963,1,622,627,621
CTRIA3,964,1,623,624,628
CTRIA3,965,1,623,628,627
CTRIA3,966,1,621,627,629
CTRIA3,967,1,621,629,620
CTRIA3,968,1,615,626,630
CTRIA3,969,1,615,630,616
CTRIA3,970,1,618,619,631
CTRIA3,971,1,618,631,626
CTRIA3,972,1,616,630,632
CTRIA3,973,1,624,633,628
CTRIA3,974,1,620,629,634
CTRIA3,975,1,620,634,619
CTRIA3,976,1,619,634,631
CTRIA3,977,1,626,631,635
CTRIA3,978,1,626,635,630
CTRIA3,979,1,630,635,636
CTRIA3,980,1,630,636,632
CTRIA3,981,1,627,628,637
CTRIA3,982,1,627,637,638
CTRIA3,983,1,627,638,629
CTRIA3,984,1,628,633,639
CTRIA3,985,1,628,639,637
CTRIA3,986,1,629,640,634
CTRIA3,987,1,629,638,640
CTRIA3,988,1,632,636,641
CTRIA3,989,1,633,642,639
CTRIA3,990,1,631,634,643
CTRIA3,991,1,631,644,635
CTRIA3,992,1,631,643,644
CTRIA3,993,1,634,640,645
CTRIA3,994,1,634,645,643
CTRIA3,995,1,635,646,636
CTRIA3,996,1,635,644,646
CTRIA3,997,1,637,639,647
CTRIA3,998,1,637,647,648
CTRIA3,999,1,637,648,638
CTRIA3,1000,1,639,642,649
CTRIA3,1001,1,639,649,647
CTRIA3,1002,1,636,646,650
CTRIA3,1003,1,636,650,641
CTRIA3,1004,1,640,638,651
CTRIA3,1005,1,640,651,645
CTRIA3,1006,1,638,648,652
CTRIA3,1007,1,638,652,651
CTRIA3,1008,1,641,650,653
CTRIA3,1009,1,642,654,649
CTRIA3,1010,1,647,649,655
CTRIA3,1011,1,647,655,648
CTRIA3,1012,1,646,644,656
CTRIA3,1013,1,646,656,650
CTRIA3,1014,1,644,643,657
CTRIA3,1015,1,644,657,656
CTRIA3,1016,1,643,645,658
CTRIA3,1017,1,643,658,657
CTRIA3,1018,1,645,651,659
CTRIA3,1019,1,645,659,658
CTRIA3,1020,1,648,655,660
CTRIA3,1021,1,648,660,652
CTRIA3,1022,1,649,654,661
CTRIA3,1023,1,649,661,655
CTRIA3,1024,1,651,652,662
CTRIA3,1025,1,651,662,659
CTRIA3,1026,1,650,656,663
CTRIA3,1027,1,650,663,653
CTRIA3,1028,1,654,664,661
CTRIA3,1029,1,652,660,665
CTRIA3,1030,1,652,665,662
CTRIA3,1031,1,655,661,666
CTRIA3,1032,1,655,666,660
CTRIA3,1033,1,657,658,667
CTRIA3,1034,1,657,668,656
CTRIA3,1035,1,657,667,668
CTRIA3,1036,1,656,668,669
CTRIA3,1037,1,656,669,663
CTRIA3,1038,1,658,659,670
CTRIA3,1039,1,658,670,667
CTRIA3,1040,1,660,666,671
CTRIA3,1041,1,660,671,665
CTRIA3,1042,1,662,665,672
CTRIA3,1043,1,662,673,659
CTRIA3,1044,1,662,672,673
CTRIA3,1045,1,659,673,674
CTRIA3,1046,1,659,674,670
CTRIA3,1047,1,661,664,675
CTRIA3,1048,1,661,675,666
CTRIA3,1049,1,663,669,676
CTRIA3,1050,1,665,671,677
CTRIA3,1051,1,665,677,672
CTRIA3,1052,1,668,667,678
CTRIA3,1053,1,668,678,679
CTRIA3,1054,1,668,679,669
CTRIA3,1055,1,667,670,680
CTRIA3,1056,1,667,680,678
CTRIA3,1057,1,666,675,681
CTRIA3,1058,1,666,681,671
CTRIA3,1059,1,673,672,682
CTRIA3,1060,1,673,682,674
CTRIA3,1061,1,669,679,683
CTRIA3,1062,1,669,683,676
CTRIA3,1063,1,670,674,684
CTRIA3,1064,1,670,684,680
CTRIA3,1065,1,672,677,685
CTRIA3,1066,1,672,685,682
CTRIA3,1067,1,671,681,686
CTRIA3,1068,1,671,686,677
CTRIA3,1069,1,674,682,687
CTRIA3,1070,1,674,687,684
CTRIA3,1071,1,677,686,685
CTRIA3,1072,1,675,688,689
CTRIA3,1073,1,675,689,681
CTRIA3,1074,1,676,683,690
CTRIA3,1075,1,678,680,691
CTRIA3,1076,1,678,691,692
CTRIA3,1077,1,678,692,679
CTRIA3,1078,1,679,692,693
CTRIA3,1079,1,679,693,683
CTRIA3,1080,1,680,684,694
CTRIA3,1081,1,680,694,691
CTRIA3,1082,1,682,685,695
CTRIA3,1083,1,682,695,687
CTRIA3,1084,1,683,693,690
CTRIA3,1085,1,681,689,696
CTRIA3,1086,1,681,696,686
CTRIA3,1087,1,685,686,697
CTRIA3,1088,1,685,697,695
CTRIA3,1089,1,684,687,698
CTRIA3,1090,1,684,698,694
CTRIA3,1091,1,686,696,697
CTRIA3,1092,1,687,695,699
CTRIA3,1093,1,687,699,698
CTRIA3,1094,1,691,694,700
CTRIA3,1095,1,691,700,692
CTRIA3,1096,1,688,701,689
CTRIA3,1097,1,690,693,702
CTRIA3,1098,1,692,700,703
CTRIA3,1099,1,692,703,693
CTRIA3,1100,1,689,701,704
CTRIA3,1101,1,689,704,696
CTRIA3,1102,1,693,703,702
CTRIA3,1103,1,695,697,705
CTRIA3,1104,1,695,705,699
CTRIA3,1105,1,694,698,706
CTRIA3,1106,1,694,706,700
CTRIA3,1107,1,697,696,707
CTRIA3,1108,1,697,707,705
CTRIA3,1109,1,698,699,708
CTRIA3,1110,1,698,708,706
CTRIA3,1111,1,696,704,709
CTRIA3,1112,1,696,709,710
CTRIA3,1113,1,696,710,707
CTRIA3,1114,1,699,705,711
CTRIA3,1115,1,699,711,708
CTRIA3,1116,1,700,706,712
CTRIA3,1117,1,700,712,713
CTRIA3,1118,1,700,713,703
CTRIA3,1119,1,703,713,714
CTRIA3,1120,1,703,714,702
CTRIA3,1121,1,701,715,704
CTRIA3,1122,1,702,714,716
CTRIA3,1123,1,704,715,709
CTRIA3,1124,1,705,707,717
CTRIA3,1125,1,705,717,711
CTRIA3,1126,1,706,708,718
CTRIA3,1127,1,706,718,712
CTRIA3,1128,1,707,710,717
CTRIA3,1129,1,708,711,719
CTRIA3,1130,1,708,719,718
CTRIA3,1131,1,500,720,721
CTRIA3,1132,1,715,722,709
CTRIA3,1133,1,720,723,724
CTRIA3,1134,1,720,725,721
CTRIA3,1135,1,720,724,725
CTRIA3,1136,1,709,726,710
CTRIA3,1137,1,709,722,726
CTRIA3,1138,1,710,727,717
CTRIA3,1139,1,710,726,727
CTRIA3,1140,1,717,728,711
CTRIA3,1141,1,717,727,728
CTRIA3,1142,1,711,728,729
CTRIA3,1143,1,711,729,719
CTRIA3,1144,1,719,729,730
CTRIA3,1145,1,719,731,718
CTRIA3,1146,1,719,730,731
CTRIA3,1147,1,718,732,712
CTRIA3,1148,1,718,731,732
CTRIA3,1149,1,712,732,733
CTRIA3,1150,1,712,733,713
CTRIA3,1151,1,713,734,714
CTRIA3,1152,1,713,733,734
CTRIA3,1153,1,714,734,735
CTRIA3,1154,1,714,735,716
CTRIA3,1155,1,716,735,736
CTRIA3,1156,1,723,498,724
CTRIA3,1157,1,498,737,724
CTRIA3,1158,1,734,733,738
CTRIA3,1159,1,734,738,735
CTRIA3,1160,1,728,727,739
CTRIA3,1161,1,728,739,729
CTRIA3,1162,1,732,731,740
CTRIA3,1163,1,732,740,733
CTRIA3,1164,1,727,726,741
CTRIA3,1165,1,727,741,739
CTRIA3,1166,1,735,738,742
CTRIA3,1167,1,735,742,736
CTRIA3,1168,1,726,722,743
CTRIA3,1169,1,726,743,741
CTRIA3,1170,1,722,744,743
CTRIA3,1171,1,733,740,745
CTRIA3,1172,1,733,745,738
CTRIA3,1173,1,729,739,746
CTRIA3,1174,1,729,746,730
CTRIA3,1175,1,731,730,747
CTRIA3,1176,1,731,747,740
CTRIA3,1177,1,738,745,748
CTRIA3,1178,1,738,748,742
CTRIA3,1179,1,739,741,749
CTRIA3,1180,1,739,749,746
CTRIA3,1181,1,730,746,750
CTRIA3,1182,1,730,750,747
CTRIA3,1183,1,741,743,751
CTRIA3,1184,1,741,751,749
CTRIA3,1185,1,740,747,752
CTRIA3,1186,1,740,752,745
CTRIA3,1187,1,743,744,753
CTRIA3,1188,1,743,753,751
CTRIA3,1189,1,742,748,754
CTRIA3,1190,1,746,749,755
CTRIA3,1191,1,746,755,750
CTRIA3,1192,1,745,752,756
CTRIA3,1193,1,745,756,748
CTRIA3,1194,1,748,756,754
CTRIA3,1195,1,747,750,757
CTRIA3,1196,1,747,757,752
CTRIA3,1197,1,749,751,758
CTRIA3,1198,1,749,758,755
CTRIA3,1199,1,751,753,759
CTRIA3,1200,1,751,759,758
CTRIA3,1201,1,754,756,760
CTRIA3,1202,1,753,761,759
CTRIA3,1203,1,750,755,762
CTRIA3,1204,1,750,762,757
CTRIA3,1205,1,752,757,763
CTRIA3,1206,1,752,763,756
CTRIA3,1207,1,756,763,764
CTRIA3,1208,1,756,764,760
CTRIA3,1209,1,755,758,765
CTRIA3,1210,1,755,765,762
CTRIA3,1211,1,761,766,759
CTRIA3,1212,1,758,759,767
CTRIA3,1213,1,758,767,765
CTRIA3,1214,1,759,766,767
CTRIA3,1215,1,757,762,768
CTRIA3,1216,1,757,769,763
CTRIA3,1217,1,757,768,769
CTRIA3,1218,1,762,765,770
CTRIA3,1219,1,762,770,768
CTRIA3,1220,1,763,771,764
CTRIA3,1221,1,763,769,772
CTRIA3,1222,1,763,772,771
CTRIA3,1223,1,766,773,767
CTRIA3,1224,1,765,767,774
CTRIA3,1225,1,765,774,770
CTRIA3,1226,1,767,773,775
CTRIA3,1227,1,767,775,774
CTRIA3,1228,1,771,772,776
CTRIA3,1229,1,769,768,777
CTRIA3,1230,1,769,778,772
CTRIA3,1231,1,769,777,778
CTRIA3,1232,1,773,779,775
CTRIA3,1233,1,768,770,780
CTRIA3,1234,1,768,780,777
CTRIA3,1235,1,772,778,776
CTRIA3,1236,1,770,774,781
CTRIA3,1237,1,770,781,780
CTRIA3,1238,1,774,775,782
CTRIA3,1239,1,774,782,781
CTRIA3,1240,1,775,779,783
CTRIA3,1241,1,775,783,782
CTRIA3,1242,1,776,778,784
CTRIA3,1243,1,778,777,785
CTRIA3,1244,1,778,785,784
CTRIA3,1245,1,777,780,786
CTRIA3,1246,1,777,786,785
CTRIA3,1247,1,780,781,787
CTRIA3,1248,1,780,787,786
CTRIA3,1249,1,784,785,788
CTRIA3,1250,1,782,783,789
CTRIA3,1251,1,782,789,790
CTRIA3,1252,1,782,790,781
CTRIA3,1253,1,781,790,791
CTRIA3,1254,1,781,791,787
CTRIA3,1255,1,785,786,792
CTRIA3,1256,1,785,792,788
CTRIA3,1257,1,786,787,793
CTRIA3,1258,1,786,793,792
CTRIA3,1259,1,788,792,794
CTRIA3,1260,1,787,791,795
CTRIA3,1261,1,787,795,793
CTRIA3,1262,1,789,796,790
CTRIA3,1263,1,792,793,797
CTRIA3,1264,1,792,797,794
CTRIA3,1265,1,790,796,798
CTRIA3,1266,1,790,798,791
CTRIA3,1267,1,793,795,799
CTRIA3,1268,1,793,799,797
CTRIA3,1269,1,791,798,800
CTRIA3,1270,1,791,800,795
CTRIA3,1271,1,794,797,801
CTRIA3,1272,1,796,802,798
CTRIA3,1273,1,797,803,801
CTRIA3,1274,1,797,799,803
CTRIA3,1275,1,795,800,804
CTRIA3,1276,1,795,804,799
CTRIA3,1277,1,798,802,805
CTRIA3,1278,1,798,805,800
CTRIA3,1279,1,801,803,806
CTRIA3,1280,1,803,799,807
CTRIA3,1281,1,803,807,806
CTRIA3,1282,1,799,804,808
CTRIA3,1283,1,799,808,807
CTRIA3,1284,1,800,805,809
CTRIA3,1285,1,800,809,804
CTRIA3,1286,1,806,807,810
CTRIA3,1287,1,805,811,809
CTRIA3,1288,1,807,808,812
CTRIA3,1289,1,807,812,810
CTRIA3,1290,1,804,809,813
CTRIA3,1291,1,804,813,814
CTRIA3,1292,1,804,814,808
CTRIA3,1293,1,809,811,813
CTRIA3,1294,1,808,814,815
CTRIA3,1295,1,808,815,812
CTRIA3,1296,1,810,812,816
CTRIA3,1297,1,811,817,813
CTRIA3,1298,1,812,815,816
CTRIA3,1299,1,813,817,818
CTRIA3,1300,1,813,818,814
CTRIA3,1301,1,816,815,819
CTRIA3,1302,1,814,818,820
CTRIA3,1303,1,814,821,815
CTRIA3,1304,1,814,820,821
CTRIA3,1305,1,815,821,819
CTRIA3,1306,1,817,822,818
CTRIA3,1307,1,818,822,823
CTRIA3,1308,1,818,823,820
CTRIA3,1309,1,821,820,824
CTRIA3,1310,1,821,824,819
CTRIA3,1311,1,820,823,825
CTRIA3,1312,1,820,825,824
CTRIA3,1313,1,824,825,826
CTRIA3,1314,1,823,827,825
CTRIA3,1315,1,825,827,828
CTRIA3,1316,1,825,829,826
CTRIA3,1317,1,825,828,829
CTRIA3,1318,1,721,830,831
CTRIA3,1319,1,625,832,833
CTRIA3,1320,1,625,833,834
CTRIA3,1321,1,834,835,836
CTRIA3,1322,1,834,833,835
CTRIA3,1323,1,830,837,838
CTRIA3,1324,1,830,838,831
CTRIA3,1325,1,612,836,839
CTRIA3,1326,1,737,840,837
CTRIA3,1327,1,837,840,838
CTRIA3,1328,1,836,835,839
CTRIA3,1329,1,835,833,841
CTRIA3,1330,1,835,842,839
CTRIA3,1331,1,835,841,842
CTRIA3,1332,1,838,840,843
CTRIA3,1333,1,838,843,844
CTRIA3,1334,1,838,844,831
CTRIA3,1335,1,831,844,845
CTRIA3,1336,1,832,846,833
CTRIA3,1337,1,833,846,841
CTRIA3,1338,1,839,842,847
CTRIA3,1339,1,840,848,843
CTRIA3,1340,1,849,850,851
CTRIA3,1341,1,849,851,852
CTRIA3,1342,1,853,854,855
CTRIA3,1343,1,853,855,856
CTRIA3,1344,1,842,841,857
CTRIA3,1345,1,842,857,847
CTRIA3,1346,1,843,848,858
CTRIA3,1347,1,843,858,844
CTRIA3,1348,1,844,858,859
CTRIA3,1349,1,844,859,845
CTRIA3,1350,1,841,846,860
CTRIA3,1351,1,841,860,861
CTRIA3,1352,1,841,861,857
CTRIA3,1353,1,845,859,862
CTRIA3,1354,1,846,863,860
CTRIA3,1355,1,847,857,864
CTRIA3,1356,1,848,865,858
CTRIA3,1357,1,850,866,851
CTRIA3,1358,1,856,855,867
CTRIA3,1359,1,852,851,868
CTRIA3,1360,1,852,868,869
CTRIA3,1361,1,854,870,855
CTRIA3,1362,1,857,861,871
CTRIA3,1363,1,857,871,864
CTRIA3,1364,1,851,866,868
CTRIA3,1365,1,860,863,872
CTRIA3,1366,1,860,872,861
CTRIA3,1367,1,858,865,873
CTRIA3,1368,1,858,874,859
CTRIA3,1369,1,858,873,874
CTRIA3,1370,1,859,874,875
CTRIA3,1371,1,859,875,862
CTRIA3,1372,1,855,870,876
CTRIA3,1373,1,855,876,877
CTRIA3,1374,1,855,877,867
CTRIA3,1375,1,863,878,872
CTRIA3,1376,1,862,875,879
CTRIA3,1377,1,861,872,880
CTRIA3,1378,1,861,880,871
CTRIA3,1379,1,864,871,881
CTRIA3,1380,1,866,882,868
CTRIA3,1381,1,866,883,882
CTRIA3,1382,1,867,877,884
CTRIA3,1383,1,869,868,885
CTRIA3,1384,1,869,885,886
CTRIA3,1385,1,870,887,876
CTRIA3,1386,1,868,882,885
CTRIA3,1387,1,871,880,888
CTRIA3,1388,1,871,888,881
CTRIA3,1389,1,872,878,889
CTRIA3,1390,1,872,889,880
CTRIA3,1391,1,874,873,890
CTRIA3,1392,1,874,890,891
CTRIA3,1393,1,874,891,875
CTRIA3,1394,1,882,883,892
CTRIA3,1395,1,882,892,885
CTRIA3,1396,1,880,889,893
CTRIA3,1397,1,880,893,888
CTRIA3,1398,1,878,894,889
CTRIA3,1399,1,879,875,895
CTRIA3,1400,1,881,888,896
CTRIA3,1401,1,873,897,890
CTRIA3,1402,1,875,891,895
CTRIA3,1403,1,876,887,898
CTRIA3,1404,1,876,899,877
CTRIA3,1405,1,876,898,899
CTRIA3,1406,1,877,899,900
CTRIA3,1407,1,877,900,884
CTRIA3,1408,1,883,901,892
CTRIA3,1409,1,885,892,902
CTRIA3,1410,1,885,902,886
CTRIA3,1411,1,886,902,903
CTRIA3,1412,1,887,904,898
CTRIA3,1413,1,889,894,893
CTRIA3,1414,1,888,893,905
CTRIA3,1415,1,888,905,896
CTRIA3,1416,1,890,897,906
CTRIA3,1417,1,890,906,891
CTRIA3,1418,1,892,901,907
CTRIA3,1419,1,892,907,902
CTRIA3,1420,1,891,906,908
CTRIA3,1421,1,891,909,895
CTRIA3,1422,1,891,908,909
CTRIA3,1423,1,893,894,910
CTRIA3,1424,1,893,910,905
CTRIA3,1425,1,894,911,910
CTRIA3,1426,1,896,905,912
CTRIA3,1427,1,897,913,906
CTRIA3,1428,1,899,898,914
CTRIA3,1429,1,899,914,915
CTRIA3,1430,1,899,915,900
CTRIA3,1431,1,901,916,907
CTRIA3,1432,1,900,915,917
CTRIA3,1433,1,898,904,918
CTRIA3,1434,1,898,918,914
CTRIA3,1435,1,903,902,919
CTRIA3,1436,1,903,919,920
CTRIA3,1437,1,904,921,918
CTRIA3,1438,1,902,907,922
CTRIA3,1439,1,902,922,919
CTRIA3,1440,1,905,910,923
CTRIA3,1441,1,905,923,912
CTRIA3,1442,1,906,913,924
CTRIA3,1443,1,906,924,908
CTRIA3,1444,1,907,916,925
CTRIA3,1445,1,907,925,922
CTRIA3,1446,1,910,911,926
CTRIA3,1447,1,910,926,923
CTRIA3,1448,1,914,918,927
CTRIA3,1449,1,914,927,915
CTRIA3,1450,1,915,928,917
CTRIA3,1451,1,915,927,928
CTRIA3,1452,1,912,923,929
CTRIA3,1453,1,913,930,924
CTRIA3,1454,1,911,931,926
CTRIA3,1455,1,909,908,932
CTRIA3,1456,1,916,933,925
CTRIA3,1457,1,917,928,934
CTRIA3,1458,1,920,919,935
CTRIA3,1459,1,921,936,937
CTRIA3,1460,1,921,937,918
CTRIA3,1461,1,908,924,938
CTRIA3,1462,1,908,938,932
CTRIA3,1463,1,918,937,927
CTRIA3,1464,1,919,922,939
CTRIA3,1465,1,919,939,940
CTRIA3,1466,1,919,940,935
CTRIA3,1467,1,922,925,941
CTRIA3,1468,1,922,941,939
CTRIA3,1469,1,925,933,941
CTRIA3,1470,1,923,926,942
CTRIA3,1471,1,923,942,929
CTRIA3,1472,1,924,930,943
CTRIA3,1473,1,924,943,938
CTRIA3,1474,1,928,927,944
CTRIA3,1475,1,928,944,934
CTRIA3,1476,1,926,931,945
CTRIA3,1477,1,926,945,942
CTRIA3,1478,1,929,942,946
CTRIA3,1479,1,930,947,943
CTRIA3,1480,1,931,948,945
CTRIA3,1481,1,932,938,949
CTRIA3,1482,1,927,937,950
CTRIA3,1483,1,927,950,944
CTRIA3,1484,1,933,951,952
CTRIA3,1485,1,933,952,941
CTRIA3,1486,1,934,944,953
CTRIA3,1487,1,939,941,954
CTRIA3,1488,1,939,954,940
CTRIA3,1489,1,935,940,955
CTRIA3,1490,1,936,956,937
CTRIA3,1491,1,936,957,956
CTRIA3,1492,1,941,952,954
CTRIA3,1493,1,937,956,950
CTRIA3,1494,1,940,958,955
CTRIA3,1495,1,940,954,958
CTRIA3,1496,1,946,959,960
CTRIA3,1497,1,946,960,961
CTRIA3,1498,1,959,962,960
CTRIA3,1499,1,963,947,964
CTRIA3,1500,1,963,964,965
CTRIA3,1501,1,947,966,964
CTRIA3,1502,1,962,948,967
CTRIA3,1503,1,962,967,960
CTRIA3,1504,1,965,968,949
CTRIA3,1505,1,965,964,968
CTRIA3,1506,1,948,969,967
CTRIA3,1507,1,949,968,970
CTRIA3,1508,1,951,971,952
CTRIA3,1509,1,952,971,972
CTRIA3,1510,1,952,972,954
CTRIA3,1511,1,958,954,973
CTRIA3,1512,1,958,974,955
CTRIA3,1513,1,958,973,975
CTRIA3,1514,1,958,975,974
CTRIA3,1515,1,953,944,976
CTRIA3,1516,1,953,976,977
CTRIA3,1517,1,944,950,976
CTRIA3,1518,1,956,957,978
CTRIA3,1519,1,956,978,979
CTRIA3,1520,1,956,980,950
CTRIA3,1521,1,956,979,980
CTRIA3,1522,1,951,981,952
CTRIA3,1523,1,951,982,981
CTRIA3,1524,1,983,984,985
CTRIA3,1525,1,983,985,986
CTRIA3,1526,1,952,981,987
CTRIA3,1527,1,952,987,988
CTRIA3,1528,1,984,989,990
CTRIA3,1529,1,984,990,985
CTRIA3,1530,1,989,991,992
CTRIA3,1531,1,989,992,993
CTRIA3,1532,1,989,993,990
CTRIA3,1533,1,988,987,994
CTRIA3,1534,1,988,994,958
CTRIA3,1535,1,954,972,973
CTRIA3,1536,1,991,995,992
CTRIA3,1537,1,958,994,996
CTRIA3,1538,1,958,996,997
CTRIA3,1539,1,995,998,992
CTRIA3,1540,1,997,996,999
CTRIA3,1541,1,981,982,1000
CTRIA3,1542,1,981,1000,987
CTRIA3,1543,1,987,1000,1001
CTRIA3,1544,1,987,1001,994
CTRIA3,1545,1,994,1001,1002
CTRIA3,1546,1,994,1002,996
CTRIA3,1547,1,999,996,1003
CTRIA3,1548,1,982,1004,1000
CTRIA3,1549,1,996,1002,1005
CTRIA3,1550,1,996,1005,1003
CTRIA3,1551,1,1000,1004,1006
CTRIA3,1552,1,1000,1006,1001
CTRIA3,1553,1,1001,1006,1007
CTRIA3,1554,1,1001,1007,1002
CTRIA3,1555,1,1002,1007,1005
CTRIA3,1556,1,1003,1005,1008
CTRIA3,1557,1,1003,1008,1009
CTRIA3,1558,1,1004,1010,1006
CTRIA3,1559,1,1005,1007,1011
CTRIA3,1560,1,1005,1011,1008
CTRIA3,1561,1,1006,1010,1012
CTRIA3,1562,1,1006,1012,1007
CTRIA3,1563,1,1007,1012,1011
CTRIA3,1564,1,1009,1008,1013
CTRIA3,1565,1,1010,1014,1012
CTRIA3,1566,1,1010,1015,1014
CTRIA3,1567,1,1008,1011,1016
CTRIA3,1568,1,1008,1016,1013
CTRIA3,1569,1,1012,1014,1017
CTRIA3,1570,1,1012,1017,1011
CTRIA3,1571,1,1011,1017,1018
CTRIA3,1572,1,1011,1018,1016
CTRIA3,1573,1,1013,1016,1019
CTRIA3,1574,1,1014,1015,1020
CTRIA3,1575,1,1014,1020,1017
CTRIA3,1576,1,1015,1021,1020
CTRIA3,1577,1,1016,1018,1022
CTRIA3,1578,1,1016,1022,1019
CTRIA3,1579,1,1017,1020,1023
CTRIA3,1580,1,1017,1023,1018
CTRIA3,1581,1,1019,1022,1024
CTRIA3,1582,1,1019,1024,1025
CTRIA3,1583,1,1020,1021,1026
CTRIA3,1584,1,1020,1026,1023
CTRIA3,1585,1,1021,1027,1026
CTRIA3,1586,1,1018,1023,1028
CTRIA3,1587,1,1018,1028,1022
CTRIA3,1588,1,1025,1024,1029
CTRIA3,1589,1,1022,1030,1024
CTRIA3,1590,1,1022,1028,1030
CTRIA3,1591,1,1026,1027,1031
CTRIA3,1592,1,1026,1032,1023
CTRIA3,1593,1,1026,1031,1032
CTRIA3,1594,1,1027,1033,1031
CTRIA3,1595,1,1024,1030,1029
CTRIA3,1596,1,1023,1032,1034
CTRIA3,1597,1,1023,1034,1028
CTRIA3,1598,1,1029,1030,1035
CTRIA3,1599,1,1032,1031,1036
CTRIA3,1600,1,1032,1036,1034
CTRIA3,1601,1,1030,1028,1037
CTRIA3,1602,1,1030,1037,1035
CTRIA3,1603,1,1031,1033,1038
CTRIA3,1604,1,1031,1038,1036
CTRIA3,1605,1,1028,1034,1039
CTRIA3,1606,1,1028,1039,1037
CTRIA3,1607,1,1034,1036,1040
CTRIA3,1608,1,1034,1040,1039
CTRIA3,1609,1,1035,1037,1041
CTRIA3,1610,1,1036,1038,1042
CTRIA3,1611,1,1036,1042,1040
CTRIA3,1612,1,1038,1043,1042
CTRIA3,1613,1,1037,1039,1044
CTRIA3,1614,1,1037,1045,1041
CTRIA3,1615,1,1037,1044,1045
CTRIA3,1616,1,1041,1045,1046
CTRIA3,1617,1,1040,1042,1047
CTRIA3,1618,1,1040,1047,1048
CTRIA3,1619,1,1040,1048,1039
CTRIA3,1620,1,1042,1043,1049
CTRIA3,1621,1,1042,1049,1047
CTRIA3,1622,1,1039,1048,1050
CTRIA3,1623,1,1039,1050,1044
CTRIA3,1624,1,1043,1051,1049
CTRIA3,1625,1,1045,1044,1052
CTRIA3,1626,1,1045,1052,1046
CTRIA3,1627,1,1046,1052,1053
CTRIA3,1628,1,1049,1051,1054
CTRIA3,1629,1,1049,1054,1055
CTRIA3,1630,1,1049,1055,1047
CTRIA3,1631,1,1047,1055,1056
CTRIA3,1632,1,1047,1056,1048
CTRIA3,1633,1,1044,1050,1057
CTRIA3,1634,1,1044,1057,1052
CTRIA3,1635,1,1048,1056,1058
CTRIA3,1636,1,1048,1058,1050
CTRIA3,1637,1,1051,1059,1054
CTRIA3,1638,1,1054,1059,1060
CTRIA3,1639,1,1054,1060,1055
CTRIA3,1640,1,1050,1058,1061
CTRIA3,1641,1,1050,1061,1057
CTRIA3,1642,1,1053,1052,1062
CTRIA3,1643,1,1052,1057,1063
CTRIA3,1644,1,1052,1063,1062
CTRIA3,1645,1,1055,1060,1064
CTRIA3,1646,1,1055,1064,1065
CTRIA3,1647,1,1055,1065,1056
CTRIA3,1648,1,1056,1066,1058
CTRIA3,1649,1,1056,1065,1066
CTRIA3,1650,1,1059,1067,1060
CTRIA3,1651,1,1058,1066,1061
CTRIA3,1652,1,1057,1061,1068
CTRIA3,1653,1,1057,1068,1063
CTRIA3,1654,1,1060,1067,1069
CTRIA3,1655,1,1060,1069,1064
CTRIA3,1656,1,1062,1063,1070
CTRIA3,1657,1,1061,1066,1071
CTRIA3,1658,1,1061,1072,1068
CTRIA3,1659,1,1061,1071,1072
CTRIA3,1660,1,1067,1073,1069
CTRIA3,1661,1,1064,1069,1074
CTRIA3,1662,1,1064,1074,1065
CTRIA3,1663,1,1063,1068,1075
CTRIA3,1664,1,1063,1076,1070
CTRIA3,1665,1,1063,1075,1076
CTRIA3,1666,1,1066,1065,1077
CTRIA3,1667,1,1066,1077,1071
CTRIA3,1668,1,1065,1074,1077
CTRIA3,1669,1,1068,1072,1075
CTRIA3,1670,1,1069,1073,1078
CTRIA3,1671,1,1069,1078,1074
CTRIA3,1672,1,1073,1079,1078
CTRIA3,1673,1,1072,1071,1080
CTRIA3,1674,1,1072,1080,1075
CTRIA3,1675,1,1076,1075,1081
CTRIA3,1676,1,1076,1081,1082
CTRIA3,1677,1,1071,1077,1080
CTRIA3,1678,1,1074,1078,1083
CTRIA3,1679,1,1074,1083,1077
CTRIA3,1680,1,1075,1080,1084
CTRIA3,1681,1,1075,1084,1081
CTRIA3,1682,1,1078,1079,1085
CTRIA3,1683,1,1078,1085,1083
CTRIA3,1684,1,1079,1086,1085
CTRIA3,1685,1,1077,1083,1087
CTRIA3,1686,1,1077,1088,1080
CTRIA3,1687,1,1077,1087,1088
CTRIA3,1688,1,1082,1081,1089
CTRIA3,1689,1,1080,1088,1090
CTRIA3,1690,1,1080,1090,1084
CTRIA3,1691,1,1081,1084,1091
CTRIA3,1692,1,1081,1091,1089
CTRIA3,1693,1,1083,1085,1092
CTRIA3,1694,1,1083,1092,1093
CTRIA3,1695,1,1083,1093,1087
CTRIA3,1696,1,1085,1086,1094
CTRIA3,1697,1,1085,1094,1092
CTRIA3,1698,1,1086,1095,1094
CTRIA3,1699,1,1084,1090,1096
CTRIA3,1700,1,1084,1096,1091
CTRIA3,1701,1,1089,1091,1097
CTRIA3,1702,1,1089,1097,1098
CTRIA3,1703,1,1088,1087,1099
CTRIA3,1704,1,1088,1100,1090
CTRIA3,1705,1,1088,1099,1100
CTRIA3,1706,1,1090,1100,1096
CTRIA3,1707,1,1087,1093,1101
CTRIA3,1708,1,1087,1101,1099
CTRIA3,1709,1,1091,1096,1102
CTRIA3,1710,1,1091,1102,1097
CTRIA3,1711,1,1094,1095,1103
CTRIA3,1712,1,1094,1104,1092
CTRIA3,1713,1,1094,1103,1104
CTRIA3,1714,1,1092,1104,1105
CTRIA3,1715,1,1092,1105,1093
CTRIA3,1716,1,1095,1106,1103
CTRIA3,1717,1,1097,1102,1098
CTRIA3,1718,1,1098,1102,1107
CTRIA3,1719,1,1093,1105,1108
CTRIA3,1720,1,1093,1108,1101
CTRIA3,1721,1,1096,1100,1109
CTRIA3,1722,1,1096,1109,1102
CTRIA3,1723,1,1104,1103,1110
CTRIA3,1724,1,1104,1111,1105
CTRIA3,1725,1,1104,1110,1111
CTRIA3,1726,1,1103,1106,1112
CTRIA3,1727,1,1103,1112,1110
CTRIA3,1728,1,1105,1111,1108
CTRIA3,1729,1,1100,1099,1113
CTRIA3,1730,1,1100,1113,1109
CTRIA3,1731,1,1106,1114,1112
CTRIA3,1732,1,1099,1101,1115
CTRIA3,1733,1,1099,1115,1116
CTRIA3,1734,1,1099,1116,1113
CTRIA3,1735,1,1101,1108,1117
CTRIA3,1736,1,1101,1117,1115
CTRIA3,1737,1,1102,1109,1118
CTRIA3,1738,1,1102,1118,1107
CTRIA3,1739,1,1107,1118,1119
CTRIA3,1740,1,1108,1111,1120
CTRIA3,1741,1,1108,1120,1117
CTRIA3,1742,1,1111,1110,1121
CTRIA3,1743,1,1111,1121,1120
CTRIA3,1744,1,1110,1112,1122
CTRIA3,1745,1,1110,1122,1121
CTRIA3,1746,1,1112,1114,1122
CTRIA3,1747,1,1109,1113,1123
CTRIA3,1748,1,1109,1124,1118
CTRIA3,1749,1,1109,1123,1124
CTRIA3,1750,1,1113,1116,1125
CTRIA3,1751,1,1113,1125,1123
CTRIA3,1752,1,1114,1126,1122
CTRIA3,1753,1,1114,1127,1126
CTRIA3,1754,1,1115,1117,1128
CTRIA3,1755,1,1115,1129,1116
CTRIA3,1756,1,1115,1128,1129
CTRIA3,1757,1,1119,1118,1130
CTRIA3,1758,1,1119,1130,1131
CTRIA3,1759,1,1118,1124,1130
CTRIA3,1760,1,1117,1120,1132
CTRIA3,1761,1,1117,1132,1128
CTRIA3,1762,1,1120,1121,1133
CTRIA3,1763,1,1120,1133,1132
CTRIA3,1764,1,1116,1129,1125
CTRIA3,1765,1,1122,1134,1121
CTRIA3,1766,1,1122,1126,1134
CTRIA3,1767,1,1121,1134,1133
CTRIA3,1768,1,961,1135,1136
CTRIA3,1769,1,961,1136,1137
CTRIA3,1770,1,1135,1138,1136
CTRIA3,1771,1,1131,1130,1139
CTRIA3,1772,1,1131,1139,1140
CTRIA3,1773,1,1130,1124,1141
CTRIA3,1774,1,1130,1141,1139
CTRIA3,1775,1,1124,1123,1142
CTRIA3,1776,1,1124,1142,1141
CTRIA3,1777,1,1123,1125,1143
CTRIA3,1778,1,1123,1143,1142
CTRIA3,1779,1,1125,1129,1144
CTRIA3,1780,1,1125,1144,1143
CTRIA3,1781,1,1129,1128,1145
CTRIA3,1782,1,1129,1145,1146
CTRIA3,1783,1,1129,1146,1144
CTRIA3,1784,1,1128,1132,1147
CTRIA3,1785,1,1128,1147,1145
CTRIA3,1786,1,1132,1133,1148
CTRIA3,1787,1,1132,1148,1147
CTRIA3,1788,1,1133,1134,1148
CTRIA3,1789,1,1138,969,1149
CTRIA3,1790,1,1138,1149,1150
CTRIA3,1791,1,1138,1150,1136
CTRIA3,1792,1,1134,1126,1151
CTRIA3,1793,1,1134,1151,1152
CTRIA3,1794,1,1134,1153,1148
CTRIA3,1795,1,1134,1152,1153
CTRIA3,1796,1,1126,1127,1151
CTRIA3,1797,1,1127,1154,1151
CTRIA3,1798,1,1148,1153,1147
CTRIA3,1799,1,1142,1143,1155
CTRIA3,1800,1,1142,1155,1156
CTRIA3,1801,1,1142,1156,1141
CTRIA3,1802,1,1151,1154,1157
CTRIA3,1803,1,1151,1157,1152
CTRIA3,1804,1,1143,1144,1158
CTRIA3,1805,1,1143,1158,1155
CTRIA3,1806,1,1147,1153,1159
CTRIA3,1807,1,1147,1159,1145
CTRIA3,1808,1,1141,1156,1160
CTRIA3,1809,1,1141,1160,1139
CTRIA3,1810,1,1140,1139,1161
CTRIA3,1811,1,1154,1162,1157
CTRIA3,1812,1,1139,1160,1161
CTRIA3,1813,1,1145,1159,1163
CTRIA3,1814,1,1145,1163,1146
CTRIA3,1815,1,1153,1152,1164
CTRIA3,1816,1,1153,1164,1159
CTRIA3,1817,1,1144,1146,1165
CTRIA3,1818,1,1144,1165,1158
CTRIA3,1819,1,1152,1157,1166
CTRIA3,1820,1,1152,1166,1164
CTRIA3,1821,1,1155,1158,1167
CTRIA3,1822,1,1155,1167,1156
CTRIA3,1823,1,1146,1163,1168
CTRIA3,1824,1,1146,1168,1165
CTRIA3,1825,1,1156,1167,1169
CTRIA3,1826,1,1156,1169,1160
CTRIA3,1827,1,1157,1162,1170
CTRIA3,1828,1,1157,1170,1166
CTRIA3,1829,1,1159,1164,1171
CTRIA3,1830,1,1159,1171,1163
CTRIA3,1831,1,1158,1165,1172
CTRIA3,1832,1,1158,1172,1167
CTRIA3,1833,1,1160,1169,1173
CTRIA3,1834,1,1160,1173,1161
CTRIA3,1835,1,1161,1173,1174
CTRIA3,1836,1,1162,1175,1170
CTRIA3,1837,1,1164,1166,1176
CTRIA3,1838,1,1164,1176,1171
CTRIA3,1839,1,1165,1168,1177
CTRIA3,1840,1,1165,1177,1172
CTRIA3,1841,1,1163,1171,1178
CTRIA3,1842,1,1163,1178,1168
CTRIA3,1843,1,1167,1172,1179
CTRIA3,1844,1,1167,1179,1169
CTRIA3,1845,1,1166,1170,1180
CTRIA3,1846,1,1166,1180,1176
CTRIA3,1847,1,1170,1175,1181
CTRIA3,1848,1,1170,1181,1180
CTRIA3,1849,1,1169,1179,1182
CTRIA3,1850,1,1169,1183,1173
CTRIA3,1851,1,1169,1182,1183
CTRIA3,1852,1,1172,1177,1184
CTRIA3,1853,1,1172,1184,1179
CTRIA3,1854,1,1171,1176,1185
CTRIA3,1855,1,1171,1185,1178
CTRIA3,1856,1,1168,1178,1186
CTRIA3,1857,1,1168,1186,1177
CTRIA3,1858,1,1173,1187,1174
CTRIA3,1859,1,1173,1183,1187
CTRIA3,1860,1,1174,1187,1188
CTRIA3,1861,1,1175,1189,1181
CTRIA3,1862,1,1176,1180,1190
CTRIA3,1863,1,1176,1190,1185
CTRIA3,1864,1,1178,1185,1191
CTRIA3,1865,1,1178,1191,1186
CTRIA3,1866,1,1177,1186,1192
CTRIA3,1867,1,1177,1192,1184
CTRIA3,1868,1,1179,1184,1193
CTRIA3,1869,1,1179,1193,1182
CTRIA3,1870,1,1180,1181,1194
CTRIA3,1871,1,1180,1194,1190
CTRIA3,1872,1,1181,1189,1194
CTRIA3,1873,1,1187,1183,1195
CTRIA3,1874,1,1187,1195,1188
CTRIA3,1875,1,1183,1182,1196
CTRIA3,1876,1,1183,1196,1195
CTRIA3,1877,1,1185,1190,1197
CTRIA3,1878,1,1185,1197,1191
CTRIA3,1879,1,1186,1191,1198
CTRIA3,1880,1,1186,1198,1192
CTRIA3,1881,1,1182,1193,1199
CTRIA3,1882,1,1182,1199,1196
CTRIA3,1883,1,1184,1192,1200
CTRIA3,1884,1,1184,1200,1193
CTRIA3,1885,1,1190,1194,1201
CTRIA3,1886,1,1190,1201,1197
CTRIA3,1887,1,1188,1195,1202
CTRIA3,1888,1,1189,1203,1194
CTRIA3,1889,1,1189,1204,1203
CTRIA3,1890,1,1194,1203,1201
CTRIA3,1891,1,1191,1197,1205
CTRIA3,1892,1,1191,1205,1198
CTRIA3,1893,1,1195,1196,1206
CTRIA3,1894,1,1195,1206,1202
CTRIA3,1895,1,1192,1198,1207
CTRIA3,1896,1,1192,1207,1200
CTRIA3,1897,1,1193,1200,1208
CTRIA3,1898,1,1193,1209,1199
CTRIA3,1899,1,1193,1208,1209
CTRIA3,1900,1,1196,1199,1210
CTRIA3,1901,1,1196,1210,1206
CTRIA3,1902,1,1197,1201,1211
CTRIA3,1903,1,1197,1211,1205
CTRIA3,1904,1,1198,1205,1212
CTRIA3,1905,1,1198,1212,1207
CTRIA3,1906,1,1201,1203,1213
CTRIA3,1907,1,1201,1213,1211
CTRIA3,1908,1,1199,1209,1214
CTRIA3,1909,1,1199,1214,1210
CTRIA3,1910,1,1203,1204,1215
CTRIA3,1911,1,1203,1215,1213
CTRIA3,1912,1,1200,1207,1216
CTRIA3,1913,1,1200,1216,1208
CTRIA3,1914,1,1206,1210,1217
CTRIA3,1915,1,1206,1217,1202
CTRIA3,1916,1,1204,1218,1215
CTRIA3,1917,1,1202,1217,1219
CTRIA3,1918,1,1207,1212,1220
CTRIA3,1919,1,1207,1220,1216
CTRIA3,1920,1,1205,1211,1221
CTRIA3,1921,1,1205,1222,1212
CTRIA3,1922,1,1205,1221,1222
CTRIA3,1923,1,1209,1208,1223
CTRIA3,1924,1,1209,1223,1214
CTRIA3,1925,1,1210,1214,1224
CTRIA3,1926,1,1210,1224,1217
CTRIA3,1927,1,1208,1216,1225
CTRIA3,1928,1,1208,1225,1223
CTRIA3,1929,1,1211,1213,1226
CTRIA3,1930,1,1211,1226,1221
CTRIA3,1931,1,1212,1222,1220
CTRIA3,1932,1,1215,1218,1227
CTRIA3,1933,1,1215,1227,1213
CTRIA3,1934,1,1213,1227,1226
CTRIA3,1935,1,1216,1220,1228
CTRIA3,1936,1,1216,1228,1225
CTRIA3,1937,1,1214,1223,1229
CTRIA3,1938,1,1214,1229,1224
CTRIA3,1939,1,1217,1224,1230
CTRIA3,1940,1,1217,1231,1219
CTRIA3,1941,1,1217,1230,1231
CTRIA3,1942,1,1218,1232,1227
CTRIA3,1943,1,1220,1222,1233
CTRIA3,1944,1,1220,1233,1228
CTRIA3,1945,1,1223,1225,1234
CTRIA3,1946,1,1223,1234,1229
CTRIA3,1947,1,1225,1228,1234
CTRIA3,1948,1,1222,1221,1235
CTRIA3,1949,1,1222,1235,1233
CTRIA3,1950,1,1221,1226,1236
CTRIA3,1951,1,1221,1236,1235
CTRIA3,1952,1,1227,1232,1237
CTRIA3,1953,1,1227,1237,1226
CTRIA3,1954,1,1226,1237,1238
CTRIA3,1955,1,1226,1238,1236
CTRIA3,1956,1,1224,1229,1239
CTRIA3,1957,1,1224,1239,1230
CTRIA3,1958,1,1228,1233,1240
CTRIA3,1959,1,1228,1240,1234
CTRIA3,1960,1,1229,1234,1241
CTRIA3,1961,1,1229,1241,1242
CTRIA3,1962,1,1229,1242,1239
CTRIA3,1963,1,1232,1243,1237
CTRIA3,1964,1,1232,1244,1243
CTRIA3,1965,1,1231,1230,1245
CTRIA3,1966,1,1233,1235,1246
CTRIA3,1967,1,1233,1246,1240
CTRIA3,1968,1,1234,1240,1241
CTRIA3,1969,1,1237,1243,1247
CTRIA3,1970,1,1237,1247,1238
CTRIA3,1971,1,1230,1239,1248
CTRIA3,1972,1,1230,1248,1245
CTRIA3,1973,1,1235,1236,1249
CTRIA3,1974,1,1235,1249,1246
CTRIA3,1975,1,1236,1238,1250
CTRIA3,1976,1,1236,1250,1249
CTRIA3,1977,1,1238,1247,1250
CTRIA3,1978,1,1239,1242,1251
CTRIA3,1979,1,1239,1251,1248
CTRIA3,1980,1,1243,1244,1252
CTRIA3,1981,1,1243,1252,1253
CTRIA3,1982,1,1243,1253,1247
CTRIA3,1983,1,1240,1246,1254
CTRIA3,1984,1,1240,1254,1255
CTRIA3,1985,1,1240,1255,1241
CTRIA3,1986,1,1241,1255,1256
CTRIA3,1987,1,1241,1256,1242
CTRIA3,1988,1,1245,1248,1257
CTRIA3,1989,1,1245,1257,1258
CTRIA3,1990,1,1246,1249,1259
CTRIA3,1991,1,1246,1259,1254
CTRIA3,1992,1,1242,1256,1260
CTRIA3,1993,1,1242,1260,1251
CTRIA3,1994,1,1249,1250,1261
CTRIA3,1995,1,1249,1261,1259
CTRIA3,1996,1,1248,1251,1262
CTRIA3,1997,1,1248,1262,1257
CTRIA3,1998,1,1247,1253,1263
CTRIA3,1999,1,1247,1263,1250
CTRIA3,2000,1,1250,1263,1261
CTRIA3,2001,1,1251,1260,1262
CTRIA3,2002,1,970,1264,1265
CTRIA3,2003,1,1252,1266,1253
CTRIA3,2004,1,1253,1267,1263
CTRIA3,2005,1,1253,1266,1268
CTRIA3,2006,1,1253,1268,1267
CTRIA3,2007,1,1263,1269,1261
CTRIA3,2008,1,1263,1267,1269
CTRIA3,2009,1,1264,1270,1271
CTRIA3,2010,1,1264,1272,1265
CTRIA3,2011,1,1264,1271,1272
CTRIA3,2012,1,1261,1269,1259
CTRIA3,2013,1,1259,1269,1273
CTRIA3,2014,1,1259,1273,1254
CTRIA3,2015,1,1254,1273,1274
CTRIA3,2016,1,1254,1274,1255
CTRIA3,2017,1,1255,1275,1256
CTRIA3,2018,1,1255,1274,1276
CTRIA3,2019,1,1255,1276,1275
CTRIA3,2020,1,1256,1275,1260
CTRIA3,2021,1,1260,1275,1277
CTRIA3,2022,1,1260,1277,1262
CTRIA3,2023,1,1262,1277,1278
CTRIA3,2024,1,1262,1278,1257
CTRIA3,2025,1,1257,1279,1258
CTRIA3,2026,1,1257,1278,1279
CTRIA3,2027,1,1270,966,1271
CTRIA3,2028,1,966,1280,1271
CTRIA3,2029,1,1269,1267,1281
CTRIA3,2030,1,1269,1281,1273
CTRIA3,2031,1,1275,1276,1282
CTRIA3,2032,1,1275,1282,1277
CTRIA3,2033,1,1277,1282,1283
CTRIA3,2034,1,1277,1283,1278
CTRIA3,2035,1,1279,1278,1284
CTRIA3,2036,1,1278,1283,1284
CTRIA3,2037,1,1267,1268,1285
CTRIA3,2038,1,1267,1285,1281
CTRIA3,2039,1,1266,1286,1268
CTRIA3,2040,1,1273,1281,1287
CTRIA3,2041,1,1273,1288,1274
CTRIA3,2042,1,1273,1287,1288
CTRIA3,2043,1,1268,1286,1285
CTRIA3,2044,1,1274,1288,1289
CTRIA3,2045,1,1274,1289,1276
CTRIA3,2046,1,1276,1290,1282
CTRIA3,2047,1,1276,1289,1290
CTRIA3,2048,1,1281,1285,1291
CTRIA3,2049,1,1281,1291,1287
CTRIA3,2050,1,1282,1290,1292
CTRIA3,2051,1,1282,1292,1283
CTRIA3,2052,1,1283,1293,1284
CTRIA3,2053,1,1283,1292,1293
CTRIA3,2054,1,1284,1293,1294
CTRIA3,2055,1,1286,1295,1285
CTRIA3,2056,1,1285,1295,1296
CTRIA3,2057,1,1285,1296,1291
CTRIA3,2058,1,1288,1287,1297
CTRIA3,2059,1,1288,1297,1298
CTRIA3,2060,1,1288,1298,1289
CTRIA3,2061,1,1287,1291,1299
CTRIA3,2062,1,1287,1299,1297
CTRIA3,2063,1,1293,1292,1300
CTRIA3,2064,1,1293,1300,1294
CTRIA3,2065,1,1290,1289,1301
CTRIA3,2066,1,1290,1301,1302
CTRIA3,2067,1,1290,1302,1292
CTRIA3,2068,1,1289,1298,1303
CTRIA3,2069,1,1289,1303,1301
CTRIA3,2070,1,1292,1302,1300
CTRIA3,2071,1,1295,1304,1296
CTRIA3,2072,1,1291,1296,1305
CTRIA3,2073,1,1291,1305,1306
CTRIA3,2074,1,1291,1306,1299
CTRIA3,2075,1,1296,1304,1305
CTRIA3,2076,1,1297,1299,1307
CTRIA3,2077,1,1297,1307,1298
CTRIA3,2078,1,1300,1302,1308
CTRIA3,2079,1,1301,1303,1309
CTRIA3,2080,1,1301,1309,1302
CTRIA3,2081,1,1298,1307,1310
CTRIA3,2082,1,1298,1310,1303
CTRIA3,2083,1,1299,1306,1311
CTRIA3,2084,1,1299,1311,1307
CTRIA3,2085,1,1304,1312,1305
CTRIA3,2086,1,1302,1309,1313
CTRIA3,2087,1,1302,1313,1308
CTRIA3,2088,1,1305,1312,1314
CTRIA3,2089,1,1305,1314,1306
CTRIA3,2090,1,1303,1310,1315
CTRIA3,2091,1,1303,1315,1309
CTRIA3,2092,1,1306,1314,1316
CTRIA3,2093,1,1306,1316,1311
CTRIA3,2094,1,1307,1311,1317
CTRIA3,2095,1,1307,1317,1310
CTRIA3,2096,1,1308,1313,1318
CTRIA3,2097,1,1309,1315,1319
CTRIA3,2098,1,1309,1319,1313
CTRIA3,2099,1,1312,1320,1314
CTRIA3,2100,1,1310,1317,1321
CTRIA3,2101,1,1310,1321,1315
CTRIA3,2102,1,1313,1319,1322
CTRIA3,2103,1,1313,1322,1318
CTRIA3,2104,1,1311,1316,1323
CTRIA3,2105,1,1311,1323,1317
CTRIA3,2106,1,1314,1320,1324
CTRIA3,2107,1,1314,1324,1316
CTRIA3,2108,1,1315,1321,1325
CTRIA3,2109,1,1315,1325,1319
CTRIA3,2110,1,1320,1326,1324
CTRIA3,2111,1,1316,1324,1327
CTRIA3,2112,1,1316,1327,1323
CTRIA3,2113,1,1317,1323,1328
CTRIA3,2114,1,1317,1328,1321
CTRIA3,2115,1,1319,1325,1329
CTRIA3,2116,1,1319,1329,1322
CTRIA3,2117,1,1324,1326,1330
CTRIA3,2118,1,1324,1330,1327
CTRIA3,2119,1,1321,1328,1331
CTRIA3,2120,1,1321,1331,1325
CTRIA3,2121,1,1323,1327,1332
CTRIA3,2122,1,1323,1332,1328
CTRIA3,2123,1,1325,1331,1333
CTRIA3,2124,1,1325,1333,1329
CTRIA3,2125,1,1327,1330,1334
CTRIA3,2126,1,1327,1334,1332
CTRIA3,2127,1,1329,1333,1335
CTRIA3,2128,1,1328,1332,1336
CTRIA3,2129,1,1328,1337,1331
CTRIA3,2130,1,1328,1336,1337
CTRIA3,2131,1,1330,1338,1334
CTRIA3,2132,1,1331,1337,1339
CTRIA3,2133,1,1331,1339,1333
CTRIA3,2134,1,1333,1339,1340
CTRIA3,2135,1,1333,1340,1335
CTRIA3,2136,1,1334,1338,1341
CTRIA3,2137,1,1334,1341,1332
CTRIA3,2138,1,1332,1341,1342
CTRIA3,2139,1,1332,1342,1336
CTRIA3,2140,1,1335,1340,1343
CTRIA3,2141,1,1338,1344,1341
CTRIA3,2142,1,1337,1336,1345
CTRIA3,2143,1,1337,1346,1339
CTRIA3,2144,1,1337,1345,1346
CTRIA3,2145,1,1339,1347,1340
CTRIA3,2146,1,1339,1346,1347
CTRIA3,2147,1,1340,1347,1348
CTRIA3,2148,1,1340,1348,1343
CTRIA3,2149,1,1336,1342,1349
CTRIA3,2150,1,1336,1349,1345
CTRIA3,2151,1,1341,1344,1350
CTRIA3,2152,1,1341,1350,1342
CTRIA3,2153,1,1344,1351,1350
CTRIA3,2154,1,1342,1350,1352
CTRIA3,2155,1,1342,1352,1349
CTRIA3,2156,1,1347,1346,1353
CTRIA3,2157,1,1347,1354,1348
CTRIA3,2158,1,1347,1353,1354
CTRIA3,2159,1,1346,1345,1355
CTRIA3,2160,1,1346,1355,1353
CTRIA3,2161,1,1350,1351,1356
CTRIA3,2162,1,1350,1356,1352
CTRIA3,2163,1,1345,1349,1357
CTRIA3,2164,1,1345,1357,1355
CTRIA3,2165,1,1349,1352,1358
CTRIA3,2166,1,1349,1358,1357
CTRIA3,2167,1,1351,1359,1356
CTRIA3,2168,1,1352,1356,1360
CTRIA3,2169,1,1352,1360,1358
CTRIA3,2170,1,1354,1353,1361
CTRIA3,2171,1,1355,1357,1362
CTRIA3,2172,1,1355,1362,1353
CTRIA3,2173,1,1353,1362,1361
CTRIA3,2174,1,1356,1359,1363
CTRIA3,2175,1,1356,1363,1360
CTRIA3,2176,1,1357,1358,1364
CTRIA3,2177,1,1357,1364,1362
CTRIA3,2178,1,1359,1365,1363
CTRIA3,2179,1,1358,1360,1366
CTRIA3,2180,1,1358,1366,1364
CTRIA3,2181,1,1361,1362,1367
CTRIA3,2182,1,1360,1363,1368
CTRIA3,2183,1,1360,1368,1366
CTRIA3,2184,1,1362,1364,1369
CTRIA3,2185,1,1362,1369,1367
CTRIA3,2186,1,1363,1365,1370
CTRIA3,2187,1,1363,1370,1368
CTRIA3,2188,1,1365,1371,1370
CTRIA3,2189,1,1367,1369,1372
CTRIA3,2190,1,1364,1366,1373
CTRIA3,2191,1,1364,1373,1374
CTRIA3,2192,1,1364,1374,1369
CTRIA3,2193,1,1366,1368,1375
CTRIA3,2194,1,1366,1375,1373
CTRIA3,2195,1,1368,1370,1376
CTRIA3,2196,1,1368,1376,1375
CTRIA3,2197,1,1370,1371,1376
CTRIA3,2198,1,1369,1374,1377
CTRIA3,2199,1,1369,1377,1372
CTRIA3,2200,1,1371,1378,1376
CTRIA3,2201,1,1376,1378,1379
CTRIA3,2202,1,1376,1379,1375
CTRIA3,2203,1,1375,1379,1380
CTRIA3,2204,1,1375,1380,1373
CTRIA3,2205,1,1373,1380,1381
CTRIA3,2206,1,1373,1381,1374
CTRIA3,2207,1,1374,1381,1382
CTRIA3,2208,1,1374,1382,1377
CTRIA3,2209,1,1378,1383,1379
CTRIA3,2210,1,1377,1382,1384
CTRIA3,2211,1,1379,1383,1385
CTRIA3,2212,1,1379,1385,1380
CTRIA3,2213,1,1380,1385,1386
CTRIA3,2214,1,1380,1386,1381
CTRIA3,2215,1,1383,1387,1385
CTRIA3,2216,1,1381,1388,1382
CTRIA3,2217,1,1381,1386,1388
CTRIA3,2218,1,1382,1389,1384
CTRIA3,2219,1,1382,1388,1389
CTRIA3,2220,1,1384,1389,1390
CTRIA3,2221,1,1385,1387,1386
CTRIA3,2222,1,1387,1391,1386
CTRIA3,2223,1,1389,1388,1392
CTRIA3,2224,1,1389,1392,1393
CTRIA3,2225,1,1389,1393,1390
CTRIA3,2226,1,1388,1386,1394
CTRIA3,2227,1,1388,1394,1392
CTRIA3,2228,1,1390,1393,1395
CTRIA3,2229,1,1386,1391,1396
CTRIA3,2230,1,1386,1396,1394
CTRIA3,2231,1,1392,1394,1397
CTRIA3,2232,1,1392,1397,956
CTRIA3,2233,1,1392,956,1393
CTRIA3,2234,1,1391,953,1396
CTRIA3,2235,1,1393,956,1398
CTRIA3,2236,1,1393,1398,1395
CTRIA3,2237,1,1394,1396,944
CTRIA3,2238,1,1394,944,1397
CTRIA3,2239,1,1396,953,944
CTRIA3,2240,1,1399,1400,1401
CTRIA3,2241,1,1401,1400,1402
CTRIA3,2242,1,1401,1402,1403
CTRIA3,2243,1,1403,1404,1405
CTRIA3,2244,1,1403,1402,1404
CTRIA3,2245,1,950,980,976
CTRIA3,2246,1,1405,1404,1406
CTRIA3,2247,1,1406,1404,1407
CTRIA3,2248,1,1149,1408,1409
CTRIA3,2249,1,1149,1410,1408
CTRIA3,2250,1,1265,1411,1412
CTRIA3,2251,1,1265,1412,1413
CTRIA3,2252,1,1137,1414,1415
CTRIA3,2253,1,1414,1409,1408
CTRIA3,2254,1,1414,1408,1416
CTRIA3,2255,1,1414,1416,1415
CTRIA3,2256,1,1411,1417,1418
CTRIA3,2257,1,1411,1418,1412
CTRIA3,2258,1,1417,1280,1419
CTRIA3,2259,1,1417,1419,1418
CTRIA3,2260,1,1280,1420,1419
CTRIA3,2261,1,1404,1402,1421
CTRIA3,2262,1,1404,1421,1407
CTRIA3,2263,1,992,998,1422
CTRIA3,2264,1,992,1422,993
CTRIA3,2265,1,990,993,1423
CTRIA3,2266,1,990,1423,985
CTRIA3,2267,1,985,1423,1424
CTRIA3,2268,1,985,1424,986
CTRIA3,2269,1,1400,1425,1402
CTRIA3,2270,1,998,1426,1422
CTRIA3,2271,1,1407,1421,1427
CTRIA3,2272,1,976,980,1428
CTRIA3,2273,1,976,1428,977
CTRIA3,2274,1,1402,1425,1429
CTRIA3,2275,1,1402,1429,1421
CTRIA3,2276,1,993,1422,1430
CTRIA3,2277,1,993,1430,1423
CTRIA3,2278,1,1408,1410,1431
CTRIA3,2279,1,1408,1431,1416
CTRIA3,2280,1,1418,1419,1432
CTRIA3,2281,1,1418,1432,1412
CTRIA3,2282,1,974,975,1433
CTRIA3,2283,1,974,1433,1434
CTRIA3,2284,1,978,1435,979
CTRIA3,2285,1,977,1428,1436
CTRIA3,2286,1,971,1437,972
CTRIA3,2287,1,971,1438,1437
CTRIA3,2288,1,972,1437,1439
CTRIA3,2289,1,972,1439,973
CTRIA3,2290,1,1422,1426,1440
CTRIA3,2291,1,1422,1440,1430
CTRIA3,2292,1,973,1439,1441
CTRIA3,2293,1,973,1441,975
CTRIA3,2294,1,980,979,1442
CTRIA3,2295,1,980,1442,1428
CTRIA3,2296,1,1421,1429,1443
CTRIA3,2297,1,1421,1443,1427
CTRIA3,2298,1,1412,1432,1444
CTRIA3,2299,1,1412,1444,1413
CTRIA3,2300,1,1419,1420,1445
CTRIA3,2301,1,1419,1445,1432
CTRIA3,2302,1,1410,1446,1431
CTRIA3,2303,1,1415,1416,1447
CTRIA3,2304,1,1423,1430,1448
CTRIA3,2305,1,1423,1449,1424
CTRIA3,2306,1,1423,1448,1449
CTRIA3,2307,1,1416,1431,1450
CTRIA3,2308,1,1416,1450,1447
CTRIA3,2309,1,975,1441,1451
CTRIA3,2310,1,975,1451,1433
CTRIA3,2311,1,1424,1449,1452
CTRIA3,2312,1,1425,1453,1429
CTRIA3,2313,1,1425,1454,1453
CTRIA3,2314,1,1426,1455,1440
CTRIA3,2315,1,1427,1443,1456
CTRIA3,2316,1,1429,1453,1457
CTRIA3,2317,1,1429,1457,1443
CTRIA3,2318,1,979,1435,1458
CTRIA3,2319,1,979,1458,1442
CTRIA3,2320,1,1430,1440,1459
CTRIA3,2321,1,1430,1459,1448
CTRIA3,2322,1,1431,1446,1450
CTRIA3,2323,1,1440,1455,1459
CTRIA3,2324,1,1449,1448,1460
CTRIA3,2325,1,1449,1460,1452
CTRIA3,2326,1,1437,1438,1461
CTRIA3,2327,1,1437,1461,1439
CTRIA3,2328,1,1428,1442,1462
CTRIA3,2329,1,1428,1463,1436
CTRIA3,2330,1,1428,1462,1463
CTRIA3,2331,1,1443,1457,1464
CTRIA3,2332,1,1443,1465,1456
CTRIA3,2333,1,1443,1464,1465
CTRIA3,2334,1,1448,1459,1466
CTRIA3,2335,1,1448,1466,1460
CTRIA3,2336,1,1434,1433,1467
CTRIA3,2337,1,1435,1468,1458
CTRIA3,2338,1,1436,1463,1469
CTRIA3,2339,1,1438,1470,1461
CTRIA3,2340,1,1453,1454,1471
CTRIA3,2341,1,1453,1471,1472
CTRIA3,2342,1,1453,1472,1457
CTRIA3,2343,1,1432,1445,1473
CTRIA3,2344,1,1432,1474,1444
CTRIA3,2345,1,1432,1473,1474
CTRIA3,2346,1,1439,1461,1475
CTRIA3,2347,1,1439,1475,1441
CTRIA3,2348,1,1433,1451,1467
CTRIA3,2349,1,1452,1460,1476
CTRIA3,2350,1,1454,1477,1471
CTRIA3,2351,1,1455,1478,1459
CTRIA3,2352,1,1457,1472,1464
CTRIA3,2353,1,1446,1479,1450
CTRIA3,2354,1,1446,1480,1479
CTRIA3,2355,1,1444,1474,1481
CTRIA3,2356,1,1447,1450,1482
CTRIA3,2357,1,1445,1483,1473
CTRIA3,2358,1,1459,1478,1484
CTRIA3,2359,1,1459,1484,1466
CTRIA3,2360,1,1442,1458,1485
CTRIA3,2361,1,1442,1485,1462
CTRIA3,2362,1,1441,1475,1486
CTRIA3,2363,1,1441,1486,1451
CTRIA3,2364,1,1450,1479,1482
CTRIA3,2365,1,1460,1466,1487
CTRIA3,2366,1,1460,1487,1476
CTRIA3,2367,1,1488,1489,1490
CTRIA3,2368,1,1488,1490,1491
CTRIA3,2369,1,1492,1493,1494
CTRIA3,2370,1,1458,1468,1495
CTRIA3,2371,1,1458,1495,1485
CTRIA3,2372,1,1471,1477,1496
CTRIA3,2373,1,1471,1496,1497
CTRIA3,2374,1,1471,1497,1472
CTRIA3,2375,1,1451,1486,1498
CTRIA3,2376,1,1451,1498,1467
CTRIA3,2377,1,1472,1499,1464
CTRIA3,2378,1,1472,1497,1499
CTRIA3,2379,1,1461,1470,1500
CTRIA3,2380,1,1461,1500,1475
CTRIA3,2381,1,1466,1484,1501
CTRIA3,2382,1,1466,1501,1487
CTRIA3,2383,1,1476,1487,1502
CTRIA3,2384,1,1478,1503,1484
CTRIA3,2385,1,1465,1464,1504
CTRIA3,2386,1,1465,1504,1505
CTRIA3,2387,1,1464,1499,1504
CTRIA3,2388,1,1474,1473,1506
CTRIA3,2389,1,1474,1506,1481
CTRIA3,2390,1,1467,1498,1507
CTRIA3,2391,1,1468,1508,1495
CTRIA3,2392,1,1469,1463,1509
CTRIA3,2393,1,1470,1510,1500
CTRIA3,2394,1,1463,1462,1511
CTRIA3,2395,1,1463,1511,1509
CTRIA3,2396,1,1487,1501,1512
CTRIA3,2397,1,1487,1512,1502
CTRIA3,2398,1,1484,1503,1513
CTRIA3,2399,1,1484,1513,1501
CTRIA3,2400,1,1473,1483,1514
CTRIA3,2401,1,1473,1514,1506
CTRIA3,2402,1,1462,1485,1515
CTRIA3,2403,1,1462,1515,1511
CTRIA3,2404,1,1479,1480,1516
CTRIA3,2405,1,1479,1516,1517
CTRIA3,2406,1,1479,1517,1482
CTRIA3,2407,1,1475,1500,1518
CTRIA3,2408,1,1475,1518,1486
CTRIA3,2409,1,1491,1490,1519
CTRIA3,2410,1,1491,1519,1520
CTRIA3,2411,1,1493,1521,1522
CTRIA3,2412,1,1493,1522,1494
CTRIA3,2413,1,1489,1523,1490
CTRIA3,2414,1,1494,1522,1524
CTRIA3,2415,1,1480,1525,1516
CTRIA3,2416,1,1481,1506,1526
CTRIA3,2417,1,1482,1517,1527
CTRIA3,2418,1,1499,1497,1528
CTRIA3,2419,1,1499,1528,1504
CTRIA3,2420,1,1485,1495,1529
CTRIA3,2421,1,1485,1529,1515
CTRIA3,2422,1,1502,1512,1530
CTRIA3,2423,1,1496,1531,1497
CTRIA3,2424,1,1503,1532,1513
CTRIA3,2425,1,1505,1504,1533
CTRIA3,2426,1,1501,1513,1534
CTRIA3,2427,1,1501,1534,1512
CTRIA3,2428,1,1497,1531,1535
CTRIA3,2429,1,1497,1535,1528
CTRIA3,2430,1,1504,1528,1536
CTRIA3,2431,1,1504,1536,1533
CTRIA3,2432,1,1486,1518,1537
CTRIA3,2433,1,1486,1537,1498
CTRIA3,2434,1,1495,1508,1538
CTRIA3,2435,1,1495,1538,1529
CTRIA3,2436,1,1512,1534,1530
CTRIA3,2437,1,1498,1537,1539
CTRIA3,2438,1,1498,1539,1507
CTRIA3,2439,1,1490,1523,1540
CTRIA3,2440,1,1490,1540,1519
CTRIA3,2441,1,1500,1510,1541
CTRIA3,2442,1,1500,1541,1518
CTRIA3,2443,1,1513,1532,1542
CTRIA3,2444,1,1513,1542,1534
CTRIA3,2445,1,1506,1514,1543
CTRIA3,2446,1,1506,1543,1526
CTRIA3,2447,1,1507,1539,1544
CTRIA3,2448,1,1508,1545,1538
CTRIA3,2449,1,1509,1511,1546
CTRIA3,2450,1,1528,1535,1547
CTRIA3,2451,1,1528,1547,1536
CTRIA3,2452,1,1516,1525,1548
CTRIA3,2453,1,1516,1548,1517
CTRIA3,2454,1,1530,1534,1549
CTRIA3,2455,1,1530,1549,1550
CTRIA3,2456,1,1531,1551,1535
CTRIA3,2457,1,1532,1552,1542
CTRIA3,2458,1,1533,1536,1553
CTRIA3,2459,1,1517,1554,1527
CTRIA3,2460,1,1517,1548,1554
CTRIA3,2461,1,1511,1515,1555
CTRIA3,2462,1,1511,1555,1546
CTRIA3,2463,1,1520,1519,1556
CTRIA3,2464,1,1521,1557,1522
CTRIA3,2465,1,1534,1542,1558
CTRIA3,2466,1,1534,1558,1549
CTRIA3,2467,1,1523,1559,1540
CTRIA3,2468,1,1524,1522,1560
CTRIA3,2469,1,1529,1538,1561
CTRIA3,2470,1,1529,1561,1515
CTRIA3,2471,1,1515,1561,1555
CTRIA3,2472,1,1519,1540,1556
CTRIA3,2473,1,1525,1562,1548
CTRIA3,2474,1,1526,1543,1563
CTRIA3,2475,1,1527,1554,1564
CTRIA3,2476,1,1514,1565,1543
CTRIA3,2477,1,1535,1551,1566
CTRIA3,2478,1,1535,1566,1547
CTRIA3,2479,1,1522,1557,1567
CTRIA3,2480,1,1522,1567,1560
CTRIA3,2481,1,1542,1552,1568
CTRIA3,2482,1,1542,1568,1558
CTRIA3,2483,1,1518,1541,1569
CTRIA3,2484,1,1518,1570,1537
CTRIA3,2485,1,1518,1569,1570
CTRIA3,2486,1,1536,1547,1571
CTRIA3,2487,1,1536,1571,1572
CTRIA3,2488,1,1536,1572,1553
CTRIA3,2489,1,1538,1545,1573
CTRIA3,2490,1,1538,1573,1561
CTRIA3,2491,1,1547,1566,1571
CTRIA3,2492,1,1537,1570,1574
CTRIA3,2493,1,1537,1574,1539
CTRIA3,2494,1,1550,1549,1575
CTRIA3,2495,1,1551,1576,1566
CTRIA3,2496,1,1552,1577,1568
CTRIA3,2497,1,1553,1572,1578
CTRIA3,2498,1,1549,1558,1579
CTRIA3,2499,1,1549,1579,1575
CTRIA3,2500,1,1558,1568,1580
CTRIA3,2501,1,1558,1580,1579
CTRIA3,2502,1,1539,1574,1581
CTRIA3,2503,1,1539,1581,1544
CTRIA3,2504,1,1544,1581,1582
CTRIA3,2505,1,1545,1583,1573
CTRIA3,2506,1,1546,1555,1584
CTRIA3,2507,1,1546,1584,1585
CTRIA3,2508,1,1541,1586,1569
CTRIA3,2509,1,1554,1548,1587
CTRIA3,2510,1,1554,1587,1564
CTRIA3,2511,1,1543,1565,1588
CTRIA3,2512,1,1543,1589,1563
CTRIA3,2513,1,1543,1588,1589
CTRIA3,2514,1,1548,1562,1590
CTRIA3,2515,1,1548,1590,1587
CTRIA3,2516,1,1540,1559,1591
CTRIA3,2517,1,1540,1591,1592
CTRIA3,2518,1,1540,1592,1556
CTRIA3,2519,1,1561,1573,1593
CTRIA3,2520,1,1561,1593,1555
CTRIA3,2521,1,1566,1576,1594
CTRIA3,2522,1,1566,1594,1571
CTRIA3,2523,1,1559,1595,1591
CTRIA3,2524,1,1560,1567,1596
CTRIA3,2525,1,1560,1596,1597
CTRIA3,2526,1,1568,1577,1598
CTRIA3,2527,1,1568,1598,1580
CTRIA3,2528,1,1556,1592,1599
CTRIA3,2529,1,1557,1600,1567
CTRIA3,2530,1,1555,1593,1601
CTRIA3,2531,1,1555,1601,1584
CTRIA3,2532,1,1571,1602,1572
CTRIA3,2533,1,1571,1594,1602
CTRIA3,2534,1,1562,1603,1590
CTRIA3,2535,1,1563,1589,1604
CTRIA3,2536,1,1564,1587,1605
CTRIA3,2537,1,1565,1606,1588
CTRIA3,2538,1,1575,1579,1607
CTRIA3,2539,1,1575,1607,1608
CTRIA3,2540,1,1576,1609,1594
CTRIA3,2541,1,1577,1610,1598
CTRIA3,2542,1,1578,1572,1611
CTRIA3,2543,1,1579,1580,1612
CTRIA3,2544,1,1579,1612,1607
CTRIA3,2545,1,1572,1602,1613
CTRIA3,2546,1,1572,1613,1611
CTRIA3,2547,1,1580,1598,1612
CTRIA3,2548,1,1570,1569,1614
CTRIA3,2549,1,1570,1614,1615
CTRIA3,2550,1,1570,1615,1574
CTRIA3,2551,1,1569,1586,1616
CTRIA3,2552,1,1569,1616,1614
CTRIA3,2553,1,1567,1600,1617
CTRIA3,2554,1,1567,1617,1596
CTRIA3,2555,1,1573,1583,1618
CTRIA3,2556,1,1573,1618,1593
CTRIA3,2557,1,1598,1610,1619
CTRIA3,2558,1,1598,1619,1612
CTRIA3,2559,1,1584,1601,1620
CTRIA3,2560,1,1584,1620,1585
CTRIA3,2561,1,1587,1590,1621
CTRIA3,2562,1,1587,1621,1605
CTRIA3,2563,1,1574,1615,1622
CTRIA3,2564,1,1574,1622,1581
CTRIA3,2565,1,1582,1581,1623
CTRIA3,2566,1,1583,1624,1625
CTRIA3,2567,1,1583,1625,1618
CTRIA3,2568,1,1585,1620,1626
CTRIA3,2569,1,1586,1627,1616
CTRIA3,2570,1,1602,1594,1628
CTRIA3,2571,1,1602,1628,1613
CTRIA3,2572,1,1589,1588,1629
CTRIA3,2573,1,1589,1629,1604
CTRIA3,2574,1,1594,1609,1630
CTRIA3,2575,1,1594,1630,1628
CTRIA3,2576,1,1581,1631,1623
CTRIA3,2577,1,1581,1622,1631
CTRIA3,2578,1,1612,1619,1632
CTRIA3,2579,1,1612,1632,1607
CTRIA3,2580,1,1607,1632,1633
CTRIA3,2581,1,1607,1633,1608
CTRIA3,2582,1,1591,1595,1634
CTRIA3,2583,1,1591,1634,1635
CTRIA3,2584,1,1591,1635,1592
CTRIA3,2585,1,1593,1618,1636
CTRIA3,2586,1,1593,1636,1601
CTRIA3,2587,1,1610,1637,1619
CTRIA3,2588,1,1611,1613,1638
CTRIA3,2589,1,1595,1639,1634
CTRIA3,2590,1,1597,1596,1640
CTRIA3,2591,1,1599,1592,1641
CTRIA3,2592,1,1600,1642,1617
CTRIA3,2593,1,1592,1635,1641
CTRIA3,2594,1,1590,1603,1643
CTRIA3,2595,1,1590,1643,1621
CTRIA3,2596,1,1596,1617,1644
CTRIA3,2597,1,1596,1644,1640
CTRIA3,2598,1,1613,1628,1645
CTRIA3,2599,1,1613,1645,1638
CTRIA3,2600,1,1614,1616,1646
CTRIA3,2601,1,1614,1646,1615
CTRIA3,2602,1,1588,1606,1647
CTRIA3,2603,1,1588,1648,1629
CTRIA3,2604,1,1588,1647,1648
CTRIA3,2605,1,1604,1629,1649
CTRIA3,2606,1,1605,1621,1650
CTRIA3,2607,1,1601,1636,1651
CTRIA3,2608,1,1601,1651,1620
CTRIA3,2609,1,1628,1630,1652
CTRIA3,2610,1,1628,1652,1645
CTRIA3,2611,1,1616,1627,1653
CTRIA3,2612,1,1616,1653,1646
CTRIA3,2613,1,1619,1637,1654
CTRIA3,2614,1,1619,1655,1632
CTRIA3,2615,1,1619,1654,1655
CTRIA3,2616,1,1632,1656,1633
CTRIA3,2617,1,1632,1655,1656
CTRIA3,2618,1,1618,1625,1657
CTRIA3,2619,1,1618,1657,1636
CTRIA3,2620,1,1615,1646,1658
CTRIA3,2621,1,1615,1658,1622
CTRIA3,2622,1,1617,1642,1659
CTRIA3,2623,1,1617,1659,1644
CTRIA3,2624,1,1633,1656,1660
CTRIA3,2625,1,1630,1661,1652
CTRIA3,2626,1,1637,1662,1654
CTRIA3,2627,1,1638,1645,1663
CTRIA3,2628,1,1620,1651,1664
CTRIA3,2629,1,1620,1664,1626
CTRIA3,2630,1,1623,1631,1665
CTRIA3,2631,1,1624,1666,1625
CTRIA3,2632,1,1627,1667,1653
CTRIA3,2633,1,1629,1648,1668
CTRIA3,2634,1,1629,1668,1649
CTRIA3,2635,1,1621,1643,1669
CTRIA3,2636,1,1621,1669,1650
CTRIA3,2637,1,1645,1652,1670
CTRIA3,2638,1,1645,1670,1663
CTRIA3,2639,1,1634,1639,1671
CTRIA3,2640,1,1634,1671,1672
CTRIA3,2641,1,1634,1672,1635
CTRIA3,2642,1,1639,1673,1671
CTRIA3,2643,1,1640,1644,1674
CTRIA3,2644,1,1640,1674,1675
CTRIA3,2645,1,1635,1672,1676
CTRIA3,2646,1,1635,1676,1641
CTRIA3,2647,1,1641,1676,1677
CTRIA3,2648,1,1642,1678,1659
CTRIA3,2649,1,1631,1622,1679
CTRIA3,2650,1,1631,1679,1665
CTRIA3,2651,1,1652,1661,1680
CTRIA3,2652,1,1652,1680,1670
CTRIA3,2653,1,1656,1655,1681
CTRIA3,2654,1,1656,1681,1660
CTRIA3,2655,1,1636,1657,1682
CTRIA3,2656,1,1636,1682,1651
CTRIA3,2657,1,1622,1658,1683
CTRIA3,2658,1,1622,1683,1679
CTRIA3,2659,1,1646,1653,1684
CTRIA3,2660,1,1646,1684,1658
CTRIA3,2661,1,1625,1666,1685
CTRIA3,2662,1,1625,1685,1686
CTRIA3,2663,1,1625,1686,1657
CTRIA3,2664,1,1655,1654,1687
CTRIA3,2665,1,1655,1687,1681
CTRIA3,2666,1,1644,1688,1674
CTRIA3,2667,1,1644,1659,1688
CTRIA3,2668,1,1648,1647,1689
CTRIA3,2669,1,1648,1689,1668
CTRIA3,2670,1,1654,1662,1690
CTRIA3,2671,1,1654,1690,1687
CTRIA3,2672,1,1660,1681,1677
CTRIA3,2673,1,1661,1678,1680
CTRIA3,2674,1,1662,1691,1690
CTRIA3,2675,1,1663,1670,1692
CTRIA3,2676,1,1663,1692,1693
CTRIA3,2677,1,1643,1694,1695
CTRIA3,2678,1,1643,1695,1669
CTRIA3,2679,1,1649,1668,1696
CTRIA3,2680,1,1650,1669,1697
CTRIA3,2681,1,1647,1698,1689
CTRIA3,2682,1,1653,1667,1699
CTRIA3,2683,1,1653,1699,1684
CTRIA3,2684,1,1670,1680,1700
CTRIA3,2685,1,1670,1700,1692
CTRIA3,2686,1,1651,1682,1701
CTRIA3,2687,1,1651,1701,1664
CTRIA3,2688,1,1671,1673,1702
CTRIA3,2689,1,1671,1702,1672
CTRIA3,2690,1,1681,1687,1676
CTRIA3,2691,1,1681,1676,1677
CTRIA3,2692,1,1680,1659,1700
CTRIA3,2693,1,1680,1678,1659
CTRIA3,2694,1,1657,1686,1703
CTRIA3,2695,1,1657,1703,1682
CTRIA3,2696,1,1665,1679,1704
CTRIA3,2697,1,1666,1705,1685
CTRIA3,2698,1,1664,1701,1706
CTRIA3,2699,1,1667,1707,1699
CTRIA3,2700,1,1658,1684,1708
CTRIA3,2701,1,1658,1708,1709
CTRIA3,2702,1,1658,1709,1683
CTRIA3,2703,1,1668,1689,1710
CTRIA3,2704,1,1668,1710,1696
CTRIA3,2705,1,1669,1695,1711
CTRIA3,2706,1,1669,1711,1697
CTRIA3,2707,1,1685,1705,1712
CTRIA3,2708,1,1685,1712,1686
CTRIA3,2709,1,1673,1713,1702
CTRIA3,2710,1,1675,1674,1714
CTRIA3,2711,1,1675,1714,1715
CTRIA3,2712,1,1702,1716,1672
CTRIA3,2713,1,1702,1713,1717
CTRIA3,2714,1,1702,1717,1716
CTRIA3,2715,1,1674,1688,1714
CTRIA3,2716,1,1672,1716,1718
CTRIA3,2717,1,1672,1718,1676
CTRIA3,2718,1,1688,1659,1719
CTRIA3,2719,1,1688,1719,1720
CTRIA3,2720,1,1688,1720,1714
CTRIA3,2721,1,1676,1718,1721
CTRIA3,2722,1,1676,1721,1677
CTRIA3,2723,1,1690,1691,1722
CTRIA3,2724,1,1690,1723,1687
CTRIA3,2725,1,1690,1722,1723
CTRIA3,2726,1,1691,1724,1722
CTRIA3,2727,1,1693,1692,1725
CTRIA3,2728,1,1693,1725,1726
CTRIA3,2729,1,1692,1700,1727
CTRIA3,2730,1,1692,1727,1725
CTRIA3,2731,1,1659,1678,1728
CTRIA3,2732,1,1659,1728,1719
CTRIA3,2733,1,1687,1729,1676
CTRIA3,2734,1,1687,1723,1729
CTRIA3,2735,1,1700,1659,1730
CTRIA3,2736,1,1700,1730,1727
CTRIA3,2737,1,1677,1721,1731
CTRIA3,2738,1,1677,1676,1729
CTRIA3,2739,1,1677,1729,1732
CTRIA3,2740,1,1659,1678,1730
CTRIA3,2741,1,1678,1733,1728
CTRIA3,2742,1,1678,1734,1730
CTRIA3,2743,1,1679,1683,1735
CTRIA3,2744,1,1679,1735,1704
CTRIA3,2745,1,1684,1699,1736
CTRIA3,2746,1,1684,1736,1708
CTRIA3,2747,1,1689,1698,1737
CTRIA3,2748,1,1689,1737,1710
CTRIA3,2749,1,1682,1703,1738
CTRIA3,2750,1,1682,1738,1701
CTRIA3,2751,1,1683,1709,1739
CTRIA3,2752,1,1683,1739,1735
CTRIA3,2753,1,1694,1740,1695
CTRIA3,2754,1,1696,1710,1741
CTRIA3,2755,1,1697,1711,1742
CTRIA3,2756,1,1698,1743,1737
CTRIA3,2757,1,1686,1712,1744
CTRIA3,2758,1,1686,1744,1703
CTRIA3,2759,1,1699,1707,1745
CTRIA3,2760,1,1699,1745,1736
CTRIA3,2761,1,1729,1723,1746
CTRIA3,2762,1,1729,1746,1732
CTRIA3,2763,1,1730,1734,1747
CTRIA3,2764,1,1730,1747,1727
CTRIA3,2765,1,1701,1738,1748
CTRIA3,2766,1,1701,1748,1706
CTRIA3,2767,1,1695,1740,1749
CTRIA3,2768,1,1695,1749,1711
CTRIA3,2769,1,1723,1722,1750
CTRIA3,2770,1,1723,1750,1746
CTRIA3,2771,1,1722,1724,1751
CTRIA3,2772,1,1722,1751,1750
CTRIA3,2773,1,1727,1747,1752
CTRIA3,2774,1,1727,1752,1725
CTRIA3,2775,1,1732,1746,1753
CTRIA3,2776,1,1734,1754,1747
CTRIA3,2777,1,1726,1725,1755
CTRIA3,2778,1,1714,1720,1756
CTRIA3,2779,1,1714,1756,1715
CTRIA3,2780,1,1725,1752,1755
CTRIA3,2781,1,1704,1735,1757
CTRIA3,2782,1,1705,1758,1712
CTRIA3,2783,1,1706,1748,1759
CTRIA3,2784,1,1707,1760,1745
CTRIA3,2785,1,1710,1737,1761
CTRIA3,2786,1,1710,1761,1741
CTRIA3,2787,1,1708,1736,1762
CTRIA3,2788,1,1708,1763,1709
CTRIA3,2789,1,1708,1762,1763
CTRIA3,2790,1,1709,1763,1739
CTRIA3,2791,1,1719,1728,1764
CTRIA3,2792,1,1719,1764,1720
CTRIA3,2793,1,1711,1749,1765
CTRIA3,2794,1,1711,1765,1742
CTRIA3,2795,1,1703,1744,1766
CTRIA3,2796,1,1703,1766,1738
CTRIA3,2797,1,1716,1717,1767
CTRIA3,2798,1,1716,1767,1718
CTRIA3,2799,1,1718,1768,1721
CTRIA3,2800,1,1718,1767,1768
CTRIA3,2801,1,1728,1733,1769
CTRIA3,2802,1,1728,1769,1764
CTRIA3,2803,1,1713,1770,1717
CTRIA3,2804,1,1715,1756,1771
CTRIA3,2805,1,1721,1768,1772
CTRIA3,2806,1,1721,1772,1731
CTRIA3,2807,1,1736,1745,1773
CTRIA3,2808,1,1736,1773,1762
CTRIA3,2809,1,1737,1743,1774
CTRIA3,2810,1,1737,1774,1761
CTRIA3,2811,1,1746,1750,1775
CTRIA3,2812,1,1746,1776,1753
CTRIA3,2813,1,1746,1775,1776
CTRIA3,2814,1,1735,1739,1777
CTRIA3,2815,1,1735,1777,1757
CTRIA3,2816,1,1712,1758,1778
CTRIA3,2817,1,1712,1778,1744
CTRIA3,2818,1,1747,1754,1779
CTRIA3,2819,1,1747,1779,1780
CTRIA3,2820,1,1747,1780,1752
CTRIA3,2821,1,1720,1764,1781
CTRIA3,2822,1,1720,1781,1756
CTRIA3,2823,1,1750,1751,1782
CTRIA3,2824,1,1750,1782,1775
CTRIA3,2825,1,1745,1760,1783
CTRIA3,2826,1,1745,1783,1773
CTRIA3,2827,1,1753,1776,1784
CTRIA3,2828,1,1754,1785,1779
CTRIA3,2829,1,1755,1752,1786
CTRIA3,2830,1,1740,1787,1749
CTRIA3,2831,1,1740,1788,1787
CTRIA3,2832,1,1741,1761,1789
CTRIA3,2833,1,1742,1765,1790
CTRIA3,2834,1,1743,1791,1774
CTRIA3,2835,1,1749,1787,1765
CTRIA3,2836,1,1752,1780,1792
CTRIA3,2837,1,1752,1792,1786
CTRIA3,2838,1,1717,1770,1793
CTRIA3,2839,1,1717,1793,1794
CTRIA3,2840,1,1717,1794,1767
CTRIA3,2841,1,1738,1766,1795
CTRIA3,2842,1,1738,1796,1748
CTRIA3,2843,1,1738,1795,1796
CTRIA3,2844,1,1739,1763,1797
CTRIA3,2845,1,1739,1797,1777
CTRIA3,2846,1,1748,1798,1759
CTRIA3,2847,1,1748,1796,1798
CTRIA3,2848,1,1744,1778,1799
CTRIA3,2849,1,1744,1799,1766
CTRIA3,2850,1,1776,1775,1800
CTRIA3,2851,1,1776,1800,1784
CTRIA3,2852,1,1757,1777,1801
CTRIA3,2853,1,1758,1802,1778
CTRIA3,2854,1,1759,1798,1803
CTRIA3,2855,1,1760,1804,1783
CTRIA3,2856,1,1764,1769,1805
CTRIA3,2857,1,1764,1805,1781
CTRIA3,2858,1,1756,1781,1806
CTRIA3,2859,1,1756,1806,1771
CTRIA3,2860,1,1773,1783,1807
CTRIA3,2861,1,1773,1807,1762
CTRIA3,2862,1,1761,1774,1808
CTRIA3,2863,1,1761,1808,1789
CTRIA3,2864,1,1763,1762,1809
CTRIA3,2865,1,1763,1809,1797
CTRIA3,2866,1,1762,1807,1809
CTRIA3,2867,1,1775,1782,1810
CTRIA3,2868,1,1775,1810,1800
CTRIA3,2869,1,1779,1785,1811
CTRIA3,2870,1,1779,1811,1780
CTRIA3,2871,1,1765,1787,1812
CTRIA3,2872,1,1765,1812,1790
CTRIA3,2873,1,1768,1767,1813
CTRIA3,2874,1,1768,1813,1814
CTRIA3,2875,1,1768,1814,1772
CTRIA3,2876,1,1767,1794,1813
CTRIA3,2877,1,1770,1815,1793
CTRIA3,2878,1,1771,1806,1816
CTRIA3,2879,1,1784,1800,1817
CTRIA3,2880,1,1782,1818,1810
CTRIA3,2881,1,1786,1792,1819
CTRIA3,2882,1,1772,1814,1820
CTRIA3,2883,1,1769,1821,1805
CTRIA3,2884,1,1766,1799,1822
CTRIA3,2885,1,1766,1822,1795
CTRIA3,2886,1,1780,1811,1823
CTRIA3,2887,1,1780,1824,1792
CTRIA3,2888,1,1780,1823,1824
CTRIA3,2889,1,1783,1804,1825
CTRIA3,2890,1,1783,1825,1807
CTRIA3,2891,1,1787,1788,1826
CTRIA3,2892,1,1787,1826,1812
CTRIA3,2893,1,1778,1802,1827
CTRIA3,2894,1,1778,1827,1799
CTRIA3,2895,1,1777,1797,1828
CTRIA3,2896,1,1777,1828,1801
CTRIA3,2897,1,1774,1791,1829
CTRIA3,2898,1,1774,1829,1808
CTRIA3,2899,1,1800,1810,1830
CTRIA3,2900,1,1800,1830,1831
CTRIA3,2901,1,1800,1831,1817
CTRIA3,2902,1,1792,1824,1832
CTRIA3,2903,1,1792,1832,1819
CTRIA3,2904,1,1781,1805,1833
CTRIA3,2905,1,1781,1833,1834
CTRIA3,2906,1,1781,1834,1806
CTRIA3,2907,1,1810,1818,1835
CTRIA3,2908,1,1810,1835,1830
CTRIA3,2909,1,1788,1836,1826
CTRIA3,2910,1,1789,1808,1837
CTRIA3,2911,1,1790,1812,1838
CTRIA3,2912,1,1790,1838,1839
CTRIA3,2913,1,1791,1840,1829
CTRIA3,2914,1,1798,1796,1841
CTRIA3,2915,1,1798,1841,1803
CTRIA3,2916,1,1793,1815,1842
CTRIA3,2917,1,1793,1842,1794
CTRIA3,2918,1,1805,1821,1833
CTRIA3,2919,1,1796,1795,1843
CTRIA3,2920,1,1796,1843,1841
CTRIA3,2921,1,1794,1842,1844
CTRIA3,2922,1,1794,1844,1813
CTRIA3,2923,1,1807,1825,1845
CTRIA3,2924,1,1807,1845,1809
CTRIA3,2925,1,1797,1809,1846
CTRIA3,2926,1,1797,1846,1828
CTRIA3,2927,1,1817,1831,1847
CTRIA3,2928,1,1811,1848,1823
CTRIA3,2929,1,1818,1849,1835
CTRIA3,2930,1,1819,1832,1850
CTRIA3,2931,1,1806,1834,1851
CTRIA3,2932,1,1806,1851,1816
CTRIA3,2933,1,1801,1828,1852
CTRIA3,2934,1,1802,1853,1827
CTRIA3,2935,1,1799,1854,1822
CTRIA3,2936,1,1799,1827,1854
CTRIA3,2937,1,1813,1855,1814
CTRIA3,2938,1,1813,1844,1855
CTRIA3,2939,1,1803,1841,1856
CTRIA3,2940,1,1804,1857,1858
CTRIA3,2941,1,1804,1858,1825
CTRIA3,2942,1,1795,1822,1859
CTRIA3,2943,1,1795,1859,1843
CTRIA3,2944,1,1808,1829,1860
CTRIA3,2945,1,1808,1860,1837
CTRIA3,2946,1,1812,1826,1838
CTRIA3,2947,1,1809,1845,1861
CTRIA3,2948,1,1809,1861,1846
CTRIA3,2949,1,1814,1855,1862
CTRIA3,2950,1,1814,1862,1820
CTRIA3,2951,1,1815,1863,1842
CTRIA3,2952,1,1816,1851,1864
CTRIA3,2953,1,1830,1835,1865
CTRIA3,2954,1,1830,1865,1866
CTRIA3,2955,1,1830,1866,1831
CTRIA3,2956,1,1822,1854,1859
CTRIA3,2957,1,1835,1849,1865
CTRIA3,2958,1,1825,1858,1845
CTRIA3,2959,1,1867,1868,1869
CTRIA3,2960,1,1867,1869,1870
CTRIA3,2961,1,1871,1872,1873
CTRIA3,2962,1,1871,1874,1872
CTRIA3,2963,1,1824,1823,1875
CTRIA3,2964,1,1824,1875,1876
CTRIA3,2965,1,1824,1876,1832
CTRIA3,2966,1,1820,1862,1877
CTRIA3,2967,1,1821,1878,1833
CTRIA3,2968,1,1821,1879,1878
CTRIA3,2969,1,1823,1848,1880
CTRIA3,2970,1,1823,1880,1875
CTRIA3,2971,1,1831,1866,1881
CTRIA3,2972,1,1831,1881,1847
CTRIA3,2973,1,1832,1876,1850
CTRIA3,2974,1,1868,1882,1869
CTRIA3,2975,1,1873,1872,1883
CTRIA3,2976,1,1833,1878,1884
CTRIA3,2977,1,1833,1884,1834
CTRIA3,2978,1,1834,1884,1885
CTRIA3,2979,1,1834,1885,1851
CTRIA3,2980,1,1847,1881,1886
CTRIA3,2981,1,1848,1887,1880
CTRIA3,2982,1,1849,1888,1865
CTRIA3,2983,1,1850,1876,1889
CTRIA3,2984,1,1865,1890,1866
CTRIA3,2985,1,1865,1888,1890
CTRIA3,2986,1,1842,1863,1891
CTRIA3,2987,1,1842,1891,1892
CTRIA3,2988,1,1842,1892,1844
CTRIA3,2989,1,1866,1890,1893
CTRIA3,2990,1,1866,1893,1881
CTRIA3,2991,1,1839,1894,1895
CTRIA3,2992,1,1839,1895,1896
CTRIA3,2993,1,1894,1897,1895
CTRIA3,2994,1,1898,1840,1899
CTRIA3,2995,1,1898,1900,1901
CTRIA3,2996,1,1898,1899,1900
CTRIA3,2997,1,1840,1902,1899
CTRIA3,2998,1,1897,1836,1903
CTRIA3,2999,1,1897,1904,1895
CTRIA3,3000,1,1897,1903,1904
CTRIA3,3001,1,1837,1901,1905
CTRIA3,3002,1,1901,1900,1905
CTRIA3,3003,1,1855,1844,1906
CTRIA3,3004,1,1855,1906,1862
CTRIA3,3005,1,1844,1892,1906
CTRIA3,3006,1,1851,1885,1907
CTRIA3,3007,1,1851,1907,1864
CTRIA3,3008,1,1881,1893,1886
CTRIA3,3009,1,1875,1880,1908
CTRIA3,3010,1,1875,1908,1876
CTRIA3,3011,1,1857,1909,1910
CTRIA3,3012,1,1857,1911,1909
CTRIA3,3013,1,1857,1912,1858
CTRIA3,3014,1,1857,1913,1912
CTRIA3,3015,1,1910,1909,1845
CTRIA3,3016,1,1858,1912,1845
CTRIA3,3017,1,1845,1909,1914
CTRIA3,3018,1,1845,1914,1861
CTRIA3,3019,1,1845,1912,1915
CTRIA3,3020,1,1845,1915,1861
CTRIA3,3021,1,1861,1914,1916
CTRIA3,3022,1,1861,1916,1846
CTRIA3,3023,1,1861,1915,1917
CTRIA3,3024,1,1861,1917,1846
CTRIA3,3025,1,1846,1918,1828
CTRIA3,3026,1,1846,1916,1918
CTRIA3,3027,1,1846,1919,1828
CTRIA3,3028,1,1846,1917,1919
CTRIA3,3029,1,1828,1918,1920
CTRIA3,3030,1,1828,1920,1852
CTRIA3,3031,1,1828,1921,1852
CTRIA3,3032,1,1828,1919,1922
CTRIA3,3033,1,1828,1922,1921
CTRIA3,3034,1,1909,1911,1923
CTRIA3,3035,1,1909,1923,1914
CTRIA3,3036,1,1918,1916,1924
CTRIA3,3037,1,1918,1925,1920
CTRIA3,3038,1,1918,1924,1925
CTRIA3,3039,1,1911,1926,1923
CTRIA3,3040,1,1914,1923,1927
CTRIA3,3041,1,1914,1927,1916
CTRIA3,3042,1,1916,1927,1924
CTRIA3,3043,1,1923,1926,1928
CTRIA3,3044,1,1923,1928,1927
CTRIA3,3045,1,1926,1929,1928
CTRIA3,3046,1,1925,1924,1930
CTRIA3,3047,1,1924,1927,1931
CTRIA3,3048,1,1924,1931,1930
CTRIA3,3049,1,1927,1928,1932
CTRIA3,3050,1,1927,1932,1931
CTRIA3,3051,1,1928,1929,1933
CTRIA3,3052,1,1928,1933,1932
CTRIA3,3053,1,1929,1934,1935
CTRIA3,3054,1,1929,1935,1933
CTRIA3,3055,1,1930,1931,1936
CTRIA3,3056,1,1930,1936,1937
CTRIA3,3057,1,1931,1932,1938
CTRIA3,3058,1,1931,1938,1936
CTRIA3,3059,1,1932,1933,1939
CTRIA3,3060,1,1932,1939,1938
CTRIA3,3061,1,1933,1935,1940
CTRIA3,3062,1,1933,1940,1939
CTRIA3,3063,1,1934,1941,1935
CTRIA3,3064,1,1937,1936,1942
CTRIA3,3065,1,1936,1938,1943
CTRIA3,3066,1,1936,1943,1942
CTRIA3,3067,1,1935,1941,1944
CTRIA3,3068,1,1935,1944,1940
CTRIA3,3069,1,1938,1939,1945
CTRIA3,3070,1,1938,1945,1943
CTRIA3,3071,1,1939,1940,1946
CTRIA3,3072,1,1939,1946,1945
CTRIA3,3073,1,1940,1944,1946
CTRIA3,3074,1,1941,1947,1944
CTRIA3,3075,1,1942,1943,1948
CTRIA3,3076,1,1942,1948,1949
CTRIA3,3077,1,1944,1947,1950
CTRIA3,3078,1,1944,1950,1946
CTRIA3,3079,1,1943,1945,1951
CTRIA3,3080,1,1943,1951,1948
CTRIA3,3081,1,1946,1950,1952
CTRIA3,3082,1,1946,1952,1945
CTRIA3,3083,1,1945,1952,1953
CTRIA3,3084,1,1945,1953,1951
CTRIA3,3085,1,1947,1954,1950
CTRIA3,3086,1,1947,1955,1954
CTRIA3,3087,1,1949,1948,1956
CTRIA3,3088,1,1949,1956,1957
CTRIA3,3089,1,1950,1954,1958
CTRIA3,3090,1,1950,1958,1952
CTRIA3,3091,1,1948,1951,1959
CTRIA3,3092,1,1948,1959,1956
CTRIA3,3093,1,1952,1958,1960
CTRIA3,3094,1,1952,1960,1953
CTRIA3,3095,1,1951,1953,1961
CTRIA3,3096,1,1951,1961,1959
CTRIA3,3097,1,1953,1960,1961
CTRIA3,3098,1,1954,1955,1962
CTRIA3,3099,1,1954,1962,1958
CTRIA3,3100,1,1955,1963,1962
CTRIA3,3101,1,1957,1956,1964
CTRIA3,3102,1,1957,1964,1965
CTRIA3,3103,1,1956,1959,1964
CTRIA3,3104,1,1958,1962,1966
CTRIA3,3105,1,1958,1966,1960
CTRIA3,3106,1,1960,1966,1967
CTRIA3,3107,1,1960,1967,1961
CTRIA3,3108,1,1959,1961,1968
CTRIA3,3109,1,1959,1969,1964
CTRIA3,3110,1,1959,1968,1969
CTRIA3,3111,1,1962,1963,1970
CTRIA3,3112,1,1962,1970,1966
CTRIA3,3113,1,1965,1964,1971
CTRIA3,3114,1,1961,1967,1968
CTRIA3,3115,1,1964,1969,1971
CTRIA3,3116,1,1966,1970,1972
CTRIA3,3117,1,1966,1972,1967
CTRIA3,3118,1,1970,1973,1974
CTRIA3,3119,1,1970,1974,1972
CTRIA3,3120,1,1971,1969,1975
CTRIA3,3121,1,1969,1968,1976
CTRIA3,3122,1,1969,1976,1975
CTRIA3,3123,1,1967,1972,1977
CTRIA3,3124,1,1967,1977,1978
CTRIA3,3125,1,1967,1978,1968
CTRIA3,3126,1,1972,1974,1977
CTRIA3,3127,1,1968,1978,1979
CTRIA3,3128,1,1968,1979,1976
CTRIA3,3129,1,1973,1980,1981
CTRIA3,3130,1,1973,1981,1974
CTRIA3,3131,1,1975,1976,1982
CTRIA3,3132,1,1974,1981,1983
CTRIA3,3133,1,1974,1983,1977
CTRIA3,3134,1,1976,1979,1984
CTRIA3,3135,1,1976,1984,1982
CTRIA3,3136,1,1977,1983,1985
CTRIA3,3137,1,1977,1985,1978
CTRIA3,3138,1,1978,1985,1986
CTRIA3,3139,1,1978,1986,1979
CTRIA3,3140,1,1980,1987,1981
CTRIA3,3141,1,1982,1984,1988
CTRIA3,3142,1,1981,1987,1989
CTRIA3,3143,1,1981,1989,1983
CTRIA3,3144,1,1979,1986,1990
CTRIA3,3145,1,1979,1990,1984
CTRIA3,3146,1,1983,1989,1991
CTRIA3,3147,1,1983,1991,1985
CTRIA3,3148,1,1984,1990,1992
CTRIA3,3149,1,1984,1992,1988
CTRIA3,3150,1,1987,1993,1989
CTRIA3,3151,1,1988,1992,1994
CTRIA3,3152,1,1985,1991,1995
CTRIA3,3153,1,1985,1995,1986
CTRIA3,3154,1,1989,1993,1996
CTRIA3,3155,1,1989,1996,1991
CTRIA3,3156,1,1986,1995,1997
CTRIA3,3157,1,1986,1997,1990
CTRIA3,3158,1,1990,1997,1998
CTRIA3,3159,1,1990,1998,1992
CTRIA3,3160,1,1993,1999,1996
CTRIA3,3161,1,1994,1992,2000
CTRIA3,3162,1,1991,1996,2001
CTRIA3,3163,1,1991,2001,1995
CTRIA3,3164,1,1992,1998,2002
CTRIA3,3165,1,1992,2002,2000
CTRIA3,3166,1,1996,1999,2003
CTRIA3,3167,1,1996,2003,2001
CTRIA3,3168,1,1995,2001,2004
CTRIA3,3169,1,1995,2005,1997
CTRIA3,3170,1,1995,2004,2005
CTRIA3,3171,1,2000,2002,2006
CTRIA3,3172,1,2000,2006,2007
CTRIA3,3173,1,1997,2005,2008
CTRIA3,3174,1,1997,2008,1998
CTRIA3,3175,1,1998,2009,2002
CTRIA3,3176,1,1998,2008,2009
CTRIA3,3177,1,2002,2009,2010
CTRIA3,3178,1,2002,2010,2006
CTRIA3,3179,1,2001,2003,2011
CTRIA3,3180,1,2001,2011,2012
CTRIA3,3181,1,2001,2012,2004
CTRIA3,3182,1,2006,2010,2007
CTRIA3,3183,1,2003,2013,2011
CTRIA3,3184,1,2007,2010,2014
CTRIA3,3185,1,2005,2004,2015
CTRIA3,3186,1,2005,2015,2008
CTRIA3,3187,1,2004,2012,2016
CTRIA3,3188,1,2004,2016,2015
CTRIA3,3189,1,2009,2008,2017
CTRIA3,3190,1,2009,2018,2010
CTRIA3,3191,1,2009,2017,2018
CTRIA3,3192,1,2010,2019,2014
CTRIA3,3193,1,2010,2018,2019
CTRIA3,3194,1,2008,2015,2020
CTRIA3,3195,1,2008,2020,2017
CTRIA3,3196,1,2013,2021,2011
CTRIA3,3197,1,2014,2019,2022
CTRIA3,3198,1,2011,2021,2023
CTRIA3,3199,1,2011,2024,2012
CTRIA3,3200,1,2011,2023,2024
CTRIA3,3201,1,2012,2024,2025
CTRIA3,3202,1,2012,2025,2016
CTRIA3,3203,1,2015,2016,2026
CTRIA3,3204,1,2015,2026,2020
CTRIA3,3205,1,2019,2018,2027
CTRIA3,3206,1,2019,2027,2022
CTRIA3,3207,1,2018,2017,2028
CTRIA3,3208,1,2018,2028,2027
CTRIA3,3209,1,2017,2020,2029
CTRIA3,3210,1,2017,2029,2028
CTRIA3,3211,1,2016,2025,2030
CTRIA3,3212,1,2016,2030,2026
CTRIA3,3213,1,2021,2031,2023
CTRIA3,3214,1,2022,2027,2032
CTRIA3,3215,1,2024,2023,2033
CTRIA3,3216,1,2024,2034,2025
CTRIA3,3217,1,2024,2033,2034
CTRIA3,3218,1,2027,2028,2035
CTRIA3,3219,1,2027,2035,2032
CTRIA3,3220,1,2020,2026,2036
CTRIA3,3221,1,2020,2036,2037
CTRIA3,3222,1,2020,2037,2029
CTRIA3,3223,1,2025,2034,2038
CTRIA3,3224,1,2025,2038,2030
CTRIA3,3225,1,2026,2030,2039
CTRIA3,3226,1,2026,2039,2036
CTRIA3,3227,1,2028,2029,2040
CTRIA3,3228,1,2028,2040,2035
CTRIA3,3229,1,2023,2031,2041
CTRIA3,3230,1,2023,2041,2033
CTRIA3,3231,1,2032,2035,2042
CTRIA3,3232,1,2031,2043,2041
CTRIA3,3233,1,2030,2038,2044
CTRIA3,3234,1,2030,2044,2039
CTRIA3,3235,1,2029,2045,2040
CTRIA3,3236,1,2029,2037,2045
CTRIA3,3237,1,2034,2033,2046
CTRIA3,3238,1,2034,2047,2038
CTRIA3,3239,1,2034,2046,2047
CTRIA3,3240,1,2035,2048,2042
CTRIA3,3241,1,2035,2040,2048
CTRIA3,3242,1,2033,2041,2046
CTRIA3,3243,1,2038,2047,2044
CTRIA3,3244,1,2036,2049,2037
CTRIA3,3245,1,2036,2039,2049
CTRIA3,3246,1,1896,2050,2051
CTRIA3,3247,1,1896,2051,2052
CTRIA3,3248,1,2050,2053,2051
CTRIA3,3249,1,2042,2048,2054
CTRIA3,3250,1,2042,2054,2055
CTRIA3,3251,1,2048,2040,2056
CTRIA3,3252,1,2048,2056,2054
CTRIA3,3253,1,2040,2045,2056
CTRIA3,3254,1,2045,2037,2057
CTRIA3,3255,1,2045,2057,2056
CTRIA3,3256,1,2037,2049,2058
CTRIA3,3257,1,2037,2058,2059
CTRIA3,3258,1,2037,2059,2057
CTRIA3,3259,1,2049,2039,2058
CTRIA3,3260,1,2039,2044,2060
CTRIA3,3261,1,2039,2060,2061
CTRIA3,3262,1,2039,2061,2058
CTRIA3,3263,1,2053,1903,2062
CTRIA3,3264,1,2053,2063,2051
CTRIA3,3265,1,2053,2062,2063
CTRIA3,3266,1,2044,2047,2064
CTRIA3,3267,1,2044,2064,2060
CTRIA3,3268,1,2047,2046,2065
CTRIA3,3269,1,2047,2065,2066
CTRIA3,3270,1,2047,2066,2064
CTRIA3,3271,1,2046,2041,2065
CTRIA3,3272,1,2041,2043,2067
CTRIA3,3273,1,2041,2067,2068
CTRIA3,3274,1,2041,2068,2069
CTRIA3,3275,1,2041,2069,2065
CTRIA3,3276,1,2065,2069,2070
CTRIA3,3277,1,2065,2070,2066
CTRIA3,3278,1,2058,2061,2071
CTRIA3,3279,1,2058,2071,2059
CTRIA3,3280,1,2056,2057,2072
CTRIA3,3281,1,2056,2072,2073
CTRIA3,3282,1,2056,2073,2054
CTRIA3,3283,1,2057,2059,2074
CTRIA3,3284,1,2057,2074,2072
CTRIA3,3285,1,2066,2070,2075
CTRIA3,3286,1,2066,2075,2064
CTRIA3,3287,1,2054,2073,2076
CTRIA3,3288,1,2054,2076,2055
CTRIA3,3289,1,2067,2077,2068
CTRIA3,3290,1,2064,2075,2078
CTRIA3,3291,1,2064,2078,2060
CTRIA3,3292,1,2060,2078,2079
CTRIA3,3293,1,2060,2079,2061
CTRIA3,3294,1,2059,2071,2080
CTRIA3,3295,1,2059,2080,2074
CTRIA3,3296,1,2061,2079,2081
CTRIA3,3297,1,2061,2081,2071
CTRIA3,3298,1,2068,2077,2082
CTRIA3,3299,1,2068,2082,2069
CTRIA3,3300,1,2069,2083,2070
CTRIA3,3301,1,2069,2082,2083
CTRIA3,3302,1,2070,2083,2075
CTRIA3,3303,1,2071,2081,2080
CTRIA3,3304,1,2072,2074,2084
CTRIA3,3305,1,2072,2085,2073
CTRIA3,3306,1,2072,2084,2085
CTRIA3,3307,1,2073,2085,2086
CTRIA3,3308,1,2073,2086,2076
CTRIA3,3309,1,2075,2083,2087
CTRIA3,3310,1,2075,2087,2078
CTRIA3,3311,1,2074,2080,2088
CTRIA3,3312,1,2074,2088,2084
CTRIA3,3313,1,2076,2086,2089
CTRIA3,3314,1,2077,2090,2082
CTRIA3,3315,1,2078,2087,2091
CTRIA3,3316,1,2078,2091,2079
CTRIA3,3317,1,2080,2081,2092
CTRIA3,3318,1,2080,2092,2088
CTRIA3,3319,1,2079,2091,2093
CTRIA3,3320,1,2079,2093,2081
CTRIA3,3321,1,2081,2093,2092
CTRIA3,3322,1,2083,2082,2094
CTRIA3,3323,1,2083,2094,2087
CTRIA3,3324,1,2085,2084,2095
CTRIA3,3325,1,2085,2095,2086
CTRIA3,3326,1,2082,2090,2096
CTRIA3,3327,1,2082,2096,2094
CTRIA3,3328,1,2084,2088,2097
CTRIA3,3329,1,2084,2097,2095
CTRIA3,3330,1,2086,2095,2098
CTRIA3,3331,1,2086,2099,2089
CTRIA3,3332,1,2086,2098,2099
CTRIA3,3333,1,2088,2092,2100
CTRIA3,3334,1,2088,2100,2097
CTRIA3,3335,1,2087,2094,2101
CTRIA3,3336,1,2087,2101,2091
CTRIA3,3337,1,2089,2099,2102
CTRIA3,3338,1,2090,2103,2096
CTRIA3,3339,1,2092,2093,2104
CTRIA3,3340,1,2092,2104,2100
CTRIA3,3341,1,2091,2101,2105
CTRIA3,3342,1,2091,2105,2093
CTRIA3,3343,1,2093,2105,2104
CTRIA3,3344,1,2095,2097,2106
CTRIA3,3345,1,2095,2106,2098
CTRIA3,3346,1,2094,2096,2107
CTRIA3,3347,1,2094,2107,2101
CTRIA3,3348,1,2099,2098,2108
CTRIA3,3349,1,2099,2108,2102
CTRIA3,3350,1,2097,2100,2109
CTRIA3,3351,1,2097,2109,2106
CTRIA3,3352,1,2096,2103,2110
CTRIA3,3353,1,2096,2110,2111
CTRIA3,3354,1,2096,2111,2107
CTRIA3,3355,1,2100,2104,2112
CTRIA3,3356,1,2100,2112,2109
CTRIA3,3357,1,2102,2108,2113
CTRIA3,3358,1,2103,2114,2110
CTRIA3,3359,1,2104,2105,2115
CTRIA3,3360,1,2104,2115,2112
CTRIA3,3361,1,2098,2106,2116
CTRIA3,3362,1,2098,2117,2108
CTRIA3,3363,1,2098,2116,2117
CTRIA3,3364,1,2101,2107,2118
CTRIA3,3365,1,2101,2118,2119
CTRIA3,3366,1,2101,2119,2105
CTRIA3,3367,1,2105,2119,2115
CTRIA3,3368,1,2106,2109,2120
CTRIA3,3369,1,2106,2120,2116
CTRIA3,3370,1,2108,2117,2113
CTRIA3,3371,1,2107,2111,2121
CTRIA3,3372,1,2107,2121,2118
CTRIA3,3373,1,2109,2112,2122
CTRIA3,3374,1,2109,2122,2120
CTRIA3,3375,1,2110,2114,2123
CTRIA3,3376,1,2110,2123,2111
CTRIA3,3377,1,2112,2115,2124
CTRIA3,3378,1,2112,2124,2122
CTRIA3,3379,1,2111,2123,2125
CTRIA3,3380,1,2111,2125,2121
CTRIA3,3381,1,2113,2117,2126
CTRIA3,3382,1,2114,2127,2123
CTRIA3,3383,1,2115,2119,2128
CTRIA3,3384,1,2115,2128,2124
CTRIA3,3385,1,2120,2122,2129
CTRIA3,3386,1,2120,2129,2116
CTRIA3,3387,1,2118,2121,2130
CTRIA3,3388,1,2118,2131,2119
CTRIA3,3389,1,2118,2130,2131
CTRIA3,3390,1,2117,2116,2132
CTRIA3,3391,1,2117,2132,2126
CTRIA3,3392,1,2119,2131,2133
CTRIA3,3393,1,2119,2133,2128
CTRIA3,3394,1,2121,2125,2130
CTRIA3,3395,1,2116,2129,2134
CTRIA3,3396,1,2116,2134,2132
CTRIA3,3397,1,2123,2127,2135
CTRIA3,3398,1,2123,2135,2125
CTRIA3,3399,1,2122,2124,2136
CTRIA3,3400,1,2122,2136,2129
CTRIA3,3401,1,2124,2128,2137
CTRIA3,3402,1,2124,2137,2136
CTRIA3,3403,1,2125,2135,2138
CTRIA3,3404,1,2125,2138,2130
CTRIA3,3405,1,2128,2133,2139
CTRIA3,3406,1,2128,2139,2137
CTRIA3,3407,1,2127,2140,2135
CTRIA3,3408,1,2126,2132,2141
CTRIA3,3409,1,2126,2141,2142
CTRIA3,3410,1,2129,2136,2143
CTRIA3,3411,1,2129,2143,2134
CTRIA3,3412,1,2131,2130,2144
CTRIA3,3413,1,2131,2144,2145
CTRIA3,3414,1,2131,2145,2133
CTRIA3,3415,1,2130,2138,2144
CTRIA3,3416,1,2135,2140,2138
CTRIA3,3417,1,2132,2134,2146
CTRIA3,3418,1,2132,2146,2141
CTRIA3,3419,1,2133,2145,2147
CTRIA3,3420,1,2133,2147,2139
CTRIA3,3421,1,2136,2137,2148
CTRIA3,3422,1,2136,2148,2143
CTRIA3,3423,1,2134,2143,2149
CTRIA3,3424,1,2134,2149,2146
CTRIA3,3425,1,2137,2139,2150
CTRIA3,3426,1,2137,2150,2148
CTRIA3,3427,1,2138,2140,2151
CTRIA3,3428,1,2138,2151,2152
CTRIA3,3429,1,2138,2152,2144
CTRIA3,3430,1,2144,2153,2145
CTRIA3,3431,1,2144,2152,2153
CTRIA3,3432,1,2145,2153,2154
CTRIA3,3433,1,2145,2154,2147
CTRIA3,3434,1,2139,2147,2155
CTRIA3,3435,1,2139,2155,2150
CTRIA3,3436,1,2143,2148,2156
CTRIA3,3437,1,2143,2156,2149
CTRIA3,3438,1,2140,2157,2151
CTRIA3,3439,1,2142,2141,2158
CTRIA3,3440,1,2147,2154,2155
CTRIA3,3441,1,2146,2149,2159
CTRIA3,3442,1,2146,2159,2141
CTRIA3,3443,1,2141,2159,2160
CTRIA3,3444,1,2141,2160,2158
CTRIA3,3445,1,2148,2150,2161
CTRIA3,3446,1,2148,2161,2156
CTRIA3,3447,1,2150,2155,2162
CTRIA3,3448,1,2150,2162,2161
CTRIA3,3449,1,2149,2156,2163
CTRIA3,3450,1,2149,2163,2164
CTRIA3,3451,1,2149,2164,2159
CTRIA3,3452,1,2151,2157,2165
CTRIA3,3453,1,2151,2165,2166
CTRIA3,3454,1,2151,2166,2152
CTRIA3,3455,1,2153,2152,2167
CTRIA3,3456,1,2153,2168,2154
CTRIA3,3457,1,2153,2167,2168
CTRIA3,3458,1,2152,2166,2167
CTRIA3,3459,1,2154,2168,2169
CTRIA3,3460,1,2154,2169,2155
CTRIA3,3461,1,2155,2169,2162
CTRIA3,3462,1,2156,2161,2170
CTRIA3,3463,1,2156,2170,2163
CTRIA3,3464,1,2157,2171,2165
CTRIA3,3465,1,2158,2160,2172
CTRIA3,3466,1,2159,2164,2173
CTRIA3,3467,1,2159,2173,2160
CTRIA3,3468,1,2161,2162,2174
CTRIA3,3469,1,2161,2174,2170
CTRIA3,3470,1,2160,2173,2175
CTRIA3,3471,1,2160,2175,2172
CTRIA3,3472,1,2168,2167,2176
CTRIA3,3473,1,2168,2176,2169
CTRIA3,3474,1,2162,2169,2177
CTRIA3,3475,1,2162,2177,2174
CTRIA3,3476,1,2167,2166,2178
CTRIA3,3477,1,2167,2178,2176
CTRIA3,3478,1,2165,2171,2179
CTRIA3,3479,1,2165,2179,2180
CTRIA3,3480,1,2165,2180,2166
CTRIA3,3481,1,2163,2170,2181
CTRIA3,3482,1,2163,2182,2164
CTRIA3,3483,1,2163,2181,2182
CTRIA3,3484,1,2164,2182,2183
CTRIA3,3485,1,2164,2183,2173
CTRIA3,3486,1,2166,2180,2178
CTRIA3,3487,1,2169,2176,2184
CTRIA3,3488,1,2169,2184,2177
CTRIA3,3489,1,2172,2175,2185
CTRIA3,3490,1,2170,2174,2186
CTRIA3,3491,1,2170,2186,2181
CTRIA3,3492,1,2173,2183,2187
CTRIA3,3493,1,2173,2187,2175
CTRIA3,3494,1,2174,2177,2186
CTRIA3,3495,1,2175,2187,2185
CTRIA3,3496,1,2176,2178,2188
CTRIA3,3497,1,2176,2188,2184
CTRIA3,3498,1,2182,2181,2189
CTRIA3,3499,1,2182,2189,2183
CTRIA3,3500,1,1905,2190,2191
CTRIA3,3501,1,2179,2192,2180
CTRIA3,3502,1,2180,2193,2178
CTRIA3,3503,1,2180,2192,2193
CTRIA3,3504,1,2178,2194,2188
CTRIA3,3505,1,2178,2193,2194
CTRIA3,3506,1,2188,2195,2184
CTRIA3,3507,1,2188,2194,2195
CTRIA3,3508,1,2184,2196,2177
CTRIA3,3509,1,2184,2195,2196
CTRIA3,3510,1,2190,2197,2198
CTRIA3,3511,1,2190,2198,2191
CTRIA3,3512,1,2177,2196,2199
CTRIA3,3513,1,2177,2200,2186
CTRIA3,3514,1,2177,2201,2200
CTRIA3,3515,1,2177,2199,2201
CTRIA3,3516,1,2186,2200,2181
CTRIA3,3517,1,2181,2200,2202
CTRIA3,3518,1,2181,2202,2189
CTRIA3,3519,1,2189,2203,2183
CTRIA3,3520,1,2189,2202,2204
CTRIA3,3521,1,2189,2204,2203
CTRIA3,3522,1,2183,2203,2187
CTRIA3,3523,1,2187,2205,2185
CTRIA3,3524,1,2187,2203,2205
CTRIA3,3525,1,2185,2205,2206
CTRIA3,3526,1,2197,1902,2207
CTRIA3,3527,1,2197,2207,2198
CTRIA3,3528,1,1902,2208,2207
CTRIA3,3529,1,2205,2203,2209
CTRIA3,3530,1,2205,2209,2206
CTRIA3,3531,1,2196,2195,2210
CTRIA3,3532,1,2196,2210,2199
CTRIA3,3533,1,2200,2201,2211
CTRIA3,3534,1,2200,2211,2202
CTRIA3,3535,1,2203,2204,2212
CTRIA3,3536,1,2203,2212,2209
CTRIA3,3537,1,2195,2194,2213
CTRIA3,3538,1,2195,2213,2210
CTRIA3,3539,1,2194,2193,2214
CTRIA3,3540,1,2194,2214,2213
CTRIA3,3541,1,2193,2192,2215
CTRIA3,3542,1,2193,2215,2214
CTRIA3,3543,1,2206,2209,2216
CTRIA3,3544,1,2202,2211,2217
CTRIA3,3545,1,2202,2217,2204
CTRIA3,3546,1,2201,2199,2218
CTRIA3,3547,1,2201,2218,2219
CTRIA3,3548,1,2201,2219,2211
CTRIA3,3549,1,2199,2210,2220
CTRIA3,3550,1,2199,2220,2218
CTRIA3,3551,1,2204,2217,2221
CTRIA3,3552,1,2204,2221,2212
CTRIA3,3553,1,2209,2212,2222
CTRIA3,3554,1,2209,2222,2216
CTRIA3,3555,1,2210,2213,2223
CTRIA3,3556,1,2210,2223,2220
CTRIA3,3557,1,2213,2214,2224
CTRIA3,3558,1,2213,2224,2223
CTRIA3,3559,1,2211,2219,2225
CTRIA3,3560,1,2211,2225,2217
CTRIA3,3561,1,2214,2215,2226
CTRIA3,3562,1,2214,2226,2224
CTRIA3,3563,1,2216,2222,2227
CTRIA3,3564,1,2215,2228,2226
CTRIA3,3565,1,2212,2221,2229
CTRIA3,3566,1,2212,2229,2222
CTRIA3,3567,1,2217,2225,2230
CTRIA3,3568,1,2217,2230,2221
CTRIA3,3569,1,2218,2220,2231
CTRIA3,3570,1,2218,2231,2219
CTRIA3,3571,1,2222,2229,2232
CTRIA3,3572,1,2222,2232,2227
CTRIA3,3573,1,2220,2223,2233
CTRIA3,3574,1,2220,2233,2231
CTRIA3,3575,1,2219,2231,2234
CTRIA3,3576,1,2219,2234,2225
CTRIA3,3577,1,2221,2230,2235
CTRIA3,3578,1,2221,2235,2229
CTRIA3,3579,1,2223,2224,2236
CTRIA3,3580,1,2223,2236,2233
CTRIA3,3581,1,2224,2226,2237
CTRIA3,3582,1,2224,2237,2236
CTRIA3,3583,1,2226,2228,2238
CTRIA3,3584,1,2226,2238,2237
CTRIA3,3585,1,2225,2234,2239
CTRIA3,3586,1,2225,2239,2230
CTRIA3,3587,1,2227,2232,2240
CTRIA3,3588,1,2229,2235,2241
CTRIA3,3589,1,2229,2241,2232
CTRIA3,3590,1,2231,2233,2242
CTRIA3,3591,1,2231,2242,2234
CTRIA3,3592,1,2230,2239,2243
CTRIA3,3593,1,2230,2243,2235
CTRIA3,3594,1,2232,2241,2244
CTRIA3,3595,1,2232,2244,2240
CTRIA3,3596,1,2233,2236,2245
CTRIA3,3597,1,2233,2245,2242
CTRIA3,3598,1,2234,2242,2246
CTRIA3,3599,1,2234,2246,2239
CTRIA3,3600,1,2237,2238,2247
CTRIA3,3601,1,2237,2247,2236
CTRIA3,3602,1,2235,2243,2248
CTRIA3,3603,1,2235,2248,2241
CTRIA3,3604,1,2239,2246,2243
CTRIA3,3605,1,2240,2244,2249
CTRIA3,3606,1,2238,2250,2247
CTRIA3,3607,1,2241,2248,2251
CTRIA3,3608,1,2241,2251,2244
CTRIA3,3609,1,2236,2247,2252
CTRIA3,3610,1,2236,2252,2245
CTRIA3,3611,1,2244,2251,2249
CTRIA3,3612,1,2242,2245,2253
CTRIA3,3613,1,2242,2253,2246
CTRIA3,3614,1,2243,2246,2254
CTRIA3,3615,1,2243,2255,2248
CTRIA3,3616,1,2243,2254,2255
CTRIA3,3617,1,2247,2250,2256
CTRIA3,3618,1,2247,2256,2252
CTRIA3,3619,1,2246,2253,2254
CTRIA3,3620,1,2248,2255,2257
CTRIA3,3621,1,2248,2257,2251
CTRIA3,3622,1,2251,2258,2249
CTRIA3,3623,1,2251,2257,2258
CTRIA3,3624,1,2245,2252,2259
CTRIA3,3625,1,2245,2259,2253
CTRIA3,3626,1,2249,2258,2260
CTRIA3,3627,1,2250,2261,2256
CTRIA3,3628,1,2253,2259,2262
CTRIA3,3629,1,2253,2262,2254
CTRIA3,3630,1,2256,2261,2263
CTRIA3,3631,1,2256,2263,2252
CTRIA3,3632,1,2252,2263,2264
CTRIA3,3633,1,2252,2264,2259
CTRIA3,3634,1,2258,2257,2265
CTRIA3,3635,1,2258,2265,2260
CTRIA3,3636,1,2255,2254,2266
CTRIA3,3637,1,2255,2266,2267
CTRIA3,3638,1,2255,2267,2257
CTRIA3,3639,1,2257,2267,2265
CTRIA3,3640,1,2254,2262,2268
CTRIA3,3641,1,2254,2268,2266
CTRIA3,3642,1,2260,2265,2269
CTRIA3,3643,1,2261,2270,2263
CTRIA3,3644,1,2259,2264,2271
CTRIA3,3645,1,2259,2271,2262
CTRIA3,3646,1,2263,2270,2272
CTRIA3,3647,1,2263,2272,2264
CTRIA3,3648,1,2266,2268,2273
CTRIA3,3649,1,2266,2273,2274
CTRIA3,3650,1,2266,2274,2267
CTRIA3,3651,1,2262,2271,2275
CTRIA3,3652,1,2262,2275,2268
CTRIA3,3653,1,2267,2274,2276
CTRIA3,3654,1,2267,2276,2265
CTRIA3,3655,1,2265,2276,2277
CTRIA3,3656,1,2265,2277,2269
CTRIA3,3657,1,2270,2278,2272
CTRIA3,3658,1,2264,2272,2279
CTRIA3,3659,1,2264,2279,2271
CTRIA3,3660,1,2268,2275,2280
CTRIA3,3661,1,2268,2280,2273
CTRIA3,3662,1,2272,2278,2279
CTRIA3,3663,1,2273,2280,2281
CTRIA3,3664,1,2273,2281,2274
CTRIA3,3665,1,2274,2281,2282
CTRIA3,3666,1,2274,2282,2276
CTRIA3,3667,1,2271,2279,2283
CTRIA3,3668,1,2271,2284,2275
CTRIA3,3669,1,2271,2283,2284
CTRIA3,3670,1,2276,2282,2285
CTRIA3,3671,1,2276,2285,2277
CTRIA3,3672,1,2275,2286,2280
CTRIA3,3673,1,2275,2284,2286
CTRIA3,3674,1,2277,2285,2287
CTRIA3,3675,1,2278,2288,2279
CTRIA3,3676,1,2280,2286,2289
CTRIA3,3677,1,2280,2289,2281
CTRIA3,3678,1,2279,2288,2290
CTRIA3,3679,1,2279,2290,2283
CTRIA3,3680,1,2281,2289,2291
CTRIA3,3681,1,2281,2291,2282
CTRIA3,3682,1,2282,2291,2292
CTRIA3,3683,1,2282,2292,2285
CTRIA3,3684,1,2286,2284,2293
CTRIA3,3685,1,2286,2293,2289
CTRIA3,3686,1,2284,2283,2294
CTRIA3,3687,1,2284,2294,2293
CTRIA3,3688,1,2285,2292,2295
CTRIA3,3689,1,2285,2296,2287
CTRIA3,3690,1,2285,2295,2296
CTRIA3,3691,1,2288,2297,2290
CTRIA3,3692,1,2283,2290,2298
CTRIA3,3693,1,2283,2298,2294
CTRIA3,3694,1,2289,2293,2299
CTRIA3,3695,1,2289,2299,2291
CTRIA3,3696,1,2291,2299,2300
CTRIA3,3697,1,2291,2300,2292
CTRIA3,3698,1,2290,2297,2298
CTRIA3,3699,1,2292,2300,2301
CTRIA3,3700,1,2292,2301,2295
CTRIA3,3701,1,2293,2294,2302
CTRIA3,3702,1,2293,2302,2299
CTRIA3,3703,1,2296,2295,2303
CTRIA3,3704,1,2294,2298,2304
CTRIA3,3705,1,2294,2304,2302
CTRIA3,3706,1,2297,2305,2298
CTRIA3,3707,1,2295,2301,2306
CTRIA3,3708,1,2295,2306,2303
CTRIA3,3709,1,2299,2302,2307
CTRIA3,3710,1,2299,2308,2300
CTRIA3,3711,1,2299,2307,2308
CTRIA3,3712,1,2300,2308,2309
CTRIA3,3713,1,2300,2309,2301
CTRIA3,3714,1,2298,2305,2310
CTRIA3,3715,1,2298,2310,2304
CTRIA3,3716,1,2301,2309,2306
CTRIA3,3717,1,2302,2304,2311
CTRIA3,3718,1,2302,2311,2307
CTRIA3,3719,1,2303,2306,2312
CTRIA3,3720,1,2305,2313,2310
CTRIA3,3721,1,2304,2310,2314
CTRIA3,3722,1,2304,2314,2311
CTRIA3,3723,1,2308,2307,2315
CTRIA3,3724,1,2308,2315,2316
CTRIA3,3725,1,2308,2316,2309
CTRIA3,3726,1,2306,2309,2317
CTRIA3,3727,1,2306,2317,2318
CTRIA3,3728,1,2306,2318,2312
CTRIA3,3729,1,2309,2316,2317
CTRIA3,3730,1,2307,2311,2319
CTRIA3,3731,1,2307,2319,2315
CTRIA3,3732,1,2310,2313,2320
CTRIA3,3733,1,2310,2320,2314
CTRIA3,3734,1,2312,2318,2321
CTRIA3,3735,1,2311,2314,2322
CTRIA3,3736,1,2311,2322,2319
CTRIA3,3737,1,2315,2319,2323
CTRIA3,3738,1,2315,2323,2316
CTRIA3,3739,1,2316,2323,2324
CTRIA3,3740,1,2316,2324,2317
CTRIA3,3741,1,2317,2324,2325
CTRIA3,3742,1,2317,2325,2318
CTRIA3,3743,1,2318,2325,2321
CTRIA3,3744,1,2319,2322,2326
CTRIA3,3745,1,2319,2326,2323
CTRIA3,3746,1,2314,2320,2327
CTRIA3,3747,1,2314,2327,2328
CTRIA3,3748,1,2314,2328,2322
CTRIA3,3749,1,2321,2325,2329
CTRIA3,3750,1,2323,2326,2330
CTRIA3,3751,1,2323,2330,2324
CTRIA3,3752,1,2324,2331,2325
CTRIA3,3753,1,2324,2330,2331
CTRIA3,3754,1,2322,2328,2332
CTRIA3,3755,1,2322,2332,2326
CTRIA3,3756,1,2325,2331,2333
CTRIA3,3757,1,2325,2333,2329
CTRIA3,3758,1,2326,2332,2334
CTRIA3,3759,1,2326,2334,2330
CTRIA3,3760,1,2329,2333,2335
CTRIA3,3761,1,2327,2336,2328
CTRIA3,3762,1,2331,2330,2337
CTRIA3,3763,1,2331,2337,2333
CTRIA3,3764,1,2330,2334,2337
CTRIA3,3765,1,2328,2336,2338
CTRIA3,3766,1,2328,2338,2332
CTRIA3,3767,1,2333,2337,2339
CTRIA3,3768,1,2333,2339,2335
CTRIA3,3769,1,2332,2338,2340
CTRIA3,3770,1,2332,2340,2334
CTRIA3,3771,1,2337,2334,2341
CTRIA3,3772,1,2337,2341,2339
CTRIA3,3773,1,2335,2339,2342
CTRIA3,3774,1,2336,2343,2338
CTRIA3,3775,1,2334,2340,2344
CTRIA3,3776,1,2334,2344,2341
CTRIA3,3777,1,2338,2343,2345
CTRIA3,3778,1,2338,2345,2340
CTRIA3,3779,1,2339,2341,2346
CTRIA3,3780,1,2339,2346,2342
CTRIA3,3781,1,2340,2345,2347
CTRIA3,3782,1,2340,2347,2344
CTRIA3,3783,1,2342,2346,2348
CTRIA3,3784,1,2341,2344,2349
CTRIA3,3785,1,2341,2349,2350
CTRIA3,3786,1,2341,2350,2346
CTRIA3,3787,1,2343,2351,2345
CTRIA3,3788,1,2344,2347,2352
CTRIA3,3789,1,2344,2352,2349
CTRIA3,3790,1,2346,2350,2353
CTRIA3,3791,1,2346,2353,2348
CTRIA3,3792,1,2345,2351,2354
CTRIA3,3793,1,2345,2354,2347
CTRIA3,3794,1,2347,2354,2355
CTRIA3,3795,1,2347,2355,2352
CTRIA3,3796,1,2348,2353,2356
CTRIA3,3797,1,2351,2357,2354
CTRIA3,3798,1,2349,2352,2358
CTRIA3,3799,1,2349,2359,2350
CTRIA3,3800,1,2349,2358,2359
CTRIA3,3801,1,2350,2359,2360
CTRIA3,3802,1,2350,2360,2353
CTRIA3,3803,1,2352,2355,2358
CTRIA3,3804,1,2353,2360,2356
CTRIA3,3805,1,2354,2357,1856
CTRIA3,3806,1,2354,1856,2361
CTRIA3,3807,1,2354,2361,2355
CTRIA3,3808,1,2356,2360,1853
CTRIA3,3809,1,2355,2361,1843
CTRIA3,3810,1,2355,1843,2358
CTRIA3,3811,1,2359,2358,1859
CTRIA3,3812,1,2359,1859,1854
CTRIA3,3813,1,2359,1854,2360
CTRIA3,3814,1,2358,1843,1859
CTRIA3,3815,1,2360,1854,1827
CTRIA3,3816,1,2360,1827,1853
CTRIA3,3817,1,1856,1841,2362
CTRIA3,3818,1,1856,2362,2363
CTRIA3,3819,1,1841,1843,2364
CTRIA3,3820,1,1841,2364,2362
CTRIA3,3821,1,1843,1859,2365
CTRIA3,3822,1,1843,2365,2364
CTRIA3,3823,1,1859,1854,2366
CTRIA3,3824,1,1859,2366,2365
CTRIA3,3825,1,1854,1827,2367
CTRIA3,3826,1,1854,2367,2366
CTRIA3,3827,1,1827,1853,2368
CTRIA3,3828,1,1827,2368,2367
CTRIA3,3829,1,1880,1887,1908
CTRIA3,3830,1,1872,1874,2369
CTRIA3,3831,1,1872,2369,1883
CTRIA3,3832,1,1876,1908,2370
CTRIA3,3833,1,1876,2370,1889
CTRIA3,3834,1,2052,2371,2372
CTRIA3,3835,1,2052,2372,2373
CTRIA3,3836,1,2371,2374,2372
CTRIA3,3837,1,2375,2208,2376
CTRIA3,3838,1,2375,2377,2378
CTRIA3,3839,1,2375,2376,2377
CTRIA3,3840,1,2374,2062,2379
CTRIA3,3841,1,2374,2379,2372
CTRIA3,3842,1,2062,2380,2379
CTRIA3,3843,1,2191,2378,2381
CTRIA3,3844,1,2378,2377,2382
CTRIA3,3845,1,2378,2382,2381
CTRIA3,3846,1,1878,1879,2383
CTRIA3,3847,1,1878,2383,1884
CTRIA3,3848,1,1862,1906,2384
CTRIA3,3849,1,1862,2384,1877
CTRIA3,3850,1,1863,2385,1891
CTRIA3,3851,1,1864,1907,2386
CTRIA3,3852,1,1870,1869,2387
CTRIA3,3853,1,1874,2388,2369
CTRIA3,3854,1,1890,1888,2389
CTRIA3,3855,1,1890,2389,2390
CTRIA3,3856,1,1890,2390,1893
CTRIA3,3857,1,1893,2391,1886
CTRIA3,3858,1,1893,2390,2391
CTRIA3,3859,1,1884,2383,2392
CTRIA3,3860,1,1884,2392,1885
CTRIA3,3861,1,1886,2391,2393
CTRIA3,3862,1,1887,2394,1908
CTRIA3,3863,1,1888,2395,2389
CTRIA3,3864,1,1889,2370,2396
CTRIA3,3865,1,1877,2384,2397
CTRIA3,3866,1,1879,2398,2383
CTRIA3,3867,1,1882,2399,1869
CTRIA3,3868,1,1883,2369,2400
CTRIA3,3869,1,1885,2392,2401
CTRIA3,3870,1,1885,2401,1907
CTRIA3,3871,1,1908,2394,2402
CTRIA3,3872,1,1908,2403,2370
CTRIA3,3873,1,1908,2402,2403
CTRIA3,3874,1,1912,1913,2404
CTRIA3,3875,1,1912,2404,1915
CTRIA3,3876,1,1891,2385,2405
CTRIA3,3877,1,1891,2405,1892
CTRIA3,3878,1,2365,2366,2406
CTRIA3,3879,1,2365,2406,2407
CTRIA3,3880,1,2365,2407,2364
CTRIA3,3881,1,1869,2399,2408
CTRIA3,3882,1,1869,2408,2409
CTRIA3,3883,1,1869,2409,2387
CTRIA3,3884,1,2366,2367,2410
CTRIA3,3885,1,2366,2410,2406
CTRIA3,3886,1,2370,2403,2411
CTRIA3,3887,1,2370,2411,2396
CTRIA3,3888,1,2391,2390,2412
CTRIA3,3889,1,2391,2412,2393
CTRIA3,3890,1,2372,2379,2413
CTRIA3,3891,1,2372,2413,2373
CTRIA3,3892,1,1907,2401,2414
CTRIA3,3893,1,1907,2414,2386
CTRIA3,3894,1,2389,2395,2415
CTRIA3,3895,1,2389,2415,2416
CTRIA3,3896,1,2389,2416,2390
CTRIA3,3897,1,2390,2416,2412
CTRIA3,3898,1,1892,2405,2417
CTRIA3,3899,1,1892,2417,1906
CTRIA3,3900,1,1915,2404,2418
CTRIA3,3901,1,1915,2418,1917
CTRIA3,3902,1,2364,2407,2419
CTRIA3,3903,1,2364,2419,2362
CTRIA3,3904,1,2377,2376,2420
CTRIA3,3905,1,2377,2420,2382
CTRIA3,3906,1,2367,2368,2421
CTRIA3,3907,1,2367,2421,2410
CTRIA3,3908,1,1906,2417,2422
CTRIA3,3909,1,1906,2422,2384
CTRIA3,3910,1,2383,2398,2423
CTRIA3,3911,1,2383,2423,2392
CTRIA3,3912,1,2369,2388,2424
CTRIA3,3913,1,2369,2425,2400
CTRIA3,3914,1,2369,2424,2425
CTRIA3,3915,1,2379,2380,2426
CTRIA3,3916,1,2379,2426,2413
CTRIA3,3917,1,1921,1922,2427
CTRIA3,3918,1,1921,2427,2428
CTRIA3,3919,1,2368,2429,2421
CTRIA3,3920,1,1913,2430,2404
CTRIA3,3921,1,2363,2362,2431
CTRIA3,3922,1,2393,2412,2432
CTRIA3,3923,1,2394,2433,2402
CTRIA3,3924,1,2395,2434,2415
CTRIA3,3925,1,2396,2411,2435
CTRIA3,3926,1,2362,2419,2436
CTRIA3,3927,1,2362,2436,2431
CTRIA3,3928,1,1919,1917,2437
CTRIA3,3929,1,1919,2438,1922
CTRIA3,3930,1,1919,2437,2438
CTRIA3,3931,1,1917,2418,2439
CTRIA3,3932,1,1917,2439,2437
CTRIA3,3933,1,1922,2438,2427
CTRIA3,3934,1,2392,2423,2440
CTRIA3,3935,1,2392,2440,2401
CTRIA3,3936,1,2373,2413,2441
CTRIA3,3937,1,2376,2442,2420
CTRIA3,3938,1,2380,2443,2426
CTRIA3,3939,1,2381,2382,2444
CTRIA3,3940,1,2385,2445,2405
CTRIA3,3941,1,2386,2414,2446
CTRIA3,3942,1,2401,2440,2414
CTRIA3,3943,1,2403,2402,2447
CTRIA3,3944,1,2403,2447,2448
CTRIA3,3945,1,2403,2448,2411
CTRIA3,3946,1,2387,2409,2449
CTRIA3,3947,1,2388,2450,2424
CTRIA3,3948,1,2411,2448,2435
CTRIA3,3949,1,2384,2422,2451
CTRIA3,3950,1,2384,2451,2397
CTRIA3,3951,1,2415,2434,2452
CTRIA3,3952,1,2415,2452,2416
CTRIA3,3953,1,2416,2452,2453
CTRIA3,3954,1,2416,2453,2412
CTRIA3,3955,1,2399,2454,2408
CTRIA3,3956,1,2400,2425,2455
CTRIA3,3957,1,2398,2456,2423
CTRIA3,3958,1,2406,2410,2457
CTRIA3,3959,1,2406,2457,2407
CTRIA3,3960,1,2382,2420,2458
CTRIA3,3961,1,2382,2458,2444
CTRIA3,3962,1,2402,2433,2459
CTRIA3,3963,1,2402,2459,2447
CTRIA3,3964,1,2412,2453,2460
CTRIA3,3965,1,2412,2460,2432
CTRIA3,3966,1,2404,2430,2461
CTRIA3,3967,1,2404,2461,2418
CTRIA3,3968,1,2407,2457,2462
CTRIA3,3969,1,2407,2462,2419
CTRIA3,3970,1,2410,2421,2463
CTRIA3,3971,1,2410,2463,2457
CTRIA3,3972,1,2405,2445,2464
CTRIA3,3973,1,2405,2464,2417
CTRIA3,3974,1,2432,2460,2465
CTRIA3,3975,1,2433,2466,2459
CTRIA3,3976,1,2434,2467,2452
CTRIA3,3977,1,2435,2448,2468
CTRIA3,3978,1,2413,2426,2469
CTRIA3,3979,1,2413,2469,2441
CTRIA3,3980,1,2420,2442,2470
CTRIA3,3981,1,2420,2470,2458
CTRIA3,3982,1,2419,2462,2471
CTRIA3,3983,1,2419,2471,2436
CTRIA3,3984,1,2447,2459,2472
CTRIA3,3985,1,2447,2472,2448
CTRIA3,3986,1,2421,2429,2473
CTRIA3,3987,1,2421,2473,2463
CTRIA3,3988,1,2425,2424,2474
CTRIA3,3989,1,2425,2474,2475
CTRIA3,3990,1,2425,2475,2455
CTRIA3,3991,1,2424,2450,2474
CTRIA3,3992,1,2448,2472,2468
CTRIA3,3993,1,2414,2440,2476
CTRIA3,3994,1,2414,2477,2446
CTRIA3,3995,1,2414,2476,2477
CTRIA3,3996,1,2418,2461,2478
CTRIA3,3997,1,2418,2478,2439
CTRIA3,3998,1,2452,2467,2479
CTRIA3,3999,1,2452,2479,2453
CTRIA3,4000,1,2426,2443,2480
CTRIA3,4001,1,2426,2480,2469
CTRIA3,4002,1,2453,2479,2481
CTRIA3,4003,1,2453,2481,2460
CTRIA3,4004,1,2417,2464,2482
CTRIA3,4005,1,2417,2482,2483
CTRIA3,4006,1,2417,2483,2422
CTRIA3,4007,1,2428,2427,2484
CTRIA3,4008,1,2429,2485,2473
CTRIA3,4009,1,2430,2486,2461
CTRIA3,4010,1,2431,2436,2487
CTRIA3,4011,1,2427,2438,2488
CTRIA3,4012,1,2427,2488,2484
CTRIA3,4013,1,2423,2456,2489
CTRIA3,4014,1,2423,2490,2440
CTRIA3,4015,1,2423,2489,2490
CTRIA3,4016,1,2438,2437,2491
CTRIA3,4017,1,2438,2491,2488
CTRIA3,4018,1,2460,2481,2465
CTRIA3,4019,1,2440,2490,2476
CTRIA3,4020,1,2459,2466,2492
CTRIA3,4021,1,2459,2492,2472
CTRIA3,4022,1,2408,2454,2493
CTRIA3,4023,1,2408,2493,2494
CTRIA3,4024,1,2408,2494,2409
CTRIA3,4025,1,2436,2471,2487
CTRIA3,4026,1,2437,2439,2495
CTRIA3,4027,1,2437,2495,2491
CTRIA3,4028,1,2409,2494,2496
CTRIA3,4029,1,2409,2496,2449
CTRIA3,4030,1,2422,2483,2497
CTRIA3,4031,1,2422,2497,2451
CTRIA3,4032,1,2439,2478,2495
CTRIA3,4033,1,2441,2469,2498
CTRIA3,4034,1,2442,2499,2470
CTRIA3,4035,1,2443,2500,2480
CTRIA3,4036,1,2444,2458,2501
CTRIA3,4037,1,2457,2463,2502
CTRIA3,4038,1,2457,2502,2503
CTRIA3,4039,1,2457,2503,2462
CTRIA3,4040,1,2445,2504,2464
CTRIA3,4041,1,2446,2477,2505
CTRIA3,4042,1,2472,2492,2506
CTRIA3,4043,1,2472,2506,2468
CTRIA3,4044,1,2449,2496,2507
CTRIA3,4045,1,2450,2508,2474
CTRIA3,4046,1,2463,2473,2502
CTRIA3,4047,1,2465,2481,2509
CTRIA3,4048,1,2466,2510,2492
CTRIA3,4049,1,2467,2511,2479
CTRIA3,4050,1,2467,2512,2511
CTRIA3,4051,1,2468,2506,2513
CTRIA3,4052,1,2454,2514,2493
CTRIA3,4053,1,2455,2475,2515
CTRIA3,4054,1,2462,2503,2516
CTRIA3,4055,1,2462,2516,2471
CTRIA3,4056,1,2451,2497,2517
CTRIA3,4057,1,2456,2518,2489
CTRIA3,4058,1,2458,2470,2519
CTRIA3,4059,1,2458,2519,2501
CTRIA3,4060,1,2479,2511,2520
CTRIA3,4061,1,2479,2520,2481
CTRIA3,4062,1,2461,2486,2521
CTRIA3,4063,1,2461,2521,2478
CTRIA3,4064,1,2481,2520,2509
CTRIA3,4065,1,2470,2499,2519
CTRIA3,4066,1,2464,2504,2522
CTRIA3,4067,1,2464,2522,2482
CTRIA3,4068,1,2492,2510,2523
CTRIA3,4069,1,2492,2523,2506
CTRIA3,4070,1,2471,2516,2524
CTRIA3,4071,1,2471,2524,2487
CTRIA3,4072,1,2473,2485,2525
CTRIA3,4073,1,2473,2525,2502
CTRIA3,4074,1,2474,2508,2526
CTRIA3,4075,1,2474,2526,2475
CTRIA3,4076,1,2477,2476,2527
CTRIA3,4077,1,2477,2527,2505
CTRIA3,4078,1,2476,2490,2528
CTRIA3,4079,1,2476,2528,2527
CTRIA3,4080,1,2488,2491,2529
CTRIA3,4081,1,2488,2529,2484
CTRIA3,4082,1,2480,2500,2530
CTRIA3,4083,1,2480,2530,2469
CTRIA3,4084,1,2506,2523,2531
CTRIA3,4085,1,2506,2531,2513
CTRIA3,4086,1,2478,2521,2532
CTRIA3,4087,1,2478,2532,2495
CTRIA3,4088,1,2469,2530,2533
CTRIA3,4089,1,2469,2533,2498
CTRIA3,4090,1,2490,2489,2534
CTRIA3,4091,1,2490,2534,2528
CTRIA3,4092,1,2475,2526,2535
CTRIA3,4093,1,2475,2535,2515
CTRIA3,4094,1,2484,2529,2536
CTRIA3,4095,1,2485,2537,2525
CTRIA3,4096,1,2486,2538,2521
CTRIA3,4097,1,2487,2524,2539
CTRIA3,4098,1,2502,2525,2540
CTRIA3,4099,1,2502,2540,2503
CTRIA3,4100,1,2482,2522,2541
CTRIA3,4101,1,2482,2541,2483
CTRIA3,4102,1,2491,2495,2542
CTRIA3,4103,1,2491,2542,2529
CTRIA3,4104,1,2483,2541,2543
CTRIA3,4105,1,2483,2543,2497
CTRIA3,4106,1,2511,2512,2544
CTRIA3,4107,1,2511,2544,2545
CTRIA3,4108,1,2511,2545,2520
CTRIA3,4109,1,2509,2520,2546
CTRIA3,4110,1,2510,2547,2523
CTRIA3,4111,1,2512,2548,2544
CTRIA3,4112,1,2513,2531,2549
CTRIA3,4113,1,2503,2540,2550
CTRIA3,4114,1,2503,2550,2516
CTRIA3,4115,1,2497,2543,2517
CTRIA3,4116,1,2493,2514,2551
CTRIA3,4117,1,2493,2551,2494
CTRIA3,4118,1,2516,2550,2524
CTRIA3,4119,1,2489,2518,2552
CTRIA3,4120,1,2489,2552,2534
CTRIA3,4121,1,2520,2545,2553
CTRIA3,4122,1,2520,2553,2546
CTRIA3,4123,1,2495,2532,2554
CTRIA3,4124,1,2495,2554,2542
CTRIA3,4125,1,2504,2555,2522
CTRIA3,4126,1,2505,2527,2556
CTRIA3,4127,1,2494,2551,2557
CTRIA3,4128,1,2494,2557,2496
CTRIA3,4129,1,2523,2547,2558
CTRIA3,4130,1,2523,2558,2531
CTRIA3,4131,1,2498,2533,2559
CTRIA3,4132,1,2499,2560,2519
CTRIA3,4133,1,2499,2561,2560
CTRIA3,4134,1,2500,2562,2530
CTRIA3,4135,1,2501,2519,2563
CTRIA3,4136,1,2507,2496,2564
CTRIA3,4137,1,2508,2565,2526
CTRIA3,4138,1,2496,2557,2564
CTRIA3,4139,1,2514,2566,2551
CTRIA3,4140,1,2515,2535,2567
CTRIA3,4141,1,2519,2560,2563
CTRIA3,4142,1,2517,2543,2568
CTRIA3,4143,1,2518,2569,2552
CTRIA3,4144,1,2531,2558,2570
CTRIA3,4145,1,2531,2570,2549
CTRIA3,4146,1,2521,2538,2571
CTRIA3,4147,1,2521,2571,2532
CTRIA3,4148,1,2525,2537,2572
CTRIA3,4149,1,2525,2572,2540
CTRIA3,4150,1,2544,2548,2573
CTRIA3,4151,1,2544,2573,2545
CTRIA3,4152,1,2526,2574,2535
CTRIA3,4153,1,2526,2565,2574
CTRIA3,4154,1,2527,2528,2575
CTRIA3,4155,1,2527,2575,2576
CTRIA3,4156,1,2527,2576,2556
CTRIA3,4157,1,2524,2550,2577
CTRIA3,4158,1,2524,2578,2539
CTRIA3,4159,1,2524,2577,2578
CTRIA3,4160,1,2528,2534,2579
CTRIA3,4161,1,2528,2579,2575
CTRIA3,4162,1,2546,2553,2580
CTRIA3,4163,1,2547,2581,2558
CTRIA3,4164,1,2548,2582,2573
CTRIA3,4165,1,2549,2570,2583
CTRIA3,4166,1,2545,2573,2584
CTRIA3,4167,1,2545,2584,2553
CTRIA3,4168,1,2522,2555,2585
CTRIA3,4169,1,2522,2586,2541
CTRIA3,4170,1,2522,2585,2586
CTRIA3,4171,1,2530,2562,2587
CTRIA3,4172,1,2530,2587,2533
CTRIA3,4173,1,2540,2572,2588
CTRIA3,4174,1,2540,2588,2550
CTRIA3,4175,1,2535,2589,2567
CTRIA3,4176,1,2535,2574,2589
CTRIA3,4177,1,2532,2571,2590
CTRIA3,4178,1,2532,2590,2554
CTRIA3,4179,1,2558,2591,2570
CTRIA3,4180,1,2558,2581,2591
CTRIA3,4181,1,2529,2542,2592
CTRIA3,4182,1,2529,2593,2536
CTRIA3,4183,1,2529,2592,2593
CTRIA3,4184,1,2541,2586,2594
CTRIA3,4185,1,2541,2594,2543
CTRIA3,4186,1,2550,2588,2577
CTRIA3,4187,1,2553,2584,2580
CTRIA3,4188,1,2536,2593,2595
CTRIA3,4189,1,2537,2596,2572
CTRIA3,4190,1,2534,2552,2597
CTRIA3,4191,1,2534,2597,2579
CTRIA3,4192,1,2538,2598,2571
CTRIA3,4193,1,2539,2578,2599
CTRIA3,4194,1,2570,2600,2583
CTRIA3,4195,1,2570,2591,2600
CTRIA3,4196,1,2543,2594,2601
CTRIA3,4197,1,2543,2601,2568
CTRIA3,4198,1,2533,2587,2602
CTRIA3,4199,1,2533,2602,2559
CTRIA3,4200,1,2542,2554,2603
CTRIA3,4201,1,2542,2603,2592
CTRIA3,4202,1,2560,2561,2604
CTRIA3,4203,1,2560,2604,2605
CTRIA3,4204,1,2560,2605,2563
CTRIA3,4205,1,2552,2569,2606
CTRIA3,4206,1,2552,2606,2597
CTRIA3,4207,1,2555,2607,2585
CTRIA3,4208,1,2556,2576,2608
CTRIA3,4209,1,2559,2602,2609
CTRIA3,4210,1,2561,2610,2604
CTRIA3,4211,1,2562,2611,2587
CTRIA3,4212,1,2563,2605,2612
CTRIA3,4213,1,2575,2579,2613
CTRIA3,4214,1,2575,2613,2576
CTRIA3,4215,1,2566,2614,2551
CTRIA3,4216,1,2566,2615,2614
CTRIA3,4217,1,2567,2589,2616
CTRIA3,4218,1,2567,2616,2617
CTRIA3,4219,1,2551,2614,2557
CTRIA3,4220,1,2589,2574,2618
CTRIA3,4221,1,2589,2618,2619
CTRIA3,4222,1,2589,2619,2616
CTRIA3,4223,1,2582,2620,2573
CTRIA3,4224,1,2582,2621,2620
CTRIA3,4225,1,2583,2600,2622
CTRIA3,4226,1,2583,2622,2623
CTRIA3,4227,1,2557,2614,2624
CTRIA3,4228,1,2557,2625,2564
CTRIA3,4229,1,2557,2624,2625
CTRIA3,4230,1,2573,2626,2584
CTRIA3,4231,1,2573,2620,2626
CTRIA3,4232,1,2600,2591,2627
CTRIA3,4233,1,2600,2627,2622
CTRIA3,4234,1,2574,2565,2618
CTRIA3,4235,1,2584,2628,2580
CTRIA3,4236,1,2584,2626,2628
CTRIA3,4237,1,2591,2581,2629
CTRIA3,4238,1,2591,2629,2627
CTRIA3,4239,1,2580,2628,2630
CTRIA3,4240,1,2564,2625,2631
CTRIA3,4241,1,2565,2632,2618
CTRIA3,4242,1,2581,2633,2629
CTRIA3,4243,1,2554,2590,2634
CTRIA3,4244,1,2554,2634,2603
CTRIA3,4245,1,2568,2601,2635
CTRIA3,4246,1,2569,2636,2606
CTRIA3,4247,1,2578,2577,2637
CTRIA3,4248,1,2578,2637,2599
CTRIA3,4249,1,2572,2596,2638
CTRIA3,4250,1,2572,2639,2588
CTRIA3,4251,1,2572,2638,2639
CTRIA3,4252,1,2571,2598,2640
CTRIA3,4253,1,2571,2641,2590
CTRIA3,4254,1,2571,2640,2641
CTRIA3,4255,1,2576,2613,2642
CTRIA3,4256,1,2576,2642,2608
CTRIA3,4257,1,2577,2588,2643
CTRIA3,4258,1,2577,2643,2637
CTRIA3,4259,1,2604,2610,2644
CTRIA3,4260,1,2604,2644,2605
CTRIA3,4261,1,2586,2585,2645
CTRIA3,4262,1,2586,2645,2646
CTRIA3,4263,1,2586,2646,2594
CTRIA3,4264,1,2585,2607,2645
CTRIA3,4265,1,2588,2639,2643
CTRIA3,4266,1,2590,2641,2634
CTRIA3,4267,1,2579,2597,2647
CTRIA3,4268,1,2579,2647,2613
CTRIA3,4269,1,2593,2592,2648
CTRIA3,4270,1,2593,2649,2595
CTRIA3,4271,1,2593,2648,2649
CTRIA3,4272,1,2628,2626,2650
CTRIA3,4273,1,2628,2650,2630
CTRIA3,4274,1,2629,2633,2651
CTRIA3,4275,1,2629,2651,2627
CTRIA3,4276,1,2626,2620,2652
CTRIA3,4277,1,2626,2652,2650
CTRIA3,4278,1,2597,2606,2647
CTRIA3,4279,1,2618,2632,2653
CTRIA3,4280,1,2618,2653,2619
CTRIA3,4281,1,2620,2621,2654
CTRIA3,4282,1,2620,2654,2652
CTRIA3,4283,1,2594,2646,2655
CTRIA3,4284,1,2594,2655,2601
CTRIA3,4285,1,2587,2611,2656
CTRIA3,4286,1,2587,2656,2602
CTRIA3,4287,1,2595,2649,2657
CTRIA3,4288,1,2596,2658,2638
CTRIA3,4289,1,2627,2651,2659
CTRIA3,4290,1,2627,2659,2622
CTRIA3,4291,1,2598,2660,2640
CTRIA3,4292,1,2599,2637,2661
CTRIA3,4293,1,2592,2603,2662
CTRIA3,4294,1,2592,2662,2648
CTRIA3,4295,1,2622,2659,2663
CTRIA3,4296,1,2622,2663,2623
CTRIA3,4297,1,2605,2644,2664
CTRIA3,4298,1,2605,2664,2612
CTRIA3,4299,1,2630,2650,2665
CTRIA3,4300,1,2621,2666,2654
CTRIA3,4301,1,2633,2667,2651
CTRIA3,4302,1,2601,2655,2668
CTRIA3,4303,1,2601,2668,2635
CTRIA3,4304,1,2602,2669,2609
CTRIA3,4305,1,2602,2656,2669
CTRIA3,4306,1,2607,2670,2645
CTRIA3,4307,1,2607,2671,2670
CTRIA3,4308,1,2608,2642,2672
CTRIA3,4309,1,2613,2647,2673
CTRIA3,4310,1,2613,2673,2642
CTRIA3,4311,1,2606,2636,2674
CTRIA3,4312,1,2606,2674,2647
CTRIA3,4313,1,2603,2634,2675
CTRIA3,4314,1,2603,2675,2662
CTRIA3,4315,1,2650,2652,2676
CTRIA3,4316,1,2650,2676,2665
CTRIA3,4317,1,2614,2615,2677
CTRIA3,4318,1,2614,2677,2678
CTRIA3,4319,1,2614,2678,2624
CTRIA3,4320,1,2625,2624,2679
CTRIA3,4321,1,2625,2679,2631
CTRIA3,4322,1,2609,2669,2680
CTRIA3,4323,1,2610,2681,2644
CTRIA3,4324,1,2611,2682,2656
CTRIA3,4325,1,2612,2664,2683
CTRIA3,4326,1,2651,2667,2684
CTRIA3,4327,1,2651,2684,2659
CTRIA3,4328,1,2652,2654,2685
CTRIA3,4329,1,2652,2685,2676
CTRIA3,4330,1,2654,2666,2685
CTRIA3,4331,1,2615,2686,2677
CTRIA3,4332,1,2617,2616,2687
CTRIA3,4333,1,2632,2688,2653
CTRIA3,4334,1,2635,2668,2689
CTRIA3,4335,1,2636,2690,2674
CTRIA3,4336,1,2634,2641,2691
CTRIA3,4337,1,2634,2691,2675
CTRIA3,4338,1,2616,2619,2692
CTRIA3,4339,1,2616,2692,2687
CTRIA3,4340,1,2645,2670,2693
CTRIA3,4341,1,2645,2693,2646
CTRIA3,4342,1,2649,2648,2694
CTRIA3,4343,1,2649,2694,2657
CTRIA3,4344,1,2637,2643,2695
CTRIA3,4345,1,2637,2695,2696
CTRIA3,4346,1,2637,2696,2661
CTRIA3,4347,1,2659,2684,2697
CTRIA3,4348,1,2659,2697,2663
CTRIA3,4349,1,2642,2673,2698
CTRIA3,4350,1,2642,2698,2672
CTRIA3,4351,1,2639,2638,2699
CTRIA3,4352,1,2639,2700,2643
CTRIA3,4353,1,2639,2699,2700
CTRIA3,4354,1,2643,2700,2695
CTRIA3,4355,1,2653,2688,2701
CTRIA3,4356,1,2653,2701,2619
CTRIA3,4357,1,2641,2640,2702
CTRIA3,4358,1,2641,2702,2691
CTRIA3,4359,1,2638,2658,2703
CTRIA3,4360,1,2638,2703,2699
CTRIA3,4361,1,2648,2662,2704
CTRIA3,4362,1,2648,2704,2694
CTRIA3,4363,1,2646,2693,2705
CTRIA3,4364,1,2646,2705,2655
CTRIA3,4365,1,2640,2660,2706
CTRIA3,4366,1,2640,2706,2702
CTRIA3,4367,1,2665,2676,2707
CTRIA3,4368,1,2667,2708,2684
CTRIA3,4369,1,2666,2709,2685
CTRIA3,4370,1,2666,2710,2709
CTRIA3,4371,1,2663,2697,2711
CTRIA3,4372,1,2619,2701,2692
CTRIA3,4373,1,2647,2674,2712
CTRIA3,4374,1,2647,2712,2673
CTRIA3,4375,1,2644,2681,2713
CTRIA3,4376,1,2644,2713,2664
CTRIA3,4377,1,2685,2709,2714
CTRIA3,4378,1,2685,2714,2676
CTRIA3,4379,1,2676,2714,2707
CTRIA3,4380,1,2624,2678,2715
CTRIA3,4381,1,2624,2715,2679
CTRIA3,4382,1,2657,2694,2716
CTRIA3,4383,1,2658,2717,2703
CTRIA3,4384,1,2660,2718,2706
CTRIA3,4385,1,2661,2696,2719
CTRIA3,4386,1,2655,2705,2720
CTRIA3,4387,1,2655,2720,2668
CTRIA3,4388,1,2684,2708,2721
CTRIA3,4389,1,2684,2721,2697
CTRIA3,4390,1,2662,2675,2722
CTRIA3,4391,1,2662,2722,2704
CTRIA3,4392,1,2669,2656,2723
CTRIA3,4393,1,2669,2723,2680
CTRIA3,4394,1,2670,2671,2724
CTRIA3,4395,1,2670,2724,2693
CTRIA3,4396,1,2668,2720,2689
CTRIA3,4397,1,2677,2686,2725
CTRIA3,4398,1,2677,2725,2678
CTRIA3,4399,1,2664,2713,2726
CTRIA3,4400,1,2664,2726,2683
CTRIA3,4401,1,2656,2682,2727
CTRIA3,4402,1,2656,2727,2723
CTRIA3,4403,1,2673,2712,2728
CTRIA3,4404,1,2673,2728,2698
CTRIA3,4405,1,2697,2721,2729
CTRIA3,4406,1,2697,2729,2711
CTRIA3,4407,1,2671,2730,2724
CTRIA3,4408,1,2672,2698,2731
CTRIA3,4409,1,2672,2731,2732
CTRIA3,4410,1,2674,2690,2733
CTRIA3,4411,1,2674,2733,2712
CTRIA3,4412,1,2694,2704,2734
CTRIA3,4413,1,2694,2734,2716
CTRIA3,4414,1,2675,2691,2735
CTRIA3,4415,1,2675,2735,2722
CTRIA3,4416,1,2709,2710,2736
CTRIA3,4417,1,2709,2736,2737
CTRIA3,4418,1,2709,2737,2714
CTRIA3,4419,1,2686,2738,2725
CTRIA3,4420,1,2687,2692,2739
CTRIA3,4421,1,2687,2739,2740
CTRIA3,4422,1,2680,2723,2741
CTRIA3,4423,1,2681,2742,2743
CTRIA3,4424,1,2681,2743,2713
CTRIA3,4425,1,2682,2744,2727
CTRIA3,4426,1,2683,2726,2745
CTRIA3,4427,1,2679,2715,2746
CTRIA3,4428,1,2688,2747,2701
CTRIA3,4429,1,2688,2748,2747
CTRIA3,4430,1,2707,2714,2749
CTRIA3,4431,1,2707,2749,2750
CTRIA3,4432,1,2708,2751,2721
CTRIA3,4433,1,2708,2752,2751
CTRIA3,4434,1,2710,2753,2736
CTRIA3,4435,1,2711,2729,2754
CTRIA3,4436,1,2698,2728,2731
CTRIA3,4437,1,2714,2737,2749
CTRIA3,4438,1,2689,2720,2755
CTRIA3,4439,1,2690,2756,2733
CTRIA3,4440,1,2691,2702,2757
CTRIA3,4441,1,2691,2757,2735
CTRIA3,4442,1,2700,2699,2758
CTRIA3,4443,1,2700,2758,2759
CTRIA3,4444,1,2700,2759,2695
CTRIA3,4445,1,2692,2701,2760
CTRIA3,4446,1,2692,2760,2739
CTRIA3,4447,1,2703,2717,2761
CTRIA3,4448,1,2703,2761,2699
CTRIA3,4449,1,2721,2751,2762
CTRIA3,4450,1,2721,2762,2729
CTRIA3,4451,1,2701,2747,2760
CTRIA3,4452,1,2693,2724,2763
CTRIA3,4453,1,2693,2764,2705
CTRIA3,4454,1,2693,2763,2764
CTRIA3,4455,1,2695,2759,2765
CTRIA3,4456,1,2695,2765,2696
CTRIA3,4457,1,2678,2725,2766
CTRIA3,4458,1,2678,2766,2715
CTRIA3,4459,1,2702,2706,2767
CTRIA3,4460,1,2702,2767,2757
CTRIA3,4461,1,2704,2722,2768
CTRIA3,4462,1,2704,2768,2734
CTRIA3,4463,1,2699,2761,2769
CTRIA3,4464,1,2699,2769,2758
CTRIA3,4465,1,2705,2770,2720
CTRIA3,4466,1,2705,2764,2770
CTRIA3,4467,1,2729,2762,2771
CTRIA3,4468,1,2729,2771,2754
CTRIA3,4469,1,2696,2765,2772
CTRIA3,4470,1,2696,2772,2719
CTRIA3,4471,1,2712,2733,2773
CTRIA3,4472,1,2712,2773,2728
CTRIA3,4473,1,2736,2753,2774
CTRIA3,4474,1,2736,2774,2737
CTRIA3,4475,1,2713,2743,2775
CTRIA3,4476,1,2713,2775,2726
CTRIA3,4477,1,2706,2718,2776
CTRIA3,4478,1,2706,2776,2767
CTRIA3,4479,1,2716,2734,2777
CTRIA3,4480,1,2717,2778,2761
CTRIA3,4481,1,2737,2774,2779
CTRIA3,4482,1,2737,2779,2749
CTRIA3,4483,1,2724,2730,2780
CTRIA3,4484,1,2724,2780,2763
CTRIA3,4485,1,2720,2770,2781
CTRIA3,4486,1,2720,2781,2755
CTRIA3,4487,1,2722,2735,2782
CTRIA3,4488,1,2722,2782,2768
CTRIA3,4489,1,2728,2783,2731
CTRIA3,4490,1,2728,2773,2783
CTRIA3,4491,1,2749,2779,2784
CTRIA3,4492,1,2749,2784,2750
CTRIA3,4493,1,2731,2783,2785
CTRIA3,4494,1,2731,2785,2732
CTRIA3,4495,1,2751,2752,2786
CTRIA3,4496,1,2751,2787,2762
CTRIA3,4497,1,2751,2786,2787
CTRIA3,4498,1,2753,2788,2774
CTRIA3,4499,1,2754,2771,2789
CTRIA3,4500,1,2723,2727,2790
CTRIA3,4501,1,2723,2791,2741
CTRIA3,4502,1,2723,2790,2791
CTRIA3,4503,1,2762,2787,2771
CTRIA3,4504,1,2725,2738,2792
CTRIA3,4505,1,2725,2792,2766
CTRIA3,4506,1,2726,2793,2745
CTRIA3,4507,1,2726,2775,2793
CTRIA3,4508,1,2730,2794,2780
CTRIA3,4509,1,2732,2785,2795
CTRIA3,4510,1,2734,2768,2796
CTRIA3,4511,1,2734,2796,2777
CTRIA3,4512,1,2739,2760,2797
CTRIA3,4513,1,2739,2797,2740
CTRIA3,4514,1,2727,2744,2798
CTRIA3,4515,1,2727,2798,2790
CTRIA3,4516,1,2715,2766,2799
CTRIA3,4517,1,2715,2800,2746
CTRIA3,4518,1,2715,2799,2800
CTRIA3,4519,1,2735,2757,2801
CTRIA3,4520,1,2735,2801,2782
CTRIA3,4521,1,2747,2748,2802
CTRIA3,4522,1,2747,2802,2803
CTRIA3,4523,1,2747,2803,2760
CTRIA3,4524,1,2774,2788,2804
CTRIA3,4525,1,2774,2804,2779
CTRIA3,4526,1,2758,2769,2805
CTRIA3,4527,1,2758,2805,2759
CTRIA3,4528,1,2738,2806,2792
CTRIA3,4529,1,2740,2797,2807
CTRIA3,4530,1,2748,2808,2802
CTRIA3,4531,1,2761,2778,2809
CTRIA3,4532,1,2761,2809,2769
CTRIA3,4533,1,2771,2787,2810
CTRIA3,4534,1,2771,2810,2789
CTRIA3,4535,1,2741,2791,2811
CTRIA3,4536,1,2742,2812,2743
CTRIA3,4537,1,2745,2793,2813
CTRIA3,4538,1,2755,2781,2814
CTRIA3,4539,1,2756,2815,2816
CTRIA3,4540,1,2756,2816,2733
CTRIA3,4541,1,2733,2816,2817
CTRIA3,4542,1,2733,2817,2773
CTRIA3,4543,1,2818,2819,2820
CTRIA3,4544,1,2818,2820,2821
CTRIA3,4545,1,2822,2823,2824
CTRIA3,4546,1,2757,2767,2825
CTRIA3,4547,1,2757,2825,2801
CTRIA3,4548,1,2779,2804,2826
CTRIA3,4549,1,2779,2826,2784
CTRIA3,4550,1,2759,2805,2827
CTRIA3,4551,1,2759,2827,2765
CTRIA3,4552,1,2743,2812,2828
CTRIA3,4553,1,2743,2828,2775
CTRIA3,4554,1,2760,2803,2829
CTRIA3,4555,1,2760,2829,2797
CTRIA3,4556,1,2787,2786,2830
CTRIA3,4557,1,2787,2830,2810
CTRIA3,4558,1,2770,2764,2831
CTRIA3,4559,1,2770,2831,2781
CTRIA3,4560,1,2819,2832,2820
CTRIA3,4561,1,2824,2823,2833
CTRIA3,4562,1,2764,2763,2834
CTRIA3,4563,1,2764,2834,2831
CTRIA3,4564,1,2768,2782,2835
CTRIA3,4565,1,2768,2835,2796
CTRIA3,4566,1,2783,2773,2836
CTRIA3,4567,1,2783,2836,2785
CTRIA3,4568,1,2767,2776,2837
CTRIA3,4569,1,2767,2837,2825
CTRIA3,4570,1,2763,2780,2838
CTRIA3,4571,1,2763,2838,2834
CTRIA3,4572,1,2784,2826,2839
CTRIA3,4573,1,2786,2840,2830
CTRIA3,4574,1,2788,2841,2842
CTRIA3,4575,1,2788,2842,2804
CTRIA3,4576,1,2789,2810,2843
CTRIA3,4577,1,2766,2792,2844
CTRIA3,4578,1,2766,2844,2799
CTRIA3,4579,1,2765,2845,2772
CTRIA3,4580,1,2765,2827,2845
CTRIA3,4581,1,2769,2809,2846
CTRIA3,4582,1,2769,2846,2805
CTRIA3,4583,1,2777,2796,2847
CTRIA3,4584,1,2778,2848,2809
CTRIA3,4585,1,2776,2849,2837
CTRIA3,4586,1,2804,2842,2826
CTRIA3,4587,1,2785,2836,2850
CTRIA3,4588,1,2785,2850,2795
CTRIA3,4589,1,2791,2790,2851
CTRIA3,4590,1,2791,2851,2811
CTRIA3,4591,1,2780,2794,2838
CTRIA3,4592,1,2802,2808,2852
CTRIA3,4593,1,2802,2852,2803
CTRIA3,4594,1,2773,2817,2853
CTRIA3,4595,1,2773,2853,2836
CTRIA3,4596,1,2793,2775,2854
CTRIA3,4597,1,2793,2854,2813
CTRIA3,4598,1,2775,2828,2855
CTRIA3,4599,1,2775,2855,2854
CTRIA3,4600,1,2830,2840,2856
CTRIA3,4601,1,2830,2856,2810
CTRIA3,4602,1,2797,2829,2857
CTRIA3,4603,1,2797,2857,2807
CTRIA3,4604,1,2810,2856,2858
CTRIA3,4605,1,2810,2858,2843
CTRIA3,4606,1,2782,2801,2859
CTRIA3,4607,1,2782,2859,2835
CTRIA3,4608,1,2796,2835,2847
CTRIA3,4609,1,2792,2806,2860
CTRIA3,4610,1,2792,2860,2844
CTRIA3,4611,1,2790,2798,2861
CTRIA3,4612,1,2790,2861,2851
CTRIA3,4613,1,2781,2831,2862
CTRIA3,4614,1,2781,2862,2814
CTRIA3,4615,1,2794,2863,2838
CTRIA3,4616,1,2795,2850,2864
CTRIA3,4617,1,2826,2842,2865
CTRIA3,4618,1,2826,2866,2839
CTRIA3,4619,1,2826,2865,2866
CTRIA3,4620,1,2803,2852,2867
CTRIA3,4621,1,2803,2867,2829
CTRIA3,4622,1,2806,2868,2860
CTRIA3,4623,1,2807,2857,2869
CTRIA3,4624,1,2809,2848,2870
CTRIA3,4625,1,2809,2870,2846
CTRIA3,4626,1,2801,2825,2871
CTRIA3,4627,1,2801,2871,2859
CTRIA3,4628,1,2800,2799,2872
CTRIA3,4629,1,2808,2873,2852
CTRIA3,4630,1,2805,2846,2874
CTRIA3,4631,1,2805,2874,2827
CTRIA3,4632,1,2839,2866,2875
CTRIA3,4633,1,2840,2876,2856
CTRIA3,4634,1,2841,2877,2842
CTRIA3,4635,1,2843,2858,2878
CTRIA3,4636,1,2842,2877,2865
CTRIA3,4637,1,2821,2820,2879
CTRIA3,4638,1,2823,2880,2833
CTRIA3,4639,1,2823,2881,2880
CTRIA3,4640,1,2811,2851,2882
CTRIA3,4641,1,2812,2883,2828
CTRIA3,4642,1,2798,2884,2861
CTRIA3,4643,1,2813,2854,2885
CTRIA3,4644,1,2814,2862,2886
CTRIA3,4645,1,2815,2887,2816
CTRIA3,4646,1,2832,2888,2820
CTRIA3,4647,1,2833,2880,2889
CTRIA3,4648,1,2831,2834,2890
CTRIA3,4649,1,2831,2890,2862
CTRIA3,4650,1,2816,2887,2891
CTRIA3,4651,1,2816,2891,2817
CTRIA3,4652,1,2834,2838,2892
CTRIA3,4653,1,2834,2892,2890
CTRIA3,4654,1,2856,2876,2893
CTRIA3,4655,1,2856,2893,2858
CTRIA3,4656,1,2799,2844,2894
CTRIA3,4657,1,2799,2894,2872
CTRIA3,4658,1,2836,2853,2895
CTRIA3,4659,1,2836,2895,2850
CTRIA3,4660,1,2825,2837,2896
CTRIA3,4661,1,2825,2896,2871
CTRIA3,4662,1,2828,2883,2855
CTRIA3,4663,1,2829,2867,2897
CTRIA3,4664,1,2829,2897,2857
CTRIA3,4665,1,2820,2888,2898
CTRIA3,4666,1,2820,2898,2879
CTRIA3,4667,1,2838,2863,2899
CTRIA3,4668,1,2838,2899,2892
CTRIA3,4669,1,2858,2893,2900
CTRIA3,4670,1,2858,2900,2878
CTRIA3,4671,1,2837,2849,2901
CTRIA3,4672,1,2837,2901,2896
CTRIA3,4673,1,2847,2835,2902
CTRIA3,4674,1,2848,2903,2870
CTRIA3,4675,1,2852,2873,2867
CTRIA3,4676,1,2845,2827,2904
CTRIA3,4677,1,2835,2859,2905
CTRIA3,4678,1,2835,2905,2902
CTRIA3,4679,1,2850,2895,2864
CTRIA3,4680,1,2851,2861,2906
CTRIA3,4681,1,2851,2906,2882
CTRIA3,4682,1,2846,2870,2907
CTRIA3,4683,1,2846,2907,2874
CTRIA3,4684,1,2827,2874,2908
CTRIA3,4685,1,2827,2908,2904
CTRIA3,4686,1,2844,2860,2909
CTRIA3,4687,1,2844,2909,2894
CTRIA3,4688,1,2854,2855,2910
CTRIA3,4689,1,2854,2910,2885
CTRIA3,4690,1,2817,2891,2911
CTRIA3,4691,1,2817,2911,2912
CTRIA3,4692,1,2817,2912,2853
CTRIA3,4693,1,2866,2865,2913
CTRIA3,4694,1,2866,2914,2875
CTRIA3,4695,1,2866,2913,2914
CTRIA3,4696,1,2857,2897,2915
CTRIA3,4697,1,2857,2915,2869
CTRIA3,4698,1,2865,2877,2916
CTRIA3,4699,1,2865,2916,2913
CTRIA3,4700,1,2875,2914,2917
CTRIA3,4701,1,2876,2918,2893
CTRIA3,4702,1,2878,2900,2919
CTRIA3,4703,1,2861,2884,2920
CTRIA3,4704,1,2861,2920,2906
CTRIA3,4705,1,2863,2921,2899
CTRIA3,4706,1,2864,2895,2922
CTRIA3,4707,1,2859,2871,2923
CTRIA3,4708,1,2859,2923,2905
CTRIA3,4709,1,2893,2924,2900
CTRIA3,4710,1,2893,2918,2924
CTRIA3,4711,1,2860,2868,2925
CTRIA3,4712,1,2860,2925,2909
CTRIA3,4713,1,2855,2883,2926
CTRIA3,4714,1,2855,2926,2910
CTRIA3,4715,1,2870,2903,2927
CTRIA3,4716,1,2870,2927,2907
CTRIA3,4717,1,2868,2928,2925
CTRIA3,4718,1,2869,2915,2929
CTRIA3,4719,1,2853,2912,2930
CTRIA3,4720,1,2853,2930,2895
CTRIA3,4721,1,2872,2894,2931
CTRIA3,4722,1,2873,2932,2867
CTRIA3,4723,1,2900,2924,2933
CTRIA3,4724,1,2900,2933,2919
CTRIA3,4725,1,2880,2881,2934
CTRIA3,4726,1,2880,2935,2889
CTRIA3,4727,1,2880,2934,2935
CTRIA3,4728,1,2890,2892,2936
CTRIA3,4729,1,2890,2936,2937
CTRIA3,4730,1,2890,2937,2862
CTRIA3,4731,1,2879,2898,2938
CTRIA3,4732,1,2881,2939,2934
CTRIA3,4733,1,2892,2899,2940
CTRIA3,4734,1,2892,2940,2936
CTRIA3,4735,1,2867,2941,2897
CTRIA3,4736,1,2867,2932,2941
CTRIA3,4737,1,2871,2896,2942
CTRIA3,4738,1,2871,2942,2923
CTRIA3,4739,1,2874,2907,2943
CTRIA3,4740,1,2874,2943,2908
CTRIA3,4741,1,2888,2944,2945
CTRIA3,4742,1,2888,2945,2898
CTRIA3,4743,1,2889,2935,2946
CTRIA3,4744,1,2886,2862,2947
CTRIA3,4745,1,2886,2947,2948
CTRIA3,4746,1,2887,2949,2891
CTRIA3,4747,1,2882,2906,2950
CTRIA3,4748,1,2883,2951,2926
CTRIA3,4749,1,2884,2952,2920
CTRIA3,4750,1,2885,2910,2953
CTRIA3,4751,1,2862,2937,2954
CTRIA3,4752,1,2862,2954,2947
CTRIA3,4753,1,2914,2913,2955
CTRIA3,4754,1,2914,2955,2917
CTRIA3,4755,1,2897,2941,2915
CTRIA3,4756,1,2913,2916,2956
CTRIA3,4757,1,2913,2956,2955
CTRIA3,4758,1,2896,2901,2957
CTRIA3,4759,1,2896,2957,2942
CTRIA3,4760,1,2898,2945,2938
CTRIA3,4761,1,2894,2909,2958
CTRIA3,4762,1,2894,2958,2931
CTRIA3,4763,1,2924,2918,2959
CTRIA3,4764,1,2924,2959,2933
CTRIA3,4765,1,2895,2930,2960
CTRIA3,4766,1,2895,2960,2922
CTRIA3,4767,1,2899,2921,2961
CTRIA3,4768,1,2899,2961,2940
CTRIA3,4769,1,2891,2949,2962
CTRIA3,4770,1,2891,2962,2911
CTRIA3,4771,1,2917,2955,2963
CTRIA3,4772,1,2918,2964,2959
CTRIA3,4773,1,2916,2965,2956
CTRIA3,4774,1,2919,2933,2966
CTRIA3,4775,1,2902,2905,2967
CTRIA3,4776,1,2903,2968,2969
CTRIA3,4777,1,2903,2969,2927
CTRIA3,4778,1,2901,2970,2957
CTRIA3,4779,1,2904,2908,2971
CTRIA3,4780,1,2906,2920,2972
CTRIA3,4781,1,2906,2972,2950
CTRIA3,4782,1,2907,2927,2973
CTRIA3,4783,1,2907,2973,2943
CTRIA3,4784,1,2910,2926,2974
CTRIA3,4785,1,2910,2974,2953
CTRIA3,4786,1,2905,2923,2975
CTRIA3,4787,1,2905,2975,2967
CTRIA3,4788,1,2909,2925,2976
CTRIA3,4789,1,2909,2976,2958
CTRIA3,4790,1,2908,2943,2977
CTRIA3,4791,1,2908,2977,2971
CTRIA3,4792,1,2936,2940,2978
CTRIA3,4793,1,2936,2978,2937
CTRIA3,4794,1,2933,2959,2979
CTRIA3,4795,1,2933,2980,2966
CTRIA3,4796,1,2933,2979,2980
CTRIA3,4797,1,2955,2956,2981
CTRIA3,4798,1,2955,2981,2963
CTRIA3,4799,1,2920,2952,2982
CTRIA3,4800,1,2920,2982,2972
CTRIA3,4801,1,2927,2969,2973
CTRIA3,4802,1,2921,2983,2961
CTRIA3,4803,1,2922,2960,2984
CTRIA3,4804,1,2915,2941,2985
CTRIA3,4805,1,2915,2985,2986
CTRIA3,4806,1,2915,2986,2929
CTRIA3,4807,1,2935,2934,2987
CTRIA3,4808,1,2935,2987,2946
CTRIA3,4809,1,2923,2942,2988
CTRIA3,4810,1,2923,2988,2975
CTRIA3,4811,1,2911,2962,2989
CTRIA3,4812,1,2911,2989,2912
CTRIA3,4813,1,2912,2990,2930
CTRIA3,4814,1,2912,2989,2990
CTRIA3,4815,1,2959,2964,2991
CTRIA3,4816,1,2959,2991,2979
CTRIA3,4817,1,2956,2965,2992
CTRIA3,4818,1,2956,2992,2981
CTRIA3,4819,1,2926,2951,2993
CTRIA3,4820,1,2926,2993,2974
CTRIA3,4821,1,2928,2994,2925
CTRIA3,4822,1,2928,2995,2994
CTRIA3,4823,1,2929,2986,2996
CTRIA3,4824,1,2941,2932,2997
CTRIA3,4825,1,2941,2997,2985
CTRIA3,4826,1,2937,2978,2998
CTRIA3,4827,1,2937,2998,2954
CTRIA3,4828,1,2931,2958,2999
CTRIA3,4829,1,2932,3000,2997
CTRIA3,4830,1,2940,2961,3001
CTRIA3,4831,1,2940,3001,2978
CTRIA3,4832,1,2925,2994,3002
CTRIA3,4833,1,2925,3002,2976
CTRIA3,4834,1,2963,2981,3003
CTRIA3,4835,1,2964,3004,2991
CTRIA3,4836,1,2965,3005,2992
CTRIA3,4837,1,2966,2980,3006
CTRIA3,4838,1,2938,2945,3007
CTRIA3,4839,1,2938,3007,3008
CTRIA3,4840,1,2939,3009,2934
CTRIA3,4841,1,2944,3010,2945
CTRIA3,4842,1,2944,3011,3010
CTRIA3,4843,1,2946,2987,3012
CTRIA3,4844,1,2948,2947,3013
CTRIA3,4845,1,2949,3014,2962
CTRIA3,4846,1,2934,3009,3015
CTRIA3,4847,1,2934,3015,2987
CTRIA3,4848,1,2945,3010,3007
CTRIA3,4849,1,2950,2972,3016
CTRIA3,4850,1,2951,3017,2993
CTRIA3,4851,1,2952,3018,2982
CTRIA3,4852,1,2953,2974,3019
CTRIA3,4853,1,2930,2990,3020
CTRIA3,4854,1,2930,3020,2960
CTRIA3,4855,1,2947,2954,3021
CTRIA3,4856,1,2947,3021,3013
CTRIA3,4857,1,2942,2957,3022
CTRIA3,4858,1,2942,3022,3023
CTRIA3,4859,1,2942,3023,2988
CTRIA3,4860,1,2943,2973,3024
CTRIA3,4861,1,2943,3025,2977
CTRIA3,4862,1,2943,3024,3025
CTRIA3,4863,1,2957,2970,3026
CTRIA3,4864,1,2957,3026,3022
CTRIA3,4865,1,2961,2983,3027
CTRIA3,4866,1,2961,3027,3001
CTRIA3,4867,1,2980,2979,3028
CTRIA3,4868,1,2980,3028,3006
CTRIA3,4869,1,2981,2992,3029
CTRIA3,4870,1,2981,3029,3003
CTRIA3,4871,1,2972,2982,3030
CTRIA3,4872,1,2972,3030,3016
CTRIA3,4873,1,2979,2991,3031
CTRIA3,4874,1,2979,3031,3028
CTRIA3,4875,1,2967,2975,3032
CTRIA3,4876,1,2967,3032,3033
CTRIA3,4877,1,2968,3034,2969
CTRIA3,4878,1,2970,3035,3026
CTRIA3,4879,1,2971,2977,3036
CTRIA3,4880,1,2991,3004,3031
CTRIA3,4881,1,2974,2993,3037
CTRIA3,4882,1,2974,3037,3019
CTRIA3,4883,1,2973,2969,3038
CTRIA3,4884,1,2973,3038,3024
CTRIA3,4885,1,2960,3020,3039
CTRIA3,4886,1,2960,3039,2984
CTRIA3,4887,1,2969,3040,3038
CTRIA3,4888,1,2969,3034,3040
CTRIA3,4889,1,2962,3014,3041
CTRIA3,4890,1,2962,3041,2989
CTRIA3,4891,1,2992,3005,3042
CTRIA3,4892,1,2992,3042,3029
CTRIA3,4893,1,2975,2988,3043
CTRIA3,4894,1,2975,3043,3032
CTRIA3,4895,1,2958,2976,3044
CTRIA3,4896,1,2958,3044,2999
CTRIA3,4897,1,2954,2998,3045
CTRIA3,4898,1,2954,3045,3021
CTRIA3,4899,1,2982,3046,3030
CTRIA3,4900,1,2982,3018,3046
CTRIA3,4901,1,2978,3001,3047
CTRIA3,4902,1,2978,3047,2998
CTRIA3,4903,1,2988,3023,3043
CTRIA3,4904,1,2977,3048,3036
CTRIA3,4905,1,2977,3025,3048
CTRIA3,4906,1,3003,3029,3049
CTRIA3,4907,1,3004,3050,3031
CTRIA3,4908,1,3005,3051,3042
CTRIA3,4909,1,3006,3028,3052
CTRIA3,4910,1,2983,3053,3027
CTRIA3,4911,1,2984,3039,3054
CTRIA3,4912,1,2990,2989,3055
CTRIA3,4913,1,2990,3055,3020
CTRIA3,4914,1,2985,2997,3056
CTRIA3,4915,1,2985,3057,2986
CTRIA3,4916,1,2985,3056,3057
CTRIA3,4917,1,2989,3041,3055
CTRIA3,4918,1,2987,3015,3058
CTRIA3,4919,1,2987,3058,3012
CTRIA3,4920,1,2994,2995,3059
CTRIA3,4921,1,2994,3059,3002
CTRIA3,4922,1,2997,3000,3060
CTRIA3,4923,1,2997,3060,3056
CTRIA3,4924,1,3001,3027,3061
CTRIA3,4925,1,3001,3061,3047
CTRIA3,4926,1,3029,3042,3062
CTRIA3,4927,1,3029,3062,3049
CTRIA3,4928,1,3010,3011,3063
CTRIA3,4929,1,3010,3063,3007
CTRIA3,4930,1,3031,3050,3064
CTRIA3,4931,1,3031,3064,3028
CTRIA3,4932,1,2976,3002,3065
CTRIA3,4933,1,2976,3065,3044
CTRIA3,4934,1,2996,2986,3066
CTRIA3,4935,1,2986,3057,3067
CTRIA3,4936,1,2986,3067,3066
CTRIA3,4937,1,3028,3064,3068
CTRIA3,4938,1,3028,3068,3052
CTRIA3,4939,1,2999,3044,3069
CTRIA3,4940,1,3000,3070,3060
CTRIA3,4941,1,2998,3047,3071
CTRIA3,4942,1,2998,3071,3045
CTRIA3,4943,1,3008,3007,3072
CTRIA3,4944,1,3009,3073,3015
CTRIA3,4945,1,3011,3074,3063
CTRIA3,4946,1,3012,3058,3075
CTRIA3,4947,1,3042,3051,3076
CTRIA3,4948,1,3042,3076,3062
CTRIA3,4949,1,3013,3021,3077
CTRIA3,4950,1,3014,3078,3041
CTRIA3,4951,1,3007,3063,3079
CTRIA3,4952,1,3007,3079,3072
CTRIA3,4953,1,3016,3080,3081
CTRIA3,4954,1,3016,3081,3082
CTRIA3,4955,1,3080,3083,3081
CTRIA3,4956,1,3084,3017,3085
CTRIA3,4957,1,3084,3086,3087
CTRIA3,4958,1,3084,3085,3086
CTRIA3,4959,1,3017,3088,3085
CTRIA3,4960,1,3083,3018,3089
CTRIA3,4961,1,3083,3090,3081
CTRIA3,4962,1,3083,3089,3090
CTRIA3,4963,1,3019,3087,3091
CTRIA3,4964,1,3087,3086,3091
CTRIA3,4965,1,3027,3053,3092
CTRIA3,4966,1,3027,3092,3061
CTRIA3,4967,1,3015,3073,3093
CTRIA3,4968,1,3015,3093,3058
CTRIA3,4969,1,3002,3059,3094
CTRIA3,4970,1,3002,3094,3065
CTRIA3,4971,1,3021,3045,3095
CTRIA3,4972,1,3021,3095,3077
CTRIA3,4973,1,3035,3096,3026
CTRIA3,4974,1,3035,3097,3096
CTRIA3,4975,1,3098,3099,3100
CTRIA3,4976,1,3098,3100,3026
CTRIA3,4977,1,3026,3096,3022
CTRIA3,4978,1,3026,3100,3101
CTRIA3,4979,1,3026,3101,3022
CTRIA3,4980,1,3022,3096,3102
CTRIA3,4981,1,3022,3102,3023
CTRIA3,4982,1,3022,3103,3023
CTRIA3,4983,1,3022,3101,3103
CTRIA3,4984,1,3023,3103,3043
CTRIA3,4985,1,3023,3102,3104
CTRIA3,4986,1,3023,3105,3043
CTRIA3,4987,1,3023,3104,3105
CTRIA3,4988,1,3043,3106,3032
CTRIA3,4989,1,3043,3103,3106
CTRIA3,4990,1,3043,3107,3032
CTRIA3,4991,1,3043,3105,3107
CTRIA3,4992,1,3032,3108,3033
CTRIA3,4993,1,3032,3106,3108
CTRIA3,4994,1,3032,3109,3033
CTRIA3,4995,1,3032,3107,3109
CTRIA3,4996,1,3099,3110,3100
CTRIA3,4997,1,3108,3106,3111
CTRIA3,4998,1,3100,3110,3112
CTRIA3,4999,1,3100,3112,3101
CTRIA3,5000,1,3106,3103,3113
CTRIA3,5001,1,3106,3113,3111
CTRIA3,5002,1,3103,3101,3114
CTRIA3,5003,1,3103,3114,3113
CTRIA3,5004,1,3101,3112,3115
CTRIA3,5005,1,3101,3115,3114
CTRIA3,5006,1,3110,3116,3112
CTRIA3,5007,1,3111,3113,3117
CTRIA3,5008,1,3112,3116,3118
CTRIA3,5009,1,3112,3118,3115
CTRIA3,5010,1,3113,3114,3119
CTRIA3,5011,1,3113,3120,3117
CTRIA3,5012,1,3113,3119,3120
CTRIA3,5013,1,3114,3115,3121
CTRIA3,5014,1,3114,3121,3119
CTRIA3,5015,1,3115,3118,3122
CTRIA3,5016,1,3115,3122,3121
CTRIA3,5017,1,3116,3123,3118
CTRIA3,5018,1,3117,3120,3124
CTRIA3,5019,1,3118,3123,3125
CTRIA3,5020,1,3118,3125,3122
CTRIA3,5021,1,3120,3119,3126
CTRIA3,5022,1,3120,3127,3124
CTRIA3,5023,1,3120,3126,3127
CTRIA3,5024,1,3119,3121,3128
CTRIA3,5025,1,3119,3128,3126
CTRIA3,5026,1,3123,3129,3125
CTRIA3,5027,1,3121,3122,3130
CTRIA3,5028,1,3121,3130,3128
CTRIA3,5029,1,3122,3125,3130
CTRIA3,5030,1,3125,3129,3131
CTRIA3,5031,1,3125,3131,3130
CTRIA3,5032,1,3129,3132,3131
CTRIA3,5033,1,3127,3126,3133
CTRIA3,5034,1,3130,3131,3134
CTRIA3,5035,1,3130,3134,3128
CTRIA3,5036,1,3128,3134,3135
CTRIA3,5037,1,3128,3135,3126
CTRIA3,5038,1,3126,3135,3136
CTRIA3,5039,1,3126,3136,3133
CTRIA3,5040,1,3131,3132,3137
CTRIA3,5041,1,3131,3137,3138
CTRIA3,5042,1,3131,3138,3134
CTRIA3,5043,1,3133,3136,3139
CTRIA3,5044,1,3134,3138,3140
CTRIA3,5045,1,3134,3140,3135
CTRIA3,5046,1,3135,3140,3141
CTRIA3,5047,1,3135,3141,3136
CTRIA3,5048,1,3136,3141,3142
CTRIA3,5049,1,3136,3142,3139
CTRIA3,5050,1,3137,3143,3144
CTRIA3,5051,1,3137,3144,3138
CTRIA3,5052,1,3138,3145,3140
CTRIA3,5053,1,3138,3144,3145
CTRIA3,5054,1,3139,3142,3146
CTRIA3,5055,1,3140,3145,3147
CTRIA3,5056,1,3140,3147,3141
CTRIA3,5057,1,3141,3147,3148
CTRIA3,5058,1,3141,3148,3142
CTRIA3,5059,1,3142,3148,3149
CTRIA3,5060,1,3142,3149,3146
CTRIA3,5061,1,3145,3144,3150
CTRIA3,5062,1,3145,3150,3151
CTRIA3,5063,1,3145,3151,3147
CTRIA3,5064,1,3143,3152,3144
CTRIA3,5065,1,3146,3149,3153
CTRIA3,5066,1,3147,3151,3154
CTRIA3,5067,1,3147,3154,3148
CTRIA3,5068,1,3144,3152,3155
CTRIA3,5069,1,3144,3155,3150
CTRIA3,5070,1,3148,3156,3149
CTRIA3,5071,1,3148,3154,3156
CTRIA3,5072,1,3149,3156,3157
CTRIA3,5073,1,3149,3157,3153
CTRIA3,5074,1,3150,3155,3158
CTRIA3,5075,1,3150,3158,3151
CTRIA3,5076,1,3152,3159,3155
CTRIA3,5077,1,3153,3157,3160
CTRIA3,5078,1,3151,3158,3161
CTRIA3,5079,1,3151,3161,3154
CTRIA3,5080,1,3156,3154,3162
CTRIA3,5081,1,3156,3162,3157
CTRIA3,5082,1,3154,3161,3162
CTRIA3,5083,1,3157,3162,3163
CTRIA3,5084,1,3157,3163,3160
CTRIA3,5085,1,3155,3159,3164
CTRIA3,5086,1,3155,3164,3165
CTRIA3,5087,1,3155,3165,3158
CTRIA3,5088,1,3159,3166,3164
CTRIA3,5089,1,3160,3163,3167
CTRIA3,5090,1,3158,3165,3168
CTRIA3,5091,1,3158,3168,3161
CTRIA3,5092,1,3161,3168,3169
CTRIA3,5093,1,3161,3169,3162
CTRIA3,5094,1,3162,3169,3170
CTRIA3,5095,1,3162,3170,3163
CTRIA3,5096,1,3164,3166,3165
CTRIA3,5097,1,3163,3171,3167
CTRIA3,5098,1,3163,3170,3171
CTRIA3,5099,1,3166,3172,3165
CTRIA3,5100,1,3167,3171,3173
CTRIA3,5101,1,3165,3172,3174
CTRIA3,5102,1,3165,3174,3175
CTRIA3,5103,1,3165,3175,3168
CTRIA3,5104,1,3168,3175,3176
CTRIA3,5105,1,3168,3176,3169
CTRIA3,5106,1,3169,3177,3170
CTRIA3,5107,1,3169,3176,3177
CTRIA3,5108,1,3171,3170,3178
CTRIA3,5109,1,3171,3178,3173
CTRIA3,5110,1,3170,3177,3179
CTRIA3,5111,1,3170,3179,3178
CTRIA3,5112,1,3172,3180,3174
CTRIA3,5113,1,3173,3178,3181
CTRIA3,5114,1,3178,3179,3182
CTRIA3,5115,1,3178,3182,3181
CTRIA3,5116,1,3174,3180,3183
CTRIA3,5117,1,3174,3183,3184
CTRIA3,5118,1,3174,3184,3175
CTRIA3,5119,1,3175,3184,3185
CTRIA3,5120,1,3175,3185,3176
CTRIA3,5121,1,3177,3176,3186
CTRIA3,5122,1,3177,3186,3179
CTRIA3,5123,1,3176,3185,3186
CTRIA3,5124,1,3181,3182,3187
CTRIA3,5125,1,3180,3188,3183
CTRIA3,5126,1,3179,3186,3189
CTRIA3,5127,1,3179,3189,3182
CTRIA3,5128,1,3182,3190,3187
CTRIA3,5129,1,3182,3189,3190
CTRIA3,5130,1,3187,3190,3191
CTRIA3,5131,1,3188,3192,3183
CTRIA3,5132,1,3183,3192,3193
CTRIA3,5133,1,3183,3193,3184
CTRIA3,5134,1,3184,3193,3194
CTRIA3,5135,1,3184,3194,3185
CTRIA3,5136,1,3185,3194,3195
CTRIA3,5137,1,3185,3195,3186
CTRIA3,5138,1,3186,3195,3196
CTRIA3,5139,1,3186,3196,3189
CTRIA3,5140,1,3190,3189,3197
CTRIA3,5141,1,3190,3197,3191
CTRIA3,5142,1,3191,3197,3198
CTRIA3,5143,1,3192,3199,3193
CTRIA3,5144,1,3189,3196,3200
CTRIA3,5145,1,3189,3200,3197
CTRIA3,5146,1,3193,3199,3201
CTRIA3,5147,1,3193,3201,3194
CTRIA3,5148,1,3197,3202,3198
CTRIA3,5149,1,3197,3200,3202
CTRIA3,5150,1,3194,3201,3203
CTRIA3,5151,1,3194,3204,3195
CTRIA3,5152,1,3194,3203,3204
CTRIA3,5153,1,3195,3204,3205
CTRIA3,5154,1,3195,3205,3196
CTRIA3,5155,1,3198,3202,3206
CTRIA3,5156,1,3199,3207,3208
CTRIA3,5157,1,3199,3208,3201
CTRIA3,5158,1,3201,3208,3203
CTRIA3,5159,1,3196,3205,3209
CTRIA3,5160,1,3196,3210,3200
CTRIA3,5161,1,3196,3209,3210
CTRIA3,5162,1,3202,3200,3211
CTRIA3,5163,1,3202,3211,3206
CTRIA3,5164,1,3200,3210,3212
CTRIA3,5165,1,3200,3212,3211
CTRIA3,5166,1,3204,3203,3213
CTRIA3,5167,1,3204,3213,3214
CTRIA3,5168,1,3204,3214,3205
CTRIA3,5169,1,3203,3208,3215
CTRIA3,5170,1,3203,3215,3213
CTRIA3,5171,1,3206,3211,3216
CTRIA3,5172,1,3205,3214,3209
CTRIA3,5173,1,3207,3217,3218
CTRIA3,5174,1,3207,3218,3208
CTRIA3,5175,1,3208,3218,3215
CTRIA3,5176,1,3211,3212,3219
CTRIA3,5177,1,3211,3219,3216
CTRIA3,5178,1,3210,3209,3220
CTRIA3,5179,1,3210,3221,3212
CTRIA3,5180,1,3210,3220,3221
CTRIA3,5181,1,3209,3214,3222
CTRIA3,5182,1,3209,3222,3220
CTRIA3,5183,1,3212,3223,3219
CTRIA3,5184,1,3212,3221,3223
CTRIA3,5185,1,3216,3219,3224
CTRIA3,5186,1,3216,3224,3225
CTRIA3,5187,1,3217,3226,3218
CTRIA3,5188,1,3217,3227,3226
CTRIA3,5189,1,3213,3215,3228
CTRIA3,5190,1,3213,3229,3214
CTRIA3,5191,1,3213,3228,3229
CTRIA3,5192,1,3218,3230,3215
CTRIA3,5193,1,3218,3226,3230
CTRIA3,5194,1,3214,3229,3222
CTRIA3,5195,1,3215,3230,3228
CTRIA3,5196,1,3219,3223,3224
CTRIA3,5197,1,3082,3231,3232
CTRIA3,5198,1,3082,3232,3233
CTRIA3,5199,1,3231,3234,3235
CTRIA3,5200,1,3231,3235,3232
CTRIA3,5201,1,3225,3224,3236
CTRIA3,5202,1,3225,3236,3237
CTRIA3,5203,1,3224,3238,3239
CTRIA3,5204,1,3224,3239,3236
CTRIA3,5205,1,3238,3223,3239
CTRIA3,5206,1,3223,3221,3240
CTRIA3,5207,1,3223,3240,3239
CTRIA3,5208,1,3221,3220,3241
CTRIA3,5209,1,3221,3241,3240
CTRIA3,5210,1,3234,3089,3242
CTRIA3,5211,1,3234,3242,3235
CTRIA3,5212,1,3220,3222,3243
CTRIA3,5213,1,3220,3243,3241
CTRIA3,5214,1,3222,3244,3245
CTRIA3,5215,1,3222,3245,3243
CTRIA3,5216,1,3244,3228,3246
CTRIA3,5217,1,3244,3246,3245
CTRIA3,5218,1,3228,3230,3247
CTRIA3,5219,1,3228,3247,3246
CTRIA3,5220,1,3230,3226,3248
CTRIA3,5221,1,3230,3248,3247
CTRIA3,5222,1,3226,3227,3249
CTRIA3,5223,1,3226,3249,3248
CTRIA3,5224,1,3246,3247,3250
CTRIA3,5225,1,3246,3250,3245
CTRIA3,5226,1,3243,3245,3251
CTRIA3,5227,1,3243,3251,3241
CTRIA3,5228,1,3245,3250,3252
CTRIA3,5229,1,3245,3252,3251
CTRIA3,5230,1,3249,3253,3248
CTRIA3,5231,1,3249,3254,3253
CTRIA3,5232,1,3237,3236,3255
CTRIA3,5233,1,3248,3253,3256
CTRIA3,5234,1,3248,3256,3247
CTRIA3,5235,1,3240,3241,3257
CTRIA3,5236,1,3240,3257,3258
CTRIA3,5237,1,3240,3258,3239
CTRIA3,5238,1,3241,3251,3259
CTRIA3,5239,1,3241,3259,3257
CTRIA3,5240,1,3236,3239,3260
CTRIA3,5241,1,3236,3260,3255
CTRIA3,5242,1,3239,3258,3260
CTRIA3,5243,1,3247,3256,3261
CTRIA3,5244,1,3247,3262,3250
CTRIA3,5245,1,3247,3261,3262
CTRIA3,5246,1,3250,3262,3252
CTRIA3,5247,1,3251,3252,3263
CTRIA3,5248,1,3251,3263,3259
CTRIA3,5249,1,3252,3262,3264
CTRIA3,5250,1,3252,3264,3263
CTRIA3,5251,1,3257,3259,3265
CTRIA3,5252,1,3257,3265,3258
CTRIA3,5253,1,3253,3254,3266
CTRIA3,5254,1,3253,3267,3256
CTRIA3,5255,1,3253,3266,3267
CTRIA3,5256,1,3256,3267,3261
CTRIA3,5257,1,3254,3268,3266
CTRIA3,5258,1,3255,3260,3269
CTRIA3,5259,1,3255,3269,3270
CTRIA3,5260,1,3259,3263,3271
CTRIA3,5261,1,3259,3271,3265
CTRIA3,5262,1,3258,3265,3272
CTRIA3,5263,1,3258,3273,3260
CTRIA3,5264,1,3258,3272,3273
CTRIA3,5265,1,3262,3261,3274
CTRIA3,5266,1,3262,3274,3264
CTRIA3,5267,1,3260,3273,3275
CTRIA3,5268,1,3260,3275,3269
CTRIA3,5269,1,3263,3264,3276
CTRIA3,5270,1,3263,3276,3271
CTRIA3,5271,1,3261,3267,3277
CTRIA3,5272,1,3261,3277,3274
CTRIA3,5273,1,3267,3266,3278
CTRIA3,5274,1,3267,3278,3277
CTRIA3,5275,1,3265,3271,3279
CTRIA3,5276,1,3265,3279,3272
CTRIA3,5277,1,3266,3268,3280
CTRIA3,5278,1,3266,3280,3278
CTRIA3,5279,1,3264,3274,3281
CTRIA3,5280,1,3264,3281,3276
CTRIA3,5281,1,3268,3282,3280
CTRIA3,5282,1,3270,3269,3283
CTRIA3,5283,1,3271,3276,3284
CTRIA3,5284,1,3271,3284,3279
CTRIA3,5285,1,3269,3275,3285
CTRIA3,5286,1,3269,3285,3283
CTRIA3,5287,1,3273,3272,3286
CTRIA3,5288,1,3273,3286,3275
CTRIA3,5289,1,3272,3279,3287
CTRIA3,5290,1,3272,3287,3286
CTRIA3,5291,1,3276,3281,3288
CTRIA3,5292,1,3276,3288,3284
CTRIA3,5293,1,3274,3277,3289
CTRIA3,5294,1,3274,3290,3281
CTRIA3,5295,1,3274,3289,3290
CTRIA3,5296,1,3277,3278,3291
CTRIA3,5297,1,3277,3291,3289
CTRIA3,5298,1,3275,3286,3292
CTRIA3,5299,1,3275,3292,3285
CTRIA3,5300,1,3278,3280,3293
CTRIA3,5301,1,3278,3293,3291
CTRIA3,5302,1,3279,3284,3294
CTRIA3,5303,1,3279,3294,3287
CTRIA3,5304,1,3281,3290,3288
CTRIA3,5305,1,3280,3282,3295
CTRIA3,5306,1,3280,3295,3293
CTRIA3,5307,1,3283,3285,3296
CTRIA3,5308,1,3286,3287,3297
CTRIA3,5309,1,3286,3297,3292
CTRIA3,5310,1,3284,3288,3298
CTRIA3,5311,1,3284,3298,3294
CTRIA3,5312,1,3285,3292,3299
CTRIA3,5313,1,3285,3299,3296
CTRIA3,5314,1,3291,3293,3300
CTRIA3,5315,1,3291,3300,3289
CTRIA3,5316,1,3287,3294,3301
CTRIA3,5317,1,3287,3301,3297
CTRIA3,5318,1,3288,3290,3302
CTRIA3,5319,1,3288,3302,3298
CTRIA3,5320,1,3293,3295,3303
CTRIA3,5321,1,3293,3303,3300
CTRIA3,5322,1,3290,3289,3304
CTRIA3,5323,1,3290,3304,3302
CTRIA3,5324,1,3292,3297,3305
CTRIA3,5325,1,3292,3305,3299
CTRIA3,5326,1,3289,3300,3306
CTRIA3,5327,1,3289,3306,3304
CTRIA3,5328,1,3297,3301,3305
CTRIA3,5329,1,3295,3307,3303
CTRIA3,5330,1,3296,3299,3308
CTRIA3,5331,1,3298,3302,3309
CTRIA3,5332,1,3298,3309,3294
CTRIA3,5333,1,3294,3309,3310
CTRIA3,5334,1,3294,3310,3301
CTRIA3,5335,1,3300,3303,3311
CTRIA3,5336,1,3300,3311,3306
CTRIA3,5337,1,3299,3305,3312
CTRIA3,5338,1,3299,3312,3308
CTRIA3,5339,1,3303,3307,3311
CTRIA3,5340,1,3302,3304,3313
CTRIA3,5341,1,3302,3313,3314
CTRIA3,5342,1,3302,3314,3309
CTRIA3,5343,1,3301,3310,3315
CTRIA3,5344,1,3301,3315,3305
CTRIA3,5345,1,3304,3306,3316
CTRIA3,5346,1,3304,3316,3313
CTRIA3,5347,1,3305,3315,3317
CTRIA3,5348,1,3305,3317,3312
CTRIA3,5349,1,3309,3314,3318
CTRIA3,5350,1,3309,3318,3310
CTRIA3,5351,1,3306,3311,3319
CTRIA3,5352,1,3306,3319,3316
CTRIA3,5353,1,3308,3312,3320
CTRIA3,5354,1,3307,3321,3311
CTRIA3,5355,1,3311,3321,3322
CTRIA3,5356,1,3311,3322,3319
CTRIA3,5357,1,3310,3318,3323
CTRIA3,5358,1,3310,3324,3315
CTRIA3,5359,1,3310,3323,3324
CTRIA3,5360,1,3313,3316,3325
CTRIA3,5361,1,3313,3325,3326
CTRIA3,5362,1,3313,3326,3314
CTRIA3,5363,1,3312,3317,3327
CTRIA3,5364,1,3312,3327,3320
CTRIA3,5365,1,3314,3326,3328
CTRIA3,5366,1,3314,3328,3318
CTRIA3,5367,1,3316,3319,3329
CTRIA3,5368,1,3316,3329,3325
CTRIA3,5369,1,3315,3324,3330
CTRIA3,5370,1,3315,3330,3317
CTRIA3,5371,1,3318,3328,3323
CTRIA3,5372,1,3319,3322,3331
CTRIA3,5373,1,3319,3331,3329
CTRIA3,5374,1,3320,3327,3332
CTRIA3,5375,1,3321,3333,3322
CTRIA3,5376,1,3321,3334,3333
CTRIA3,5377,1,3317,3330,3335
CTRIA3,5378,1,3317,3335,3327
CTRIA3,5379,1,3322,3333,3331
CTRIA3,5380,1,3325,3329,3336
CTRIA3,5381,1,3325,3336,3326
CTRIA3,5382,1,3326,3336,3337
CTRIA3,5383,1,3326,3337,3328
CTRIA3,5384,1,3328,3337,3338
CTRIA3,5385,1,3328,3338,3323
CTRIA3,5386,1,3324,3323,3339
CTRIA3,5387,1,3324,3340,3330
CTRIA3,5388,1,3324,3339,3340
CTRIA3,5389,1,3327,3335,3341
CTRIA3,5390,1,3327,3341,3332
CTRIA3,5391,1,3329,3331,3342
CTRIA3,5392,1,3329,3342,3336
CTRIA3,5393,1,3323,3338,3339
CTRIA3,5394,1,3330,3340,3343
CTRIA3,5395,1,3330,3343,3335
CTRIA3,5396,1,3331,3333,3344
CTRIA3,5397,1,3331,3344,3342
CTRIA3,5398,1,3333,3334,3345
CTRIA3,5399,1,3333,3345,3344
CTRIA3,5400,1,3332,3341,3346
CTRIA3,5401,1,3334,3347,3345
CTRIA3,5402,1,3336,3342,3348
CTRIA3,5403,1,3336,3348,3337
CTRIA3,5404,1,3335,3343,3349
CTRIA3,5405,1,3335,3349,3341
CTRIA3,5406,1,3337,3348,3350
CTRIA3,5407,1,3337,3350,3338
CTRIA3,5408,1,3340,3339,3351
CTRIA3,5409,1,3340,3351,3343
CTRIA3,5410,1,3338,3350,3352
CTRIA3,5411,1,3338,3352,3339
CTRIA3,5412,1,3339,3352,3353
CTRIA3,5413,1,3339,3353,3351
CTRIA3,5414,1,3343,3351,3354
CTRIA3,5415,1,3343,3354,3349
CTRIA3,5416,1,3342,3344,3355
CTRIA3,5417,1,3342,3355,3356
CTRIA3,5418,1,3342,3356,3348
CTRIA3,5419,1,3341,3349,3357
CTRIA3,5420,1,3341,3357,3358
CTRIA3,5421,1,3341,3358,3346
CTRIA3,5422,1,3344,3345,3359
CTRIA3,5423,1,3344,3359,3355
CTRIA3,5424,1,3345,3347,3360
CTRIA3,5425,1,3345,3360,3359
CTRIA3,5426,1,3348,3356,3361
CTRIA3,5427,1,3348,3361,3350
CTRIA3,5428,1,3349,3354,3362
CTRIA3,5429,1,3349,3362,3357
CTRIA3,5430,1,3350,3361,3363
CTRIA3,5431,1,3350,3363,3352
CTRIA3,5432,1,3352,3363,3353
CTRIA3,5433,1,3351,3353,3364
CTRIA3,5434,1,3351,3364,3354
CTRIA3,5435,1,3091,3365,3366
CTRIA3,5436,1,3360,3367,3359
CTRIA3,5437,1,3359,3367,3368
CTRIA3,5438,1,3359,3369,3355
CTRIA3,5439,1,3359,3368,3369
CTRIA3,5440,1,3355,3370,3356
CTRIA3,5441,1,3355,3369,3370
CTRIA3,5442,1,3356,3370,3371
CTRIA3,5443,1,3356,3371,3372
CTRIA3,5444,1,3372,3373,3363
CTRIA3,5445,1,3372,3371,3373
CTRIA3,5446,1,3363,3374,3353
CTRIA3,5447,1,3363,3373,3374
CTRIA3,5448,1,3353,3374,3375
CTRIA3,5449,1,3353,3375,3364
CTRIA3,5450,1,3365,3376,3377
CTRIA3,5451,1,3365,3377,3366
CTRIA3,5452,1,3364,3378,3354
CTRIA3,5453,1,3364,3375,3378
CTRIA3,5454,1,3354,3379,3357
CTRIA3,5455,1,3354,3378,3379
CTRIA3,5456,1,3357,3379,3380
CTRIA3,5457,1,3357,3380,3381
CTRIA3,5458,1,3357,3381,3358
CTRIA3,5459,1,3376,3088,3382
CTRIA3,5460,1,3376,3382,3377
CTRIA3,5461,1,3088,3383,3382
CTRIA3,5462,1,3379,3378,3384
CTRIA3,5463,1,3379,3384,3380
CTRIA3,5464,1,3370,3369,3385
CTRIA3,5465,1,3370,3385,3371
CTRIA3,5466,1,3374,3373,3386
CTRIA3,5467,1,3374,3386,3375
CTRIA3,5468,1,3373,3371,3387
CTRIA3,5469,1,3373,3387,3386
CTRIA3,5470,1,3378,3375,3388
CTRIA3,5471,1,3378,3388,3384
CTRIA3,5472,1,3380,3384,3389
CTRIA3,5473,1,3380,3390,3381
CTRIA3,5474,1,3380,3389,3390
CTRIA3,5475,1,3367,3391,3368
CTRIA3,5476,1,3369,3368,3392
CTRIA3,5477,1,3369,3392,3385
CTRIA3,5478,1,3371,3385,3393
CTRIA3,5479,1,3371,3393,3387
CTRIA3,5480,1,3375,3386,3394
CTRIA3,5481,1,3375,3394,3388
CTRIA3,5482,1,3368,3391,3392
CTRIA3,5483,1,3384,3388,3395
CTRIA3,5484,1,3384,3395,3389
CTRIA3,5485,1,3387,3393,3396
CTRIA3,5486,1,3387,3396,3386
CTRIA3,5487,1,3386,3396,3394
CTRIA3,5488,1,3385,3392,3397
CTRIA3,5489,1,3385,3397,3393
CTRIA3,5490,1,3388,3394,3398
CTRIA3,5491,1,3388,3398,3395
CTRIA3,5492,1,3391,3399,3392
CTRIA3,5493,1,3390,3389,3400
CTRIA3,5494,1,3389,3395,3401
CTRIA3,5495,1,3389,3401,3400
CTRIA3,5496,1,3392,3399,3402
CTRIA3,5497,1,3392,3402,3397
CTRIA3,5498,1,3393,3397,3403
CTRIA3,5499,1,3393,3403,3396
CTRIA3,5500,1,3395,3398,3401
CTRIA3,5501,1,3396,3403,3404
CTRIA3,5502,1,3396,3404,3394
CTRIA3,5503,1,3394,3404,3405
CTRIA3,5504,1,3394,3405,3398
CTRIA3,5505,1,3399,3406,3402
CTRIA3,5506,1,3400,3401,3407
CTRIA3,5507,1,3401,3398,3408
CTRIA3,5508,1,3401,3408,3407
CTRIA3,5509,1,3397,3402,3409
CTRIA3,5510,1,3397,3410,3403
CTRIA3,5511,1,3397,3409,3410
CTRIA3,5512,1,3403,3410,3404
CTRIA3,5513,1,3398,3405,3411
CTRIA3,5514,1,3398,3411,3408
CTRIA3,5515,1,3402,3406,3412
CTRIA3,5516,1,3402,3412,3409
CTRIA3,5517,1,3404,3410,3413
CTRIA3,5518,1,3404,3413,3405
CTRIA3,5519,1,3407,3408,3414
CTRIA3,5520,1,3405,3413,3415
CTRIA3,5521,1,3405,3415,3411
CTRIA3,5522,1,3408,3411,3416
CTRIA3,5523,1,3408,3416,3414
CTRIA3,5524,1,3410,3409,3417
CTRIA3,5525,1,3410,3417,3413
CTRIA3,5526,1,3409,3412,3418
CTRIA3,5527,1,3409,3418,3417
CTRIA3,5528,1,3411,3415,3419
CTRIA3,5529,1,3411,3419,3416
CTRIA3,5530,1,3414,3416,3420
CTRIA3,5531,1,3413,3417,3421
CTRIA3,5532,1,3413,3421,3415
CTRIA3,5533,1,3416,3419,3422
CTRIA3,5534,1,3416,3422,3420
CTRIA3,5535,1,3417,3418,3423
CTRIA3,5536,1,3417,3423,3421
CTRIA3,5537,1,3415,3421,3424
CTRIA3,5538,1,3415,3424,3425
CTRIA3,5539,1,3415,3425,3419
CTRIA3,5540,1,3418,3426,3423
CTRIA3,5541,1,3420,3422,3427
CTRIA3,5542,1,3419,3425,3428
CTRIA3,5543,1,3419,3428,3422
CTRIA3,5544,1,3421,3423,3429
CTRIA3,5545,1,3421,3429,3424
CTRIA3,5546,1,3422,3428,3427
CTRIA3,5547,1,3423,3426,3430
CTRIA3,5548,1,3423,3430,3429
CTRIA3,5549,1,3427,3428,3431
CTRIA3,5550,1,3424,3429,3432
CTRIA3,5551,1,3424,3432,3433
CTRIA3,5552,1,3424,3433,3425
CTRIA3,5553,1,3425,3434,3428
CTRIA3,5554,1,3425,3433,3434
CTRIA3,5555,1,3428,3434,3435
CTRIA3,5556,1,3428,3435,3431
CTRIA3,5557,1,3429,3430,3436
CTRIA3,5558,1,3429,3436,3432
CTRIA3,5559,1,3431,3435,3437
CTRIA3,5560,1,3430,3438,3436
CTRIA3,5561,1,3436,3438,3439
CTRIA3,5562,1,3436,3439,3440
CTRIA3,5563,1,3436,3440,3432
CTRIA3,5564,1,3434,3433,3441
CTRIA3,5565,1,3434,3442,3435
CTRIA3,5566,1,3434,3441,3442
CTRIA3,5567,1,3435,3443,3437
CTRIA3,5568,1,3435,3442,3443
CTRIA3,5569,1,3432,3440,3444
CTRIA3,5570,1,3432,3444,3433
CTRIA3,5571,1,3433,3444,3441
CTRIA3,5572,1,3443,3442,3445
CTRIA3,5573,1,3439,3446,3440
CTRIA3,5574,1,3440,3446,3447
CTRIA3,5575,1,3440,3447,3444
CTRIA3,5576,1,3442,3441,3448
CTRIA3,5577,1,3442,3448,3445
CTRIA3,5578,1,3441,3444,3449
CTRIA3,5579,1,3441,3449,3448
CTRIA3,5580,1,3444,3447,3450
CTRIA3,5581,1,3444,3450,3449
CTRIA3,5582,1,3445,3448,3451
CTRIA3,5583,1,3446,3452,3447
CTRIA3,5584,1,3447,3452,3453
CTRIA3,5585,1,3447,3453,3450
CTRIA3,5586,1,3448,3449,3454
CTRIA3,5587,1,3448,3455,3451
CTRIA3,5588,1,3448,3454,3455
CTRIA3,5589,1,3449,3450,3456
CTRIA3,5590,1,3449,3456,3454
CTRIA3,5591,1,3451,3455,3457
CTRIA3,5592,1,3452,3458,3453
CTRIA3,5593,1,3450,3453,3459
CTRIA3,5594,1,3450,3459,3456
CTRIA3,5595,1,3455,3454,3460
CTRIA3,5596,1,3455,3460,3457
CTRIA3,5597,1,3453,3458,3461
CTRIA3,5598,1,3453,3461,3459
CTRIA3,5599,1,3454,3456,3462
CTRIA3,5600,1,3454,3462,3460
CTRIA3,5601,1,3457,3460,3463
CTRIA3,5602,1,3458,3464,3461
CTRIA3,5603,1,3456,3459,3465
CTRIA3,5604,1,3456,3465,3462
CTRIA3,5605,1,3459,3461,3466
CTRIA3,5606,1,3459,3466,3465
CTRIA3,5607,1,3460,3462,3467
CTRIA3,5608,1,3460,3467,3463
CTRIA3,5609,1,3461,3464,3468
CTRIA3,5610,1,3461,3468,3466
CTRIA3,5611,1,3463,3467,3469
CTRIA3,5612,1,3464,3470,3468
CTRIA3,5613,1,3462,3465,3471
CTRIA3,5614,1,3462,3472,3467
CTRIA3,5615,1,3462,3471,3472
CTRIA3,5616,1,3467,3472,3469
CTRIA3,5617,1,3465,3466,3473
CTRIA3,5618,1,3465,3473,3471
CTRIA3,5619,1,3466,3468,3474
CTRIA3,5620,1,3466,3474,3473
CTRIA3,5621,1,3468,3470,3475
CTRIA3,5622,1,3468,3475,3474
CTRIA3,5623,1,3469,3472,3476
CTRIA3,5624,1,3470,3477,3475
CTRIA3,5625,1,3472,3471,3478
CTRIA3,5626,1,3472,3478,3476
CTRIA3,5627,1,3475,3477,3479
CTRIA3,5628,1,3475,3479,3474
CTRIA3,5629,1,3474,3479,3480
CTRIA3,5630,1,3474,3480,3473
CTRIA3,5631,1,3473,3480,3481
CTRIA3,5632,1,3473,3481,3471
CTRIA3,5633,1,3471,3481,3482
CTRIA3,5634,1,3471,3482,3478
CTRIA3,5635,1,3476,3478,3483
CTRIA3,5636,1,3477,3484,3479
CTRIA3,5637,1,3479,3484,3485
CTRIA3,5638,1,3479,3485,3480
CTRIA3,5639,1,3480,3485,3486
CTRIA3,5640,1,3480,3486,3481
CTRIA3,5641,1,3478,3482,3487
CTRIA3,5642,1,3478,3488,3483
CTRIA3,5643,1,3478,3487,3488
CTRIA3,5644,1,3484,3489,3485
CTRIA3,5645,1,3481,3486,3490
CTRIA3,5646,1,3481,3490,3482
CTRIA3,5647,1,3482,3490,3038
CTRIA3,5648,1,3482,3038,3487
CTRIA3,5649,1,3485,3489,3048
CTRIA3,5650,1,3485,3048,3486
CTRIA3,5651,1,3486,3048,3025
CTRIA3,5652,1,3486,3025,3490
CTRIA3,5653,1,3488,3487,3034
CTRIA3,5654,1,3489,3491,3048
CTRIA3,5655,1,3487,3038,3040
CTRIA3,5656,1,3487,3040,3034
CTRIA3,5657,1,3490,3025,3024
CTRIA3,5658,1,3490,3024,3038
CTRIA3,5659,1,3036,3048,3492
CTRIA3,5660,1,3036,3492,3493
CTRIA3,5661,1,3048,3025,3494
CTRIA3,5662,1,3048,3494,3492
CTRIA3,5663,1,3025,3024,3495
CTRIA3,5664,1,3025,3495,3494
CTRIA3,5665,1,3024,3038,3496
CTRIA3,5666,1,3024,3496,3495
CTRIA3,5667,1,3038,3040,3497
CTRIA3,5668,1,3038,3497,3496
CTRIA3,5669,1,3040,3034,3498
CTRIA3,5670,1,3040,3498,3497
CTRIA3,5671,1,3049,3062,3072
CTRIA3,5672,1,3050,3073,3064
CTRIA3,5673,1,3051,3499,3076
CTRIA3,5674,1,3052,3068,3500
CTRIA3,5675,1,3020,3055,3501
CTRIA3,5676,1,3020,3501,3502
CTRIA3,5677,1,3020,3502,3039
CTRIA3,5678,1,3047,3061,3503
CTRIA3,5679,1,3047,3503,3071
CTRIA3,5680,1,3233,3504,3505
CTRIA3,5681,1,3233,3505,3506
CTRIA3,5682,1,3504,3507,3505
CTRIA3,5683,1,3507,3242,3508
CTRIA3,5684,1,3507,3508,3505
CTRIA3,5685,1,3242,3509,3508
CTRIA3,5686,1,3366,3510,3511
CTRIA3,5687,1,3366,3511,3512
CTRIA3,5688,1,3510,3513,3514
CTRIA3,5689,1,3510,3514,3511
CTRIA3,5690,1,3513,3383,3514
CTRIA3,5691,1,3383,3515,3514
CTRIA3,5692,1,3064,3073,3093
CTRIA3,5693,1,3064,3093,3068
CTRIA3,5694,1,3062,3076,3063
CTRIA3,5695,1,3062,3079,3072
CTRIA3,5696,1,3062,3063,3079
CTRIA3,5697,1,3039,3502,3516
CTRIA3,5698,1,3039,3516,3054
CTRIA3,5699,1,3041,3078,3517
CTRIA3,5700,1,3041,3518,3055
CTRIA3,5701,1,3041,3517,3518
CTRIA3,5702,1,3076,3499,3063
CTRIA3,5703,1,3057,3056,3519
CTRIA3,5704,1,3057,3519,3067
CTRIA3,5705,1,3055,3518,3501
CTRIA3,5706,1,3068,3093,3058
CTRIA3,5707,1,3068,3058,3500
CTRIA3,5708,1,3045,3071,3520
CTRIA3,5709,1,3045,3520,3095
CTRIA3,5710,1,3056,3060,3521
CTRIA3,5711,1,3056,3521,3519
CTRIA3,5712,1,3053,3522,3092
CTRIA3,5713,1,3054,3516,3523
CTRIA3,5714,1,3061,3092,3524
CTRIA3,5715,1,3061,3524,3503
CTRIA3,5716,1,3044,3065,3525
CTRIA3,5717,1,3044,3526,3069
CTRIA3,5718,1,3044,3525,3526
CTRIA3,5719,1,3060,3070,3527
CTRIA3,5720,1,3060,3527,3521
CTRIA3,5721,1,3059,3528,3094
CTRIA3,5722,1,3066,3067,3529
CTRIA3,5723,1,3071,3503,3530
CTRIA3,5724,1,3071,3530,3520
CTRIA3,5725,1,3069,3526,3531
CTRIA3,5726,1,3063,3074,3532
CTRIA3,5727,1,3063,3532,3533
CTRIA3,5728,1,3063,3533,3079
CTRIA3,5729,1,3058,3093,3534
CTRIA3,5730,1,3058,3534,3535
CTRIA3,5731,1,3058,3535,3075
CTRIA3,5732,1,3075,3535,3536
CTRIA3,5733,1,3072,3079,3537
CTRIA3,5734,1,3072,3537,3538
CTRIA3,5735,1,3072,3079,3539
CTRIA3,5736,1,3072,3539,3540
CTRIA3,5737,1,3079,3063,3541
CTRIA3,5738,1,3079,3541,3539
CTRIA3,5739,1,3079,3533,3537
CTRIA3,5740,1,3063,3499,3542
CTRIA3,5741,1,3063,3542,3541
CTRIA3,5742,1,3499,3543,3542
CTRIA3,5743,1,3073,3544,3093
CTRIA3,5744,1,3073,3545,3093
CTRIA3,5745,1,3073,3546,3545
CTRIA3,5746,1,3093,3545,3058
CTRIA3,5747,1,3093,3544,3534
CTRIA3,5748,1,3058,3545,3547
CTRIA3,5749,1,3058,3547,3500
CTRIA3,5750,1,3500,3547,3548
CTRIA3,5751,1,3096,3097,3549
CTRIA3,5752,1,3096,3549,3102
CTRIA3,5753,1,3492,3494,3550
CTRIA3,5754,1,3492,3550,3493
CTRIA3,5755,1,3514,3515,3551
CTRIA3,5756,1,3514,3551,3511
CTRIA3,5757,1,3505,3508,3552
CTRIA3,5758,1,3505,3552,3506
CTRIA3,5759,1,3077,3095,3553
CTRIA3,5760,1,3078,3554,3517
CTRIA3,5761,1,3092,3522,3555
CTRIA3,5762,1,3092,3555,3524
CTRIA3,5763,1,3511,3551,3556
CTRIA3,5764,1,3511,3556,3512
CTRIA3,5765,1,3094,3528,3557
CTRIA3,5766,1,3094,3557,3065
CTRIA3,5767,1,3508,3509,3558
CTRIA3,5768,1,3508,3558,3552
CTRIA3,5769,1,3519,3521,3559
CTRIA3,5770,1,3519,3559,3067
CTRIA3,5771,1,3065,3557,3560
CTRIA3,5772,1,3065,3560,3525
CTRIA3,5773,1,3102,3549,3561
CTRIA3,5774,1,3102,3561,3104
CTRIA3,5775,1,3493,3550,3562
CTRIA3,5776,1,3097,3563,3549
CTRIA3,5777,1,3109,3107,3564
CTRIA3,5778,1,3498,3565,3497
CTRIA3,5779,1,3498,3566,3565
CTRIA3,5780,1,3503,3524,3567
CTRIA3,5781,1,3503,3567,3530
CTRIA3,5782,1,3095,3520,3568
CTRIA3,5783,1,3095,3568,3553
CTRIA3,5784,1,3067,3559,3569
CTRIA3,5785,1,3067,3569,3529
CTRIA3,5786,1,3107,3105,3570
CTRIA3,5787,1,3107,3570,3564
CTRIA3,5788,1,3545,3546,3571
CTRIA3,5789,1,3545,3571,3547
CTRIA3,5790,1,3501,3518,3572
CTRIA3,5791,1,3501,3572,3573
CTRIA3,5792,1,3501,3573,3502
CTRIA3,5793,1,3518,3517,3574
CTRIA3,5794,1,3518,3574,3572
CTRIA3,5795,1,3497,3565,3575
CTRIA3,5796,1,3497,3575,3496
CTRIA3,5797,1,3512,3556,3576
CTRIA3,5798,1,3509,3577,3558
CTRIA3,5799,1,3105,3104,3578
CTRIA3,5800,1,3105,3578,3570
CTRIA3,5801,1,3517,3554,3574
CTRIA3,5802,1,3494,3495,3579
CTRIA3,5803,1,3494,3579,3550
CTRIA3,5804,1,3506,3552,3580
CTRIA3,5805,1,3515,3581,3551
CTRIA3,5806,1,3502,3582,3516
CTRIA3,5807,1,3502,3573,3582
CTRIA3,5808,1,3547,3571,3583
CTRIA3,5809,1,3547,3583,3548
CTRIA3,5810,1,3520,3530,3584
CTRIA3,5811,1,3520,3584,3568
CTRIA3,5812,1,3516,3582,3585
CTRIA3,5813,1,3516,3585,3523
CTRIA3,5814,1,3521,3527,3586
CTRIA3,5815,1,3521,3586,3559
CTRIA3,5816,1,3539,3541,3587
CTRIA3,5817,1,3539,3588,3540
CTRIA3,5818,1,3539,3587,3588
CTRIA3,5819,1,3546,3589,3571
CTRIA3,5820,1,3543,3590,3542
CTRIA3,5821,1,3548,3583,3591
CTRIA3,5822,1,3495,3496,3592
CTRIA3,5823,1,3495,3592,3579
CTRIA3,5824,1,3522,3593,3555
CTRIA3,5825,1,3524,3555,3594
CTRIA3,5826,1,3524,3594,3567
CTRIA3,5827,1,3541,3542,3595
CTRIA3,5828,1,3541,3595,3587
CTRIA3,5829,1,3542,3590,3595
CTRIA3,5830,1,3496,3575,3596
CTRIA3,5831,1,3496,3596,3592
CTRIA3,5832,1,3104,3561,3597
CTRIA3,5833,1,3104,3597,3578
CTRIA3,5834,1,3530,3567,3598
CTRIA3,5835,1,3530,3598,3584
CTRIA3,5836,1,3550,3579,3562
CTRIA3,5837,1,3551,3581,3599
CTRIA3,5838,1,3551,3599,3556
CTRIA3,5839,1,3552,3558,3600
CTRIA3,5840,1,3552,3600,3580
CTRIA3,5841,1,3571,3589,3601
CTRIA3,5842,1,3571,3601,3583
CTRIA3,5843,1,3528,3602,3557
CTRIA3,5844,1,3529,3569,3603
CTRIA3,5845,1,3549,3563,3604
CTRIA3,5846,1,3549,3604,3561
CTRIA3,5847,1,3531,3526,3605
CTRIA3,5848,1,3527,3606,3586
CTRIA3,5849,1,3532,3607,3533
CTRIA3,5850,1,3532,3608,3607
CTRIA3,5851,1,3536,3535,3609
CTRIA3,5852,1,3555,3593,3594
CTRIA3,5853,1,3534,3544,3610
CTRIA3,5854,1,3534,3610,3611
CTRIA3,5855,1,3534,3611,3535
CTRIA3,5856,1,3538,3537,3612
CTRIA3,5857,1,3544,3613,3610
CTRIA3,5858,1,3559,3586,3614
CTRIA3,5859,1,3559,3614,3569
CTRIA3,5860,1,3535,3611,3609
CTRIA3,5861,1,3526,3525,3615
CTRIA3,5862,1,3526,3615,3605
CTRIA3,5863,1,3583,3601,3616
CTRIA3,5864,1,3583,3616,3591
CTRIA3,5865,1,3537,3533,3617
CTRIA3,5866,1,3537,3617,3612
CTRIA3,5867,1,3553,3568,3618
CTRIA3,5868,1,3554,3619,3574
CTRIA3,5869,1,3525,3560,3620
CTRIA3,5870,1,3525,3620,3615
CTRIA3,5871,1,3572,3574,3621
CTRIA3,5872,1,3572,3621,3573
CTRIA3,5873,1,3565,3566,3622
CTRIA3,5874,1,3565,3622,3575
CTRIA3,5875,1,3533,3607,3623
CTRIA3,5876,1,3533,3623,3617
CTRIA3,5877,1,3558,3577,3624
CTRIA3,5878,1,3558,3624,3600
CTRIA3,5879,1,3556,3599,3625
CTRIA3,5880,1,3556,3625,3576
CTRIA3,5881,1,3567,3594,3626
CTRIA3,5882,1,3567,3626,3598
CTRIA3,5883,1,3574,3619,3621
CTRIA3,5884,1,3557,3602,3627
CTRIA3,5885,1,3557,3627,3560
CTRIA3,5886,1,3562,3579,3628
CTRIA3,5887,1,3563,3629,3604
CTRIA3,5888,1,3564,3570,3630
CTRIA3,5889,1,3566,3631,3622
CTRIA3,5890,1,3568,3584,3632
CTRIA3,5891,1,3568,3632,3618
CTRIA3,5892,1,3588,3587,3633
CTRIA3,5893,1,3589,3634,3601
CTRIA3,5894,1,3589,3635,3634
CTRIA3,5895,1,3590,3636,3637
CTRIA3,5896,1,3590,3637,3595
CTRIA3,5897,1,3591,3616,3638
CTRIA3,5898,1,3570,3578,3639
CTRIA3,5899,1,3570,3639,3630
CTRIA3,5900,1,3561,3604,3640
CTRIA3,5901,1,3561,3640,3597
CTRIA3,5902,1,3569,3614,3641
CTRIA3,5903,1,3569,3641,3603
CTRIA3,5904,1,3587,3595,3642
CTRIA3,5905,1,3587,3642,3633
CTRIA3,5906,1,3576,3625,3643
CTRIA3,5907,1,3577,3644,3624
CTRIA3,5908,1,3584,3598,3645
CTRIA3,5909,1,3584,3645,3632
CTRIA3,5910,1,3601,3634,3646
CTRIA3,5911,1,3601,3646,3616
CTRIA3,5912,1,3595,3637,3647
CTRIA3,5913,1,3595,3647,3642
CTRIA3,5914,1,3578,3597,3648
CTRIA3,5915,1,3578,3648,3639
CTRIA3,5916,1,3580,3600,3649
CTRIA3,5917,1,3581,3650,3599
CTRIA3,5918,1,3582,3573,3651
CTRIA3,5919,1,3582,3652,3585
CTRIA3,5920,1,3582,3651,3652
CTRIA3,5921,1,3575,3622,3653
CTRIA3,5922,1,3575,3653,3596
CTRIA3,5923,1,3573,3621,3654
CTRIA3,5924,1,3573,3654,3651
CTRIA3,5925,1,3586,3606,3655
CTRIA3,5926,1,3586,3656,3614
CTRIA3,5927,1,3586,3655,3656
CTRIA3,5928,1,3560,3627,3657
CTRIA3,5929,1,3560,3657,3620
CTRIA3,5930,1,3616,3646,3638
CTRIA3,5931,1,3594,3593,3658
CTRIA3,5932,1,3594,3658,3626
CTRIA3,5933,1,3593,3659,3658
CTRIA3,5934,1,3585,3652,3660
CTRIA3,5935,1,3598,3626,3661
CTRIA3,5936,1,3598,3661,3645
CTRIA3,5937,1,3610,3613,3662
CTRIA3,5938,1,3610,3662,3611
CTRIA3,5939,1,3607,3608,3663
CTRIA3,5940,1,3607,3663,3623
CTRIA3,5941,1,3579,3592,3664
CTRIA3,5942,1,3579,3664,3665
CTRIA3,5943,1,3579,3665,3628
CTRIA3,5944,1,3614,3656,3666
CTRIA3,5945,1,3614,3666,3641
CTRIA3,5946,1,3634,3635,3667
CTRIA3,5947,1,3634,3667,3646
CTRIA3,5948,1,3597,3640,3668
CTRIA3,5949,1,3597,3668,3648
CTRIA3,5950,1,3604,3629,3669
CTRIA3,5951,1,3604,3669,3640
CTRIA3,5952,1,3599,3650,3670
CTRIA3,5953,1,3599,3670,3625
CTRIA3,5954,1,3602,3671,3627
CTRIA3,5955,1,3603,3641,3672
CTRIA3,5956,1,3621,3619,3673
CTRIA3,5957,1,3621,3673,3654
CTRIA3,5958,1,3600,3624,3674
CTRIA3,5959,1,3600,3674,3649
CTRIA3,5960,1,3605,3615,3675
CTRIA3,5961,1,3605,3675,3676
CTRIA3,5962,1,3606,3677,3655
CTRIA3,5963,1,3608,3678,3663
CTRIA3,5964,1,3609,3611,3679
CTRIA3,5965,1,3592,3596,3680
CTRIA3,5966,1,3592,3680,3664
CTRIA3,5967,1,3633,3642,3681
CTRIA3,5968,1,3635,3682,3667
CTRIA3,5969,1,3636,3683,3637
CTRIA3,5970,1,3638,3646,3684
CTRIA3,5971,1,3638,3684,3685
CTRIA3,5972,1,3612,3617,3686
CTRIA3,5973,1,3613,3687,3662
CTRIA3,5974,1,3637,3683,3688
CTRIA3,5975,1,3637,3688,3647
CTRIA3,5976,1,3642,3647,3689
CTRIA3,5977,1,3642,3689,3681
CTRIA3,5978,1,3632,3645,3690
CTRIA3,5979,1,3632,3691,3618
CTRIA3,5980,1,3632,3690,3691
CTRIA3,5981,1,3596,3653,3680
CTRIA3,5982,1,3618,3691,3692
CTRIA3,5983,1,3619,3693,3673
CTRIA3,5984,1,3620,3657,3694
CTRIA3,5985,1,3620,3694,3615
CTRIA3,5986,1,3622,3631,3695
CTRIA3,5987,1,3622,3695,3653
CTRIA3,5988,1,3646,3667,3696
CTRIA3,5989,1,3646,3696,3684
CTRIA3,5990,1,3611,3662,3697
CTRIA3,5991,1,3611,3697,3679
CTRIA3,5992,1,3617,3623,3698
CTRIA3,5993,1,3617,3698,3686
CTRIA3,5994,1,3626,3658,3699
CTRIA3,5995,1,3626,3699,3661
CTRIA3,5996,1,3615,3694,3700
CTRIA3,5997,1,3615,3700,3675
CTRIA3,5998,1,3628,3665,3701
CTRIA3,5999,1,3629,3702,3669
CTRIA3,6000,1,3630,3639,3703
CTRIA3,6001,1,3624,3644,3704
CTRIA3,6002,1,3624,3704,3674
CTRIA3,6003,1,3652,3651,3705
CTRIA3,6004,1,3652,3705,3660
CTRIA3,6005,1,3647,3688,3706
CTRIA3,6006,1,3647,3706,3689
CTRIA3,6007,1,3645,3661,3707
CTRIA3,6008,1,3645,3707,3690
CTRIA3,6009,1,3641,3666,3708
CTRIA3,6010,1,3641,3708,3672
CTRIA3,6011,1,3639,3648,3709
CTRIA3,6012,1,3639,3709,3703
CTRIA3,6013,1,3623,3663,3710
CTRIA3,6014,1,3623,3710,3698
CTRIA3,6015,1,3656,3655,3711
CTRIA3,6016,1,3656,3711,3666
CTRIA3,6017,1,3648,3668,3709
CTRIA3,6018,1,3643,3625,3712
CTRIA3,6019,1,3625,3670,3713
CTRIA3,6020,1,3625,3713,3712
CTRIA3,6021,1,3667,3682,3714
CTRIA3,6022,1,3667,3714,3696
CTRIA3,6023,1,3640,3669,3715
CTRIA3,6024,1,3640,3715,3668
CTRIA3,6025,1,3627,3671,3716
CTRIA3,6026,1,3627,3717,3657
CTRIA3,6027,1,3627,3716,3717
CTRIA3,6028,1,3651,3654,3718
CTRIA3,6029,1,3651,3718,3705
CTRIA3,6030,1,3658,3659,3719
CTRIA3,6031,1,3658,3719,3699
CTRIA3,6032,1,3649,3674,3720
CTRIA3,6033,1,3650,3721,3670
CTRIA3,6034,1,3655,3677,3722
CTRIA3,6035,1,3655,3722,3711
CTRIA3,6036,1,3675,3700,3676
CTRIA3,6037,1,3662,3687,3723
CTRIA3,6038,1,3662,3723,3697
CTRIA3,6039,1,3661,3699,3724
CTRIA3,6040,1,3661,3724,3707
CTRIA3,6041,1,3659,3725,3719
CTRIA3,6042,1,3660,3705,3726
CTRIA3,6043,1,3681,3689,3727
CTRIA3,6044,1,3682,3728,3714
CTRIA3,6045,1,3683,3729,3688
CTRIA3,6046,1,3685,3684,3730
CTRIA3,6047,1,3684,3696,3731
CTRIA3,6048,1,3684,3731,3730
CTRIA3,6049,1,3663,3678,3732
CTRIA3,6050,1,3663,3732,3710
CTRIA3,6051,1,3691,3690,3733
CTRIA3,6052,1,3691,3733,3692
CTRIA3,6053,1,3654,3673,3734
CTRIA3,6054,1,3654,3734,3718
CTRIA3,6055,1,3657,3717,3735
CTRIA3,6056,1,3657,3735,3694
CTRIA3,6057,1,3666,3711,3736
CTRIA3,6058,1,3666,3736,3708
CTRIA3,6059,1,3688,3729,3737
CTRIA3,6060,1,3688,3737,3706
CTRIA3,6061,1,3653,3695,3738
CTRIA3,6062,1,3653,3738,3680
CTRIA3,6063,1,3673,3693,3739
CTRIA3,6064,1,3673,3739,3734
CTRIA3,6065,1,3689,3706,3740
CTRIA3,6066,1,3689,3740,3727
CTRIA3,6067,1,3696,3714,3741
CTRIA3,6068,1,3696,3741,3731
CTRIA3,6069,1,3690,3707,3742
CTRIA3,6070,1,3690,3742,3733
CTRIA3,6071,1,3671,3743,3716
CTRIA3,6072,1,3672,3708,3744
CTRIA3,6073,1,3678,3745,3732
CTRIA3,6074,1,3679,3697,3746
CTRIA3,6075,1,3679,3746,3747
CTRIA3,6076,1,3676,3700,3748
CTRIA3,6077,1,3677,3749,3722
CTRIA3,6078,1,3664,3680,3750
CTRIA3,6079,1,3664,3751,3665
CTRIA3,6080,1,3664,3750,3751
CTRIA3,6081,1,3668,3715,3752
CTRIA3,6082,1,3668,3752,3709
CTRIA3,6083,1,3714,3728,3741
CTRIA3,6084,1,3665,3751,3753
CTRIA3,6085,1,3665,3753,3701
CTRIA3,6086,1,3670,3721,3754
CTRIA3,6087,1,3670,3754,3713
CTRIA3,6088,1,3669,3702,3755
CTRIA3,6089,1,3669,3755,3715
CTRIA3,6090,1,3706,3737,3756
CTRIA3,6091,1,3706,3756,3740
CTRIA3,6092,1,3686,3698,3757
CTRIA3,6093,1,3687,3758,3723
CTRIA3,6094,1,3699,3719,3759
CTRIA3,6095,1,3699,3759,3724
CTRIA3,6096,1,3692,3733,3760
CTRIA3,6097,1,3693,3761,3739
CTRIA3,6098,1,3711,3722,3762
CTRIA3,6099,1,3711,3762,3736
CTRIA3,6100,1,3674,3704,3763
CTRIA3,6101,1,3674,3764,3720
CTRIA3,6102,1,3674,3763,3764
CTRIA3,6103,1,3765,3766,3767
CTRIA3,6104,1,3765,3767,3768
CTRIA3,6105,1,3769,3770,3771
CTRIA3,6106,1,3769,3771,3772
CTRIA3,6107,1,3705,3718,3773
CTRIA3,6108,1,3705,3773,3726
CTRIA3,6109,1,3694,3735,3774
CTRIA3,6110,1,3694,3774,3700
CTRIA3,6111,1,3698,3710,3775
CTRIA3,6112,1,3698,3775,3757
CTRIA3,6113,1,3707,3724,3776
CTRIA3,6114,1,3707,3776,3742
CTRIA3,6115,1,3703,3709,3777
CTRIA3,6116,1,3695,3778,3738
CTRIA3,6117,1,3766,3779,3767
CTRIA3,6118,1,3772,3771,3780
CTRIA3,6119,1,3680,3738,3781
CTRIA3,6120,1,3680,3781,3750
CTRIA3,6121,1,3697,3723,3782
CTRIA3,6122,1,3697,3782,3746
CTRIA3,6123,1,3709,3752,3783
CTRIA3,6124,1,3709,3783,3777
CTRIA3,6125,1,3708,3736,3784
CTRIA3,6126,1,3708,3784,3744
CTRIA3,6127,1,3727,3740,3785
CTRIA3,6128,1,3728,3786,3741
CTRIA3,6129,1,3729,3787,3737
CTRIA3,6130,1,3730,3731,3788
CTRIA3,6131,1,3712,3713,3789
CTRIA3,6132,1,3731,3741,3790
CTRIA3,6133,1,3731,3790,3788
CTRIA3,6134,1,3704,3791,3763
CTRIA3,6135,1,3717,3716,3792
CTRIA3,6136,1,3717,3792,3735
CTRIA3,6137,1,3737,3787,3793
CTRIA3,6138,1,3737,3793,3756
CTRIA3,6139,1,3710,3732,3794
CTRIA3,6140,1,3710,3794,3775
CTRIA3,6141,1,3733,3742,3795
CTRIA3,6142,1,3733,3795,3760
CTRIA3,6143,1,3740,3756,3796
CTRIA3,6144,1,3740,3796,3785
CTRIA3,6145,1,3722,3749,3797
CTRIA3,6146,1,3722,3797,3762
CTRIA3,6147,1,3723,3758,3782
CTRIA3,6148,1,3700,3774,3798
CTRIA3,6149,1,3700,3798,3748
CTRIA3,6150,1,3718,3734,3799
CTRIA3,6151,1,3718,3799,3773
CTRIA3,6152,1,3741,3786,3800
CTRIA3,6153,1,3741,3800,3790
CTRIA3,6154,1,3724,3759,3801
CTRIA3,6155,1,3724,3801,3776
CTRIA3,6156,1,3716,3743,3802
CTRIA3,6157,1,3716,3802,3792
CTRIA3,6158,1,3720,3764,3803
CTRIA3,6159,1,3721,3804,3754
CTRIA3,6160,1,3719,3725,3805
CTRIA3,6161,1,3719,3806,3759
CTRIA3,6162,1,3719,3805,3806
CTRIA3,6163,1,3756,3793,3796
CTRIA3,6164,1,3713,3754,3807
CTRIA3,6165,1,3713,3807,3789
CTRIA3,6166,1,3726,3773,3808
CTRIA3,6167,1,3739,3761,3809
CTRIA3,6168,1,3739,3809,3734
CTRIA3,6169,1,3736,3762,3810
CTRIA3,6170,1,3736,3810,3784
CTRIA3,6171,1,3732,3745,3811
CTRIA3,6172,1,3732,3811,3794
CTRIA3,6173,1,3715,3755,3812
CTRIA3,6174,1,3715,3813,3752
CTRIA3,6175,1,3715,3812,3813
CTRIA3,6176,1,3751,3750,3814
CTRIA3,6177,1,3751,3814,3753
CTRIA3,6178,1,3738,3778,3815
CTRIA3,6179,1,3738,3815,3781
CTRIA3,6180,1,3742,3776,3816
CTRIA3,6181,1,3742,3816,3795
CTRIA3,6182,1,3759,3806,3801
CTRIA3,6183,1,3745,3817,3811
CTRIA3,6184,1,3747,3746,3818
CTRIA3,6185,1,3747,3818,3819
CTRIA3,6186,1,3743,3820,3802
CTRIA3,6187,1,3744,3784,3821
CTRIA3,6188,1,3748,3798,3822
CTRIA3,6189,1,3749,3823,3797
CTRIA3,6190,1,3735,3792,3824
CTRIA3,6191,1,3735,3824,3774
CTRIA3,6192,1,3734,3809,3825
CTRIA3,6193,1,3734,3825,3799
CTRIA3,6194,1,3762,3797,3826
CTRIA3,6195,1,3762,3826,3810
CTRIA3,6196,1,3785,3796,3827
CTRIA3,6197,1,3786,3828,3800
CTRIA3,6198,1,3787,3829,3793
CTRIA3,6199,1,3787,3830,3829
CTRIA3,6200,1,3788,3790,3831
CTRIA3,6201,1,3788,3831,3832
CTRIA3,6202,1,3790,3800,3833
CTRIA3,6203,1,3790,3833,3831
CTRIA3,6204,1,3757,3775,3834
CTRIA3,6205,1,3758,3835,3782
CTRIA3,6206,1,3750,3781,3836
CTRIA3,6207,1,3750,3836,3814
CTRIA3,6208,1,3752,3813,3837
CTRIA3,6209,1,3752,3837,3783
CTRIA3,6210,1,3793,3829,3838
CTRIA3,6211,1,3793,3838,3796
CTRIA3,6212,1,3768,3767,3839
CTRIA3,6213,1,3770,3840,3771
CTRIA3,6214,1,3746,3782,3841
CTRIA3,6215,1,3746,3841,3818
CTRIA3,6216,1,3764,3763,3842
CTRIA3,6217,1,3764,3842,3803
CTRIA3,6218,1,3754,3804,3843
CTRIA3,6219,1,3754,3843,3807
CTRIA3,6220,1,3760,3795,3844
CTRIA3,6221,1,3761,3845,3809
CTRIA3,6222,1,3773,3799,3846
CTRIA3,6223,1,3773,3846,3808
CTRIA3,6224,1,3779,3847,3767
CTRIA3,6225,1,3779,3848,3847
CTRIA3,6226,1,3780,3771,3849
CTRIA3,6227,1,3780,3849,3850
CTRIA3,6228,1,3771,3840,3849
CTRIA3,6229,1,3767,3847,3839
CTRIA3,6230,1,3776,3801,3851
CTRIA3,6231,1,3776,3851,3816
CTRIA3,6232,1,3753,3814,3852
CTRIA3,6233,1,3755,3853,3812
CTRIA3,6234,1,3777,3783,3854
CTRIA3,6235,1,3778,3855,3815
CTRIA3,6236,1,3800,3828,3856
CTRIA3,6237,1,3800,3856,3833
CTRIA3,6238,1,3763,3791,3857
CTRIA3,6239,1,3763,3857,3842
CTRIA3,6240,1,3796,3838,3858
CTRIA3,6241,1,3796,3858,3827
CTRIA3,6242,1,3775,3794,3859
CTRIA3,6243,1,3775,3859,3834
CTRIA3,6244,1,3795,3816,3844
CTRIA3,6245,1,3774,3824,3860
CTRIA3,6246,1,3774,3860,3798
CTRIA3,6247,1,3789,3807,3861
CTRIA3,6248,1,3791,3862,3857
CTRIA3,6249,1,3792,3802,3863
CTRIA3,6250,1,3792,3863,3824
CTRIA3,6251,1,3784,3810,3864
CTRIA3,6252,1,3784,3865,3821
CTRIA3,6253,1,3784,3864,3865
CTRIA3,6254,1,3781,3815,3866
CTRIA3,6255,1,3781,3866,3836
CTRIA3,6256,1,3783,3837,3867
CTRIA3,6257,1,3783,3867,3854
CTRIA3,6258,1,3782,3835,3868
CTRIA3,6259,1,3782,3868,3841
CTRIA3,6260,1,3797,3823,3869
CTRIA3,6261,1,3797,3869,3826
CTRIA3,6262,1,3802,3820,3863
CTRIA3,6263,1,3801,3806,3870
CTRIA3,6264,1,3801,3870,3851
CTRIA3,6265,1,3829,3830,3871
CTRIA3,6266,1,3829,3871,3838
CTRIA3,6267,1,3794,3811,3872
CTRIA3,6268,1,3794,3872,3859
CTRIA3,6269,1,3833,3856,3873
CTRIA3,6270,1,3833,3873,3831
CTRIA3,6271,1,3806,3805,3874
CTRIA3,6272,1,3806,3874,3870
CTRIA3,6273,1,3803,3842,3875
CTRIA3,6274,1,3804,3876,3843
CTRIA3,6275,1,3810,3826,3877
CTRIA3,6276,1,3810,3877,3864
CTRIA3,6277,1,3805,3878,3874
CTRIA3,6278,1,3808,3846,3879
CTRIA3,6279,1,3831,3873,3880
CTRIA3,6280,1,3831,3880,3832
CTRIA3,6281,1,3811,3817,3881
CTRIA3,6282,1,3811,3881,3872
CTRIA3,6283,1,3827,3858,3882
CTRIA3,6284,1,3828,3883,3856
CTRIA3,6285,1,3830,3884,3871
CTRIA3,6286,1,3815,3855,3866
CTRIA3,6287,1,3799,3825,3885
CTRIA3,6288,1,3799,3885,3846
CTRIA3,6289,1,3809,3845,3886
CTRIA3,6290,1,3809,3886,3825
CTRIA3,6291,1,3807,3843,3887
CTRIA3,6292,1,3807,3887,3861
CTRIA3,6293,1,3838,3871,3888
CTRIA3,6294,1,3838,3888,3858
CTRIA3,6295,1,3813,3812,3889
CTRIA3,6296,1,3813,3889,3837
CTRIA3,6297,1,3814,3836,3890
CTRIA3,6298,1,3814,3891,3852
CTRIA3,6299,1,3814,3890,3891
CTRIA3,6300,1,3826,3869,3877
CTRIA3,6301,1,3816,3851,3892
CTRIA3,6302,1,3816,3892,3844
CTRIA3,6303,1,3856,3883,3893
CTRIA3,6304,1,3856,3893,3873
CTRIA3,6305,1,3849,3840,3894
CTRIA3,6306,1,3849,3894,3850
CTRIA3,6307,1,3817,3895,3881
CTRIA3,6308,1,3819,3818,3896
CTRIA3,6309,1,3798,3860,3897
CTRIA3,6310,1,3798,3898,3822
CTRIA3,6311,1,3798,3897,3898
CTRIA3,6312,1,3820,3899,3863
CTRIA3,6313,1,3821,3865,3900
CTRIA3,6314,1,3823,3901,3869
CTRIA3,6315,1,3858,3888,3882
CTRIA3,6316,1,3847,3848,3902
CTRIA3,6317,1,3847,3902,3839
CTRIA3,6318,1,3842,3857,3903
CTRIA3,6319,1,3842,3903,3875
CTRIA3,6320,1,3839,3902,3904
CTRIA3,6321,1,3840,3905,3894
CTRIA3,6322,1,3834,3859,3906
CTRIA3,6323,1,3835,3907,3868
CTRIA3,6324,1,3846,3885,3908
CTRIA3,6325,1,3846,3908,3879
CTRIA3,6326,1,3848,3909,3902
CTRIA3,6327,1,3850,3894,3910
CTRIA3,6328,1,3812,3853,3911
CTRIA3,6329,1,3812,3911,3912
CTRIA3,6330,1,3812,3912,3889
CTRIA3,6331,1,3873,3893,3913
CTRIA3,6332,1,3873,3913,3880
CTRIA3,6333,1,3844,3892,3914
CTRIA3,6334,1,3845,3915,3886
CTRIA3,6335,1,3818,3841,3916
CTRIA3,6336,1,3818,3917,3896
CTRIA3,6337,1,3818,3916,3917
CTRIA3,6338,1,3871,3884,3918
CTRIA3,6339,1,3871,3918,3888
CTRIA3,6340,1,3852,3891,3919
CTRIA3,6341,1,3854,3867,3920
CTRIA3,6342,1,3855,3921,3866
CTRIA3,6343,1,3836,3866,3922
CTRIA3,6344,1,3836,3922,3890
CTRIA3,6345,1,3843,3876,3923
CTRIA3,6346,1,3843,3923,3887
CTRIA3,6347,1,3851,3870,3924
CTRIA3,6348,1,3851,3924,3892
CTRIA3,6349,1,3824,3863,3925
CTRIA3,6350,1,3824,3926,3860
CTRIA3,6351,1,3824,3925,3926
CTRIA3,6352,1,3841,3868,3927
CTRIA3,6353,1,3841,3927,3916
CTRIA3,6354,1,3837,3889,3928
CTRIA3,6355,1,3837,3928,3867
CTRIA3,6356,1,3870,3874,3929
CTRIA3,6357,1,3870,3929,3924
CTRIA3,6358,1,3859,3872,3930
CTRIA3,6359,1,3859,3930,3906
CTRIA3,6360,1,3882,3888,3931
CTRIA3,6361,1,3883,3932,3893
CTRIA3,6362,1,3884,3933,3918
CTRIA3,6363,1,3880,3913,3934
CTRIA3,6364,1,3857,3862,3935
CTRIA3,6365,1,3857,3935,3936
CTRIA3,6366,1,3857,3936,3903
CTRIA3,6367,1,3865,3864,3937
CTRIA3,6368,1,3865,3937,3900
CTRIA3,6369,1,3861,3887,3938
CTRIA3,6370,1,3869,3901,3939
CTRIA3,6371,1,3869,3939,3877
CTRIA3,6372,1,3864,3877,3940
CTRIA3,6373,1,3864,3940,3937
CTRIA3,6374,1,3863,3899,3941
CTRIA3,6375,1,3863,3941,3925
CTRIA3,6376,1,3860,3926,3897
CTRIA3,6377,1,3825,3886,3942
CTRIA3,6378,1,3825,3943,3885
CTRIA3,6379,1,3825,3942,3943
CTRIA3,6380,1,3872,3881,3944
CTRIA3,6381,1,3872,3944,3930
CTRIA3,6382,1,3893,3932,3945
CTRIA3,6383,1,3893,3945,3913
CTRIA3,6384,1,3881,3895,3944
CTRIA3,6385,1,3891,3890,3946
CTRIA3,6386,1,3891,3946,3919
CTRIA3,6387,1,3866,3921,3947
CTRIA3,6388,1,3866,3947,3922
CTRIA3,6389,1,3888,3918,3948
CTRIA3,6390,1,3888,3949,3931
CTRIA3,6391,1,3888,3948,3949
CTRIA3,6392,1,3878,3950,3874
CTRIA3,6393,1,3879,3908,3951
CTRIA3,6394,1,3874,3950,3952
CTRIA3,6395,1,3874,3952,3929
CTRIA3,6396,1,3877,3939,3940
CTRIA3,6397,1,3875,3903,3953
CTRIA3,6398,1,3875,3953,3954
CTRIA3,6399,1,3876,3955,3923
CTRIA3,6400,1,3868,3907,3956
CTRIA3,6401,1,3868,3956,3927
CTRIA3,6402,1,3913,3945,3957
CTRIA3,6403,1,3913,3957,3934
CTRIA3,6404,1,3894,3905,3958
CTRIA3,6405,1,3894,3959,3910
CTRIA3,6406,1,3894,3958,3959
CTRIA3,6407,1,3887,3923,3960
CTRIA3,6408,1,3887,3960,3938
CTRIA3,6409,1,3885,3943,3961
CTRIA3,6410,1,3885,3961,3908
CTRIA3,6411,1,3918,3933,3962
CTRIA3,6412,1,3918,3962,3948
CTRIA3,6413,1,3895,3963,3944
CTRIA3,6414,1,3896,3917,3964
CTRIA3,6415,1,3903,3936,3953
CTRIA3,6416,1,3890,3922,3965
CTRIA3,6417,1,3890,3965,3946
CTRIA3,6418,1,3902,3909,3966
CTRIA3,6419,1,3902,3966,3967
CTRIA3,6420,1,3902,3967,3904
CTRIA3,6421,1,3899,3968,3941
CTRIA3,6422,1,3900,3937,3969
CTRIA3,6423,1,3886,3915,3970
CTRIA3,6424,1,3886,3970,3942
CTRIA3,6425,1,3898,3897,3971
CTRIA3,6426,1,3901,3972,3939
CTRIA3,6427,1,3892,3924,3973
CTRIA3,6428,1,3892,3973,3974
CTRIA3,6429,1,3892,3974,3914
CTRIA3,6430,1,3889,3912,3975
CTRIA3,6431,1,3889,3975,3928
CTRIA3,6432,1,3867,3928,3976
CTRIA3,6433,1,3867,3977,3920
CTRIA3,6434,1,3867,3976,3977
CTRIA3,6435,1,3931,3949,3978
CTRIA3,6436,1,3932,3979,3945
CTRIA3,6437,1,3932,3980,3979
CTRIA3,6438,1,3933,3981,3962
CTRIA3,6439,1,3934,3957,3982
CTRIA3,6440,1,3904,3967,3983
CTRIA3,6441,1,3905,3984,3958
CTRIA3,6442,1,3908,3961,3985
CTRIA3,6443,1,3908,3985,3951
CTRIA3,6444,1,3909,3986,3966
CTRIA3,6445,1,3910,3959,3987
CTRIA3,6446,1,3906,3930,3988
CTRIA3,6447,1,3906,3988,3989
CTRIA3,6448,1,3907,3990,3956
CTRIA3,6449,1,3945,3979,3991
CTRIA3,6450,1,3945,3991,3957
CTRIA3,6451,1,3914,3974,3992
CTRIA3,6452,1,3919,3946,3993
CTRIA3,6453,1,3911,3994,3912
CTRIA3,6454,1,3920,3977,3995
CTRIA3,6455,1,3921,3996,3947
CTRIA3,6456,1,3924,3929,3997
CTRIA3,6457,1,3924,3997,3973
CTRIA3,6458,1,3897,3926,3998
CTRIA3,6459,1,3897,3998,3971
CTRIA3,6460,1,3929,3952,3997
CTRIA3,6461,1,3923,3955,3999
CTRIA3,6462,1,3923,3999,3960
CTRIA3,6463,1,3949,3948,4000
CTRIA3,6464,1,3949,4000,3978
CTRIA3,6465,1,3937,3940,4001
CTRIA3,6466,1,3937,4001,3969
CTRIA3,6467,1,3922,3947,4002
CTRIA3,6468,1,3922,4002,3965
CTRIA3,6469,1,3930,3944,4003
CTRIA3,6470,1,3930,4003,3988
CTRIA3,6471,1,3912,3994,3975
CTRIA3,6472,1,3917,3916,4004
CTRIA3,6473,1,3917,4004,3964
CTRIA3,6474,1,3916,3927,4005
CTRIA3,6475,1,3916,4005,4004
CTRIA3,6476,1,3957,3991,4006
CTRIA3,6477,1,3957,4006,3982
CTRIA3,6478,1,3927,3956,4005
CTRIA3,6479,1,3938,3960,4007
CTRIA3,6480,1,3935,4008,3936
CTRIA3,6481,1,3926,3925,4009
CTRIA3,6482,1,3926,4009,3998
CTRIA3,6483,1,3948,3962,4010
CTRIA3,6484,1,3948,4010,4000
CTRIA3,6485,1,3962,3981,4010
CTRIA3,6486,1,3946,3965,4011
CTRIA3,6487,1,3946,4011,3993
CTRIA3,6488,1,3925,3941,4012
CTRIA3,6489,1,3925,4012,4009
CTRIA3,6490,1,3944,3963,4013
CTRIA3,6491,1,3944,4013,4014
CTRIA3,6492,1,3944,4014,4003
CTRIA3,6493,1,3939,3972,4015
CTRIA3,6494,1,3939,4015,4016
CTRIA3,6495,1,3939,4016,3940
CTRIA3,6496,1,3936,4008,4017
CTRIA3,6497,1,3936,4017,3953
CTRIA3,6498,1,3979,3980,4018
CTRIA3,6499,1,3979,4018,3991
CTRIA3,6500,1,3950,4019,3952
CTRIA3,6501,1,3951,3985,4020
CTRIA3,6502,1,3941,3968,4021
CTRIA3,6503,1,3941,4021,4012
CTRIA3,6504,1,3953,4017,4022
CTRIA3,6505,1,3953,4022,3954
CTRIA3,6506,1,3978,4000,4023
CTRIA3,6507,1,3981,4024,4010
CTRIA3,6508,1,3982,4006,4025
CTRIA3,6509,1,3928,3975,4026
CTRIA3,6510,1,3928,4026,3976
CTRIA3,6511,1,3940,4016,4027
CTRIA3,6512,1,3940,4027,4001
CTRIA3,6513,1,3955,4028,3999
CTRIA3,6514,1,3947,3996,4029
CTRIA3,6515,1,3947,4029,4002
CTRIA3,6516,1,3959,3958,4030
CTRIA3,6517,1,3959,4030,3987
CTRIA3,6518,1,3943,3942,4031
CTRIA3,6519,1,3943,4032,3961
CTRIA3,6520,1,3943,4031,4032
CTRIA3,6521,1,3961,4033,3985
CTRIA3,6522,1,3961,4032,4033
CTRIA3,6523,1,3960,3999,4034
CTRIA3,6524,1,3960,4034,4007
CTRIA3,6525,1,3966,3986,4035
CTRIA3,6526,1,3966,4035,3967
CTRIA3,6527,1,3942,3970,4036
CTRIA3,6528,1,3942,4036,4031
CTRIA3,6529,1,3991,4018,4037
CTRIA3,6530,1,3991,4037,4006
CTRIA3,6531,1,3963,4038,4013
CTRIA3,6532,1,3964,4004,4039
CTRIA3,6533,1,3965,4002,4040
CTRIA3,6534,1,3965,4040,4011
CTRIA3,6535,1,3985,4033,4020
CTRIA3,6536,1,4006,4037,4025
CTRIA3,6537,1,3968,4041,4021
CTRIA3,6538,1,3969,4001,4042
CTRIA3,6539,1,3952,4019,4043
CTRIA3,6540,1,3952,4043,3997
CTRIA3,6541,1,3971,3998,4044
CTRIA3,6542,1,3972,4045,4015
CTRIA3,6543,1,3958,3984,4046
CTRIA3,6544,1,3958,4046,4030
CTRIA3,6545,1,3988,4003,4047
CTRIA3,6546,1,3988,4047,3989
CTRIA3,6547,1,3967,4048,3983
CTRIA3,6548,1,3967,4035,4048
CTRIA3,6549,1,3956,3990,4049
CTRIA3,6550,1,3956,4049,4050
CTRIA3,6551,1,3956,4050,4005
CTRIA3,6552,1,3983,4048,4051
CTRIA3,6553,1,3984,4052,4046
CTRIA3,6554,1,3986,4053,4035
CTRIA3,6555,1,3987,4030,4054
CTRIA3,6556,1,4000,4010,4048
CTRIA3,6557,1,4000,4048,4023
CTRIA3,6558,1,3973,3997,4055
CTRIA3,6559,1,3973,4056,3974
CTRIA3,6560,1,3973,4055,4056
CTRIA3,6561,1,3989,4047,4057
CTRIA3,6562,1,3974,4056,4058
CTRIA3,6563,1,3974,4058,3992
CTRIA3,6564,1,3993,4011,4059
CTRIA3,6565,1,3994,4060,3975
CTRIA3,6566,1,3995,3977,4061
CTRIA3,6567,1,3996,4062,4029
CTRIA3,6568,1,3977,3976,4063
CTRIA3,6569,1,3977,4063,4061
CTRIA3,6570,1,3970,4064,4036
CTRIA3,6571,1,3997,4043,4055
CTRIA3,6572,1,4010,4024,4065
CTRIA3,6573,1,4010,4065,4048
CTRIA3,6574,1,3999,4028,4066
CTRIA3,6575,1,3999,4066,4034
CTRIA3,6576,1,4002,4029,4067
CTRIA3,6577,1,4002,4067,4040
CTRIA3,6578,1,3975,4060,4068
CTRIA3,6579,1,3975,4068,4026
CTRIA3,6580,1,3998,4009,4069
CTRIA3,6581,1,3998,4069,4044
CTRIA3,6582,1,4003,4014,4070
CTRIA3,6583,1,4003,4070,4047
CTRIA3,6584,1,4005,4050,4071
CTRIA3,6585,1,4005,4071,4004
CTRIA3,6586,1,4023,4048,4072
CTRIA3,6587,1,4018,4073,4046
CTRIA3,6588,1,4018,4046,4037
CTRIA3,6589,1,4024,4053,4065
CTRIA3,6590,1,4025,4037,4074
CTRIA3,6591,1,4025,4074,4054
CTRIA3,6592,1,4013,4038,4075
CTRIA3,6593,1,4013,4075,4014
CTRIA3,6594,1,3976,4026,4076
CTRIA3,6595,1,3976,4076,4063
CTRIA3,6596,1,4001,4027,4077
CTRIA3,6597,1,4001,4077,4042
CTRIA3,6598,1,4007,4034,4078
CTRIA3,6599,1,4008,4079,4017
CTRIA3,6600,1,4008,4080,4079
CTRIA3,6601,1,4037,4046,4074
CTRIA3,6602,1,4004,4071,4081
CTRIA3,6603,1,4004,4081,4039
CTRIA3,6604,1,4017,4079,4082
CTRIA3,6605,1,4017,4082,4022
CTRIA3,6606,1,4011,4040,4083
CTRIA3,6607,1,4011,4083,4059
CTRIA3,6608,1,4015,4045,4084
CTRIA3,6609,1,4015,4084,4016
CTRIA3,6610,1,4009,4012,4085
CTRIA3,6611,1,4009,4085,4069
CTRIA3,6612,1,4019,4086,4043
CTRIA3,6613,1,4020,4033,4087
CTRIA3,6614,1,4020,4087,4088
CTRIA3,6615,1,4033,4032,4089
CTRIA3,6616,1,4033,4089,4087
CTRIA3,6617,1,4029,4062,4090
CTRIA3,6618,1,4029,4090,4067
CTRIA3,6619,1,4021,4041,4091
CTRIA3,6620,1,4021,4091,4012
CTRIA3,6621,1,4016,4084,4092
CTRIA3,6622,1,4016,4092,4027
CTRIA3,6623,1,4032,4031,4093
CTRIA3,6624,1,4032,4093,4089
CTRIA3,6625,1,4022,4082,4094
CTRIA3,6626,1,4028,4095,4066
CTRIA3,6627,1,4014,4075,4096
CTRIA3,6628,1,4014,4096,4070
CTRIA3,6629,1,4034,4066,4097
CTRIA3,6630,1,4034,4097,4078
CTRIA3,6631,1,4031,4036,4098
CTRIA3,6632,1,4031,4098,4093
CTRIA3,6633,1,4040,4067,4099
CTRIA3,6634,1,4040,4099,4083
CTRIA3,6635,1,4038,4100,4075
CTRIA3,6636,1,4039,4081,4101
CTRIA3,6637,1,4047,4070,4102
CTRIA3,6638,1,4047,4102,4057
CTRIA3,6639,1,4012,4091,4103
CTRIA3,6640,1,4012,4103,4085
CTRIA3,6641,1,4026,4068,4104
CTRIA3,6642,1,4026,4104,4076
CTRIA3,6643,1,4041,4105,4091
CTRIA3,6644,1,4042,4077,4106
CTRIA3,6645,1,4044,4069,4107
CTRIA3,6646,1,4045,4108,4084
CTRIA3,6647,1,4036,4064,4109
CTRIA3,6648,1,4036,4109,4098
CTRIA3,6649,1,4051,4048,4110
CTRIA3,6650,1,4051,4110,4111
CTRIA3,6651,1,4072,4048,4112
CTRIA3,6652,1,4048,4035,4113
CTRIA3,6653,1,4048,4113,4110
CTRIA3,6654,1,4048,4065,4114
CTRIA3,6655,1,4048,4114,4112
CTRIA3,6656,1,4035,4053,4115
CTRIA3,6657,1,4035,4115,4113
CTRIA3,6658,1,4065,4053,4116
CTRIA3,6659,1,4065,4116,4114
CTRIA3,6660,1,4053,4117,4116
CTRIA3,6661,1,4052,4118,4046
CTRIA3,6662,1,4073,4119,4046
CTRIA3,6663,1,4073,4120,4119
CTRIA3,6664,1,4046,4121,4030
CTRIA3,6665,1,4046,4118,4122
CTRIA3,6666,1,4046,4122,4121
CTRIA3,6667,1,4046,4119,4123
CTRIA3,6668,1,4046,4123,4074
CTRIA3,6669,1,4030,4121,4124
CTRIA3,6670,1,4030,4124,4054
CTRIA3,6671,1,4074,4123,4054
CTRIA3,6672,1,4054,4124,4125
CTRIA3,6673,1,4054,4123,4126
CTRIA3,6674,1,4027,4092,4127
CTRIA3,6675,1,4027,4127,4077
CTRIA3,6676,1,4056,4055,4128
CTRIA3,6677,1,4056,4129,4058
CTRIA3,6678,1,4056,4128,4129
CTRIA3,6679,1,4043,4086,4130
CTRIA3,6680,1,4043,4130,4131
CTRIA3,6681,1,4043,4131,4055
CTRIA3,6682,1,4067,4090,4099
CTRIA3,6683,1,4059,4083,4132
CTRIA3,6684,1,4059,4132,4133
CTRIA3,6685,1,4060,4134,4068
CTRIA3,6686,1,4061,4063,4135
CTRIA3,6687,1,4062,4136,4137
CTRIA3,6688,1,4062,4137,4090
CTRIA3,6689,1,4057,4102,4138
CTRIA3,6690,1,4049,4139,4050
CTRIA3,6691,1,4055,4131,4128
CTRIA3,6692,1,4079,4080,4140
CTRIA3,6693,1,4079,4140,4082
CTRIA3,6694,1,4058,4129,4141
CTRIA3,6695,1,4066,4095,4142
CTRIA3,6696,1,4066,4142,4097
CTRIA3,6697,1,4063,4076,4143
CTRIA3,6698,1,4063,4143,4135
CTRIA3,6699,1,4050,4139,4144
CTRIA3,6700,1,4050,4144,4071
CTRIA3,6701,1,4075,4100,4145
CTRIA3,6702,1,4075,4145,4096
CTRIA3,6703,1,4087,4089,4146
CTRIA3,6704,1,4087,4147,4088
CTRIA3,6705,1,4087,4146,4147
CTRIA3,6706,1,4071,4144,4148
CTRIA3,6707,1,4071,4148,4081
CTRIA3,6708,1,4078,4097,4149
CTRIA3,6709,1,4083,4099,4150
CTRIA3,6710,1,4083,4150,4132
CTRIA3,6711,1,4070,4096,4151
CTRIA3,6712,1,4070,4151,4102
CTRIA3,6713,1,4080,4152,4140
CTRIA3,6714,1,4082,4140,4153
CTRIA3,6715,1,4082,4153,4094
CTRIA3,6716,1,4089,4093,4154
CTRIA3,6717,1,4089,4154,4146
CTRIA3,6718,1,4084,4108,4155
CTRIA3,6719,1,4084,4155,4092
CTRIA3,6720,1,4081,4156,4101
CTRIA3,6721,1,4081,4148,4156
CTRIA3,6722,1,4119,4120,4157
CTRIA3,6723,1,4119,4157,4123
CTRIA3,6724,1,4069,4085,4158
CTRIA3,6725,1,4069,4159,4107
CTRIA3,6726,1,4069,4158,4159
CTRIA3,6727,1,4093,4098,4160
CTRIA3,6728,1,4093,4160,4154
CTRIA3,6729,1,4123,4157,4161
CTRIA3,6730,1,4123,4161,4126
CTRIA3,6731,1,4077,4127,4162
CTRIA3,6732,1,4077,4162,4106
CTRIA3,6733,1,4068,4134,4163
CTRIA3,6734,1,4068,4163,4104
CTRIA3,6735,1,4076,4104,4164
CTRIA3,6736,1,4076,4164,4143
CTRIA3,6737,1,4086,4165,4130
CTRIA3,6738,1,4088,4147,4166
CTRIA3,6739,1,4090,4137,4167
CTRIA3,6740,1,4090,4167,4099
CTRIA3,6741,1,4114,4116,4168
CTRIA3,6742,1,4114,4169,4112
CTRIA3,6743,1,4114,4168,4169
CTRIA3,6744,1,4097,4142,4170
CTRIA3,6745,1,4097,4170,4149
CTRIA3,6746,1,4112,4169,4171
CTRIA3,6747,1,4120,4172,4157
CTRIA3,6748,1,4117,4173,4116
CTRIA3,6749,1,4126,4161,4174
CTRIA3,6750,1,4096,4145,4151
CTRIA3,6751,1,4116,4173,4168
CTRIA3,6752,1,4091,4105,4175
CTRIA3,6753,1,4091,4175,4103
CTRIA3,6754,1,4098,4109,4176
CTRIA3,6755,1,4098,4176,4160
CTRIA3,6756,1,4094,4153,4177
CTRIA3,6757,1,4095,4178,4142
CTRIA3,6758,1,4121,4122,4179
CTRIA3,6759,1,4121,4179,4124
CTRIA3,6760,1,4102,4151,4180
CTRIA3,6761,1,4102,4180,4138
CTRIA3,6762,1,4100,4181,4145
CTRIA3,6763,1,4101,4156,4182
CTRIA3,6764,1,4085,4103,4183
CTRIA3,6765,1,4085,4183,4158
CTRIA3,6766,1,4099,4167,4184
CTRIA3,6767,1,4099,4184,4150
CTRIA3,6768,1,4129,4128,4185
CTRIA3,6769,1,4129,4185,4141
CTRIA3,6770,1,4157,4172,4186
CTRIA3,6771,1,4157,4186,4161
CTRIA3,6772,1,4106,4162,4187
CTRIA3,6773,1,4107,4159,4188
CTRIA3,6774,1,4108,4189,4155
CTRIA3,6775,1,4132,4150,4190
CTRIA3,6776,1,4132,4190,4133
CTRIA3,6777,1,4124,4179,4191
CTRIA3,6778,1,4124,4191,4125
CTRIA3,6779,1,4092,4155,4192
CTRIA3,6780,1,4092,4193,4127
CTRIA3,6781,1,4092,4192,4193
CTRIA3,6782,1,4113,4115,4194
CTRIA3,6783,1,4113,4194,4195
CTRIA3,6784,1,4113,4195,4110
CTRIA3,6785,1,4115,4196,4194
CTRIA3,6786,1,4130,4165,4197
CTRIA3,6787,1,4130,4197,4131
CTRIA3,6788,1,4111,4110,4198
CTRIA3,6789,1,4118,4199,4122
CTRIA3,6790,1,4131,4197,4200
CTRIA3,6791,1,4131,4200,4128
CTRIA3,6792,1,4140,4152,4201
CTRIA3,6793,1,4140,4201,4153
CTRIA3,6794,1,4128,4200,4185
CTRIA3,6795,1,4133,4190,4202
CTRIA3,6796,1,4134,4203,4163
CTRIA3,6797,1,4135,4143,4204
CTRIA3,6798,1,4135,4204,4205
CTRIA3,6799,1,4136,4206,4137
CTRIA3,6800,1,4161,4186,4207
CTRIA3,6801,1,4161,4207,4174
CTRIA3,6802,1,4143,4164,4204
CTRIA3,6803,1,4137,4206,4167
CTRIA3,6804,1,4147,4146,4208
CTRIA3,6805,1,4147,4208,4166
CTRIA3,6806,1,4110,4195,4209
CTRIA3,6807,1,4110,4209,4198
CTRIA3,6808,1,4104,4163,4210
CTRIA3,6809,1,4104,4210,4164
CTRIA3,6810,1,4138,4180,4211
CTRIA3,6811,1,4139,4212,4144
CTRIA3,6812,1,4142,4178,4213
CTRIA3,6813,1,4142,4213,4170
CTRIA3,6814,1,4141,4185,4214
CTRIA3,6815,1,4109,4215,4176
CTRIA3,6816,1,4146,4154,4216
CTRIA3,6817,1,4146,4216,4208
CTRIA3,6818,1,4160,4176,4217
CTRIA3,6819,1,4160,4217,4154
CTRIA3,6820,1,4154,4217,4216
CTRIA3,6821,1,4122,4199,4218
CTRIA3,6822,1,4122,4218,4179
CTRIA3,6823,1,4169,4168,4219
CTRIA3,6824,1,4169,4220,4171
CTRIA3,6825,1,4169,4219,4220
CTRIA3,6826,1,4156,4148,4221
CTRIA3,6827,1,4156,4221,4182
CTRIA3,6828,1,4172,4222,4186
CTRIA3,6829,1,4127,4193,4223
CTRIA3,6830,1,4127,4223,4162
CTRIA3,6831,1,4173,4224,4225
CTRIA3,6832,1,4173,4225,4168
CTRIA3,6833,1,4174,4207,4226
CTRIA3,6834,1,4168,4225,4219
CTRIA3,6835,1,4153,4201,4227
CTRIA3,6836,1,4153,4227,4177
CTRIA3,6837,1,4145,4181,4228
CTRIA3,6838,1,4145,4228,4151
CTRIA3,6839,1,4149,4170,4229
CTRIA3,6840,1,4149,4229,4230
CTRIA3,6841,1,4152,4231,4201
CTRIA3,6842,1,4150,4184,4232
CTRIA3,6843,1,4150,4232,4190
CTRIA3,6844,1,4103,4175,4233
CTRIA3,6845,1,4103,4233,4183
CTRIA3,6846,1,4159,4158,4234
CTRIA3,6847,1,4159,4234,4188
CTRIA3,6848,1,4144,4212,4235
CTRIA3,6849,1,4144,4235,4148
CTRIA3,6850,1,4170,4213,4229
CTRIA3,6851,1,4186,4222,4236
CTRIA3,6852,1,4186,4236,4207
CTRIA3,6853,1,4148,4235,4221
CTRIA3,6854,1,4155,4189,4237
CTRIA3,6855,1,4155,4237,4192
CTRIA3,6856,1,4151,4228,4238
CTRIA3,6857,1,4151,4238,4180
CTRIA3,6858,1,4165,4239,4197
CTRIA3,6859,1,4166,4208,4240
CTRIA3,6860,1,4158,4183,4241
CTRIA3,6861,1,4158,4241,4234
CTRIA3,6862,1,4164,4210,4242
CTRIA3,6863,1,4164,4242,4204
CTRIA3,6864,1,4207,4236,4243
CTRIA3,6865,1,4207,4243,4226
CTRIA3,6866,1,4176,4215,4244
CTRIA3,6867,1,4176,4244,4217
CTRIA3,6868,1,4167,4206,4245
CTRIA3,6869,1,4167,4245,4184
CTRIA3,6870,1,4163,4203,4246
CTRIA3,6871,1,4163,4246,4210
CTRIA3,6872,1,4179,4218,4247
CTRIA3,6873,1,4179,4247,4191
CTRIA3,6874,1,4180,4248,4211
CTRIA3,6875,1,4180,4238,4248
CTRIA3,6876,1,4162,4223,4249
CTRIA3,6877,1,4162,4249,4187
CTRIA3,6878,1,4181,4250,4228
CTRIA3,6879,1,4182,4221,4251
CTRIA3,6880,1,4194,4196,4252
CTRIA3,6881,1,4194,4252,4195
CTRIA3,6882,1,4177,4227,4253
CTRIA3,6883,1,4177,4253,4254
CTRIA3,6884,1,4178,4255,4213
CTRIA3,6885,1,4190,4232,4256
CTRIA3,6886,1,4190,4257,4202
CTRIA3,6887,1,4190,4256,4257
CTRIA3,6888,1,4197,4239,4258
CTRIA3,6889,1,4197,4258,4200
CTRIA3,6890,1,4201,4231,4259
CTRIA3,6891,1,4201,4259,4260
CTRIA3,6892,1,4201,4260,4227
CTRIA3,6893,1,4175,4261,4233
CTRIA3,6894,1,4188,4234,4262
CTRIA3,6895,1,4189,4263,4237
CTRIA3,6896,1,4185,4200,4264
CTRIA3,6897,1,4185,4264,4265
CTRIA3,6898,1,4185,4265,4214
CTRIA3,6899,1,4200,4258,4264
CTRIA3,6900,1,4208,4216,4266
CTRIA3,6901,1,4208,4266,4240
CTRIA3,6902,1,4220,4219,4267
CTRIA3,6903,1,4222,4268,4236
CTRIA3,6904,1,4224,4269,4225
CTRIA3,6905,1,4226,4243,4270
CTRIA3,6906,1,4204,4242,4271
CTRIA3,6907,1,4204,4271,4205
CTRIA3,6908,1,4225,4269,4272
CTRIA3,6909,1,4225,4272,4219
CTRIA3,6910,1,4219,4272,4267
CTRIA3,6911,1,4196,4273,4252
CTRIA3,6912,1,4191,4247,4274
CTRIA3,6913,1,4198,4209,4275
CTRIA3,6914,1,4199,4276,4218
CTRIA3,6915,1,4183,4233,4277
CTRIA3,6916,1,4183,4277,4241
CTRIA3,6917,1,4195,4252,4278
CTRIA3,6918,1,4195,4278,4209
CTRIA3,6919,1,4203,4279,4246
CTRIA3,6920,1,4206,4280,4245
CTRIA3,6921,1,4193,4192,4281
CTRIA3,6922,1,4193,4281,4223
CTRIA3,6923,1,4217,4244,4282
CTRIA3,6924,1,4217,4282,4216
CTRIA3,6925,1,4184,4283,4232
CTRIA3,6926,1,4184,4245,4283
CTRIA3,6927,1,4213,4284,4285
CTRIA3,6928,1,4213,4255,4284
CTRIA3,6929,1,4213,4285,4229
CTRIA3,6930,1,4229,4286,4230
CTRIA3,6931,1,4229,4285,4286
CTRIA3,6932,1,4236,4268,4287
CTRIA3,6933,1,4236,4287,4243
CTRIA3,6934,1,4227,4260,4253
CTRIA3,6935,1,4211,4248,4288
CTRIA3,6936,1,4212,4289,4235
CTRIA3,6937,1,4192,4237,4290
CTRIA3,6938,1,4192,4290,4281
CTRIA3,6939,1,4214,4265,4291
CTRIA3,6940,1,4215,4292,4244
CTRIA3,6941,1,4209,4278,4275
CTRIA3,6942,1,4210,4246,4293
CTRIA3,6943,1,4210,4293,4242
CTRIA3,6944,1,4230,4286,4294
CTRIA3,6945,1,4231,4295,4259
CTRIA3,6946,1,4218,4276,4296
CTRIA3,6947,1,4218,4296,4247
CTRIA3,6948,1,4243,4287,4297
CTRIA3,6949,1,4243,4297,4270
CTRIA3,6950,1,4216,4282,4298
CTRIA3,6951,1,4216,4298,4266
CTRIA3,6952,1,4232,4283,4256
CTRIA3,6953,1,4234,4241,4299
CTRIA3,6954,1,4234,4299,4262
CTRIA3,6955,1,4221,4235,4300
CTRIA3,6956,1,4221,4300,4301
CTRIA3,6957,1,4221,4301,4251
CTRIA3,6958,1,4259,4302,4260
CTRIA3,6959,1,4259,4295,4302
CTRIA3,6960,1,4233,4261,4303
CTRIA3,6961,1,4233,4303,4277
CTRIA3,6962,1,4239,4304,4258
CTRIA3,6963,1,4240,4266,4305
CTRIA3,6964,1,4237,4263,4306
CTRIA3,6965,1,4237,4306,4290
CTRIA3,6966,1,4228,4250,4307
CTRIA3,6967,1,4228,4308,4238
CTRIA3,6968,1,4228,4307,4308
CTRIA3,6969,1,4248,4238,4309
CTRIA3,6970,1,4248,4309,4288
CTRIA3,6971,1,4267,4272,4310
CTRIA3,6972,1,4267,4310,4311
CTRIA3,6973,1,4268,4312,4287
CTRIA3,6974,1,4269,4313,4314
CTRIA3,6975,1,4269,4314,4272
CTRIA3,6976,1,4270,4297,4315
CTRIA3,6977,1,4272,4316,4310
CTRIA3,6978,1,4272,4314,4316
CTRIA3,6979,1,4238,4308,4309
CTRIA3,6980,1,4247,4296,4317
CTRIA3,6981,1,4247,4317,4274
CTRIA3,6982,1,4241,4277,4318
CTRIA3,6983,1,4241,4318,4299
CTRIA3,6984,1,4244,4292,4319
CTRIA3,6985,1,4244,4319,4282
CTRIA3,6986,1,4235,4289,4320
CTRIA3,6987,1,4235,4320,4300
CTRIA3,6988,1,4287,4312,4321
CTRIA3,6989,1,4287,4321,4297
CTRIA3,6990,1,4223,4281,4322
CTRIA3,6991,1,4223,4323,4249
CTRIA3,6992,1,4223,4322,4323
CTRIA3,6993,1,4251,4301,4324
CTRIA3,6994,1,4258,4304,4325
CTRIA3,6995,1,4258,4325,4264
CTRIA3,6996,1,4254,4326,4327
CTRIA3,6997,1,4254,4327,4328
CTRIA3,6998,1,4326,4329,4330
CTRIA3,6999,1,4326,4330,4327
CTRIA3,7000,1,4331,4255,4332
CTRIA3,7001,1,4331,4332,4333
CTRIA3,7002,1,4255,4334,4332
CTRIA3,7003,1,4329,4295,4330
CTRIA3,7004,1,4333,4335,4294
CTRIA3,7005,1,4333,4332,4335
CTRIA3,7006,1,4294,4335,4336
CTRIA3,7007,1,4295,4337,4330
CTRIA3,7008,1,4264,4338,4265
CTRIA3,7009,1,4264,4325,4338
CTRIA3,7010,1,4339,4340,4341
CTRIA3,7011,1,4342,4343,4344
CTRIA3,7012,1,4261,4345,4303
CTRIA3,7013,1,4262,4299,4346
CTRIA3,7014,1,4263,4347,4306
CTRIA3,7015,1,4265,4348,4291
CTRIA3,7016,1,4265,4338,4348
CTRIA3,7017,1,4266,4298,4349
CTRIA3,7018,1,4266,4349,4305
CTRIA3,7019,1,4297,4321,4350
CTRIA3,7020,1,4297,4350,4315
CTRIA3,7021,1,4252,4273,4351
CTRIA3,7022,1,4252,4352,4278
CTRIA3,7023,1,4252,4351,4352
CTRIA3,7024,1,4282,4319,4353
CTRIA3,7025,1,4282,4353,4298
CTRIA3,7026,1,4274,4317,4354
CTRIA3,7027,1,4275,4278,4355
CTRIA3,7028,1,4275,4355,4356
CTRIA3,7029,1,4276,4357,4296
CTRIA3,7030,1,4276,4358,4357
CTRIA3,7031,1,4279,4359,4246
CTRIA3,7032,1,4279,4360,4359
CTRIA3,7033,1,4279,4361,4246
CTRIA3,7034,1,4279,4362,4361
CTRIA3,7035,1,4246,4361,4293
CTRIA3,7036,1,4246,4359,4363
CTRIA3,7037,1,4246,4363,4293
CTRIA3,7038,1,4293,4361,4364
CTRIA3,7039,1,4293,4365,4366
CTRIA3,7040,1,4293,4364,4365
CTRIA3,7041,1,4293,4363,4367
CTRIA3,7042,1,4293,4367,4242
CTRIA3,7043,1,4366,4365,4368
CTRIA3,7044,1,4366,4368,4369
CTRIA3,7045,1,4242,4370,4271
CTRIA3,7046,1,4242,4367,4370
CTRIA3,7047,1,4369,4368,4371
CTRIA3,7048,1,4271,4370,4372
CTRIA3,7049,1,4361,4362,4373
CTRIA3,7050,1,4361,4373,4364
CTRIA3,7051,1,4365,4364,4374
CTRIA3,7052,1,4365,4374,4368
CTRIA3,7053,1,4368,4375,4371
CTRIA3,7054,1,4368,4374,4375
CTRIA3,7055,1,4362,4376,4373
CTRIA3,7056,1,4364,4373,4377
CTRIA3,7057,1,4364,4377,4374
CTRIA3,7058,1,4375,4374,4378
CTRIA3,7059,1,4376,4379,4373
CTRIA3,7060,1,4373,4379,4380
CTRIA3,7061,1,4373,4380,4377
CTRIA3,7062,1,4374,4377,4381
CTRIA3,7063,1,4374,4381,4378
CTRIA3,7064,1,4377,4380,4382
CTRIA3,7065,1,4377,4382,4381
CTRIA3,7066,1,4378,4381,4383
CTRIA3,7067,1,4379,4384,4380
CTRIA3,7068,1,4380,4384,4385
CTRIA3,7069,1,4380,4385,4382
CTRIA3,7070,1,4381,4382,4386
CTRIA3,7071,1,4381,4386,4383
CTRIA3,7072,1,4382,4385,4387
CTRIA3,7073,1,4382,4387,4386
CTRIA3,7074,1,4383,4386,4388
CTRIA3,7075,1,4383,4388,4389
CTRIA3,7076,1,4384,4390,4385
CTRIA3,7077,1,4386,4387,4388
CTRIA3,7078,1,4385,4390,4391
CTRIA3,7079,1,4385,4392,4387
CTRIA3,7080,1,4385,4391,4392
CTRIA3,7081,1,4389,4388,4393
CTRIA3,7082,1,4387,4392,4394
CTRIA3,7083,1,4387,4394,4388
CTRIA3,7084,1,4390,4395,4391
CTRIA3,7085,1,4388,4394,4393
CTRIA3,7086,1,4392,4391,4396
CTRIA3,7087,1,4392,4397,4394
CTRIA3,7088,1,4392,4396,4397
CTRIA3,7089,1,4393,4394,4398
CTRIA3,7090,1,4395,4399,4391
CTRIA3,7091,1,4394,4397,4398
CTRIA3,7092,1,4391,4399,4400
CTRIA3,7093,1,4391,4400,4396
CTRIA3,7094,1,4397,4396,4401
CTRIA3,7095,1,4397,4402,4398
CTRIA3,7096,1,4397,4401,4402
CTRIA3,7097,1,4396,4400,4403
CTRIA3,7098,1,4396,4403,4401
CTRIA3,7099,1,4398,4402,4404
CTRIA3,7100,1,4399,4405,4400
CTRIA3,7101,1,4400,4405,4403
CTRIA3,7102,1,4402,4401,4406
CTRIA3,7103,1,4402,4406,4407
CTRIA3,7104,1,4402,4407,4404
CTRIA3,7105,1,4401,4403,4408
CTRIA3,7106,1,4401,4408,4406
CTRIA3,7107,1,4403,4405,4409
CTRIA3,7108,1,4403,4409,4408
CTRIA3,7109,1,4404,4407,4410
CTRIA3,7110,1,4405,4411,4409
CTRIA3,7111,1,4408,4409,4412
CTRIA3,7112,1,4408,4412,4406
CTRIA3,7113,1,4406,4412,4413
CTRIA3,7114,1,4406,4413,4407
CTRIA3,7115,1,4407,4413,4414
CTRIA3,7116,1,4407,4414,4410
CTRIA3,7117,1,4409,4411,4415
CTRIA3,7118,1,4409,4415,4412
CTRIA3,7119,1,4410,4414,4416
CTRIA3,7120,1,4411,4417,4415
CTRIA3,7121,1,4412,4415,4418
CTRIA3,7122,1,4412,4418,4413
CTRIA3,7123,1,4413,4418,4419
CTRIA3,7124,1,4413,4419,4414
CTRIA3,7125,1,4415,4417,4420
CTRIA3,7126,1,4415,4420,4418
CTRIA3,7127,1,4414,4419,4421
CTRIA3,7128,1,4414,4421,4416
CTRIA3,7129,1,4416,4421,4422
CTRIA3,7130,1,4417,4423,4420
CTRIA3,7131,1,4418,4420,4424
CTRIA3,7132,1,4418,4424,4425
CTRIA3,7133,1,4418,4425,4419
CTRIA3,7134,1,4420,4423,4424
CTRIA3,7135,1,4419,4425,4426
CTRIA3,7136,1,4419,4426,4421
CTRIA3,7137,1,4421,4427,4422
CTRIA3,7138,1,4421,4426,4427
CTRIA3,7139,1,4422,4427,4428
CTRIA3,7140,1,4423,4429,4424
CTRIA3,7141,1,4424,4429,4430
CTRIA3,7142,1,4424,4430,4425
CTRIA3,7143,1,4425,4430,4431
CTRIA3,7144,1,4425,4431,4426
CTRIA3,7145,1,4427,4426,4432
CTRIA3,7146,1,4427,4432,4428
CTRIA3,7147,1,4426,4431,4432
CTRIA3,7148,1,4428,4432,4433
CTRIA3,7149,1,4429,4434,4430
CTRIA3,7150,1,4429,4435,4434
CTRIA3,7151,1,4430,4434,4431
CTRIA3,7152,1,4431,4434,4436
CTRIA3,7153,1,4431,4437,4432
CTRIA3,7154,1,4431,4436,4437
CTRIA3,7155,1,4432,4437,4438
CTRIA3,7156,1,4432,4438,4433
CTRIA3,7157,1,4433,4438,4439
CTRIA3,7158,1,4434,4435,4440
CTRIA3,7159,1,4434,4440,4436
CTRIA3,7160,1,4437,4436,4441
CTRIA3,7161,1,4437,4441,4442
CTRIA3,7162,1,4437,4442,4438
CTRIA3,7163,1,4436,4440,4443
CTRIA3,7164,1,4436,4443,4441
CTRIA3,7165,1,4439,4438,4444
CTRIA3,7166,1,4440,4445,4443
CTRIA3,7167,1,4438,4442,4446
CTRIA3,7168,1,4438,4446,4444
CTRIA3,7169,1,4441,4443,4447
CTRIA3,7170,1,4441,4448,4442
CTRIA3,7171,1,4441,4447,4448
CTRIA3,7172,1,4442,4448,4446
CTRIA3,7173,1,4444,4446,4449
CTRIA3,7174,1,4445,4450,4451
CTRIA3,7175,1,4445,4451,4443
CTRIA3,7176,1,4443,4451,4452
CTRIA3,7177,1,4443,4452,4447
CTRIA3,7178,1,4446,4448,4453
CTRIA3,7179,1,4446,4454,4449
CTRIA3,7180,1,4446,4453,4454
CTRIA3,7181,1,4449,4454,4455
CTRIA3,7182,1,4449,4455,4456
CTRIA3,7183,1,4448,4447,4457
CTRIA3,7184,1,4448,4457,4453
CTRIA3,7185,1,4450,4458,4451
CTRIA3,7186,1,4451,4458,4459
CTRIA3,7187,1,4451,4459,4452
CTRIA3,7188,1,4447,4452,4460
CTRIA3,7189,1,4447,4460,4457
CTRIA3,7190,1,4452,4459,4460
CTRIA3,7191,1,4454,4453,4461
CTRIA3,7192,1,4454,4461,4462
CTRIA3,7193,1,4454,4462,4455
CTRIA3,7194,1,4456,4455,4463
CTRIA3,7195,1,4458,4464,4459
CTRIA3,7196,1,4453,4457,4465
CTRIA3,7197,1,4453,4465,4461
CTRIA3,7198,1,4455,4462,4463
CTRIA3,7199,1,4459,4464,4466
CTRIA3,7200,1,4459,4466,4460
CTRIA3,7201,1,4460,4466,4467
CTRIA3,7202,1,4460,4467,4457
CTRIA3,7203,1,4457,4467,4468
CTRIA3,7204,1,4457,4468,4465
CTRIA3,7205,1,4463,4462,4469
CTRIA3,7206,1,4463,4469,4470
CTRIA3,7207,1,4464,4471,4466
CTRIA3,7208,1,4464,4472,4471
CTRIA3,7209,1,4461,4473,4462
CTRIA3,7210,1,4461,4474,4473
CTRIA3,7211,1,4461,4465,4474
CTRIA3,7212,1,4462,4473,4469
CTRIA3,7213,1,4466,4475,4467
CTRIA3,7214,1,4466,4471,4475
CTRIA3,7215,1,4467,4476,4468
CTRIA3,7216,1,4467,4475,4476
CTRIA3,7217,1,4328,4477,4478
CTRIA3,7218,1,4328,4478,4479
CTRIA3,7219,1,4477,4480,4478
CTRIA3,7220,1,4470,4469,4481
CTRIA3,7221,1,4470,4481,4482
CTRIA3,7222,1,4480,4337,4483
CTRIA3,7223,1,4480,4483,4484
CTRIA3,7224,1,4480,4484,4478
CTRIA3,7225,1,4469,4473,4485
CTRIA3,7226,1,4469,4485,4481
CTRIA3,7227,1,4473,4474,4486
CTRIA3,7228,1,4473,4486,4485
CTRIA3,7229,1,4474,4465,4487
CTRIA3,7230,1,4474,4487,4486
CTRIA3,7231,1,4465,4468,4487
CTRIA3,7232,1,4468,4476,4488
CTRIA3,7233,1,4468,4488,4487
CTRIA3,7234,1,4476,4475,4489
CTRIA3,7235,1,4476,4489,4488
CTRIA3,7236,1,4475,4471,4490
CTRIA3,7237,1,4475,4490,4489
CTRIA3,7238,1,4471,4472,4491
CTRIA3,7239,1,4471,4491,4490
CTRIA3,7240,1,4472,4492,4491
CTRIA3,7241,1,4491,4492,4493
CTRIA3,7242,1,4491,4493,4490
CTRIA3,7243,1,4487,4488,4494
CTRIA3,7244,1,4487,4495,4486
CTRIA3,7245,1,4487,4494,4495
CTRIA3,7246,1,4490,4493,4496
CTRIA3,7247,1,4490,4496,4489
CTRIA3,7248,1,4492,4497,4493
CTRIA3,7249,1,4482,4481,4498
CTRIA3,7250,1,4482,4498,4499
CTRIA3,7251,1,4481,4485,4500
CTRIA3,7252,1,4481,4500,4498
CTRIA3,7253,1,4488,4489,4501
CTRIA3,7254,1,4488,4501,4494
CTRIA3,7255,1,4485,4486,4502
CTRIA3,7256,1,4485,4502,4500
CTRIA3,7257,1,4486,4495,4503
CTRIA3,7258,1,4486,4503,4502
CTRIA3,7259,1,4489,4496,4504
CTRIA3,7260,1,4489,4504,4501
CTRIA3,7261,1,4493,4497,4505
CTRIA3,7262,1,4493,4505,4496
CTRIA3,7263,1,4495,4494,4506
CTRIA3,7264,1,4495,4506,4503
CTRIA3,7265,1,4497,4507,4505
CTRIA3,7266,1,4499,4498,4508
CTRIA3,7267,1,4499,4508,4509
CTRIA3,7268,1,4498,4500,4510
CTRIA3,7269,1,4498,4510,4508
CTRIA3,7270,1,4496,4505,4511
CTRIA3,7271,1,4496,4511,4504
CTRIA3,7272,1,4500,4502,4512
CTRIA3,7273,1,4500,4512,4510
CTRIA3,7274,1,4502,4503,4513
CTRIA3,7275,1,4502,4513,4512
CTRIA3,7276,1,4501,4504,4514
CTRIA3,7277,1,4501,4514,4515
CTRIA3,7278,1,4501,4515,4494
CTRIA3,7279,1,4494,4515,4516
CTRIA3,7280,1,4494,4516,4506
CTRIA3,7281,1,4503,4506,4517
CTRIA3,7282,1,4503,4517,4513
CTRIA3,7283,1,4504,4511,4518
CTRIA3,7284,1,4504,4518,4514
CTRIA3,7285,1,4505,4507,4519
CTRIA3,7286,1,4505,4519,4520
CTRIA3,7287,1,4505,4520,4511
CTRIA3,7288,1,4507,4521,4519
CTRIA3,7289,1,4506,4516,4522
CTRIA3,7290,1,4506,4522,4517
CTRIA3,7291,1,4509,4508,4523
CTRIA3,7292,1,4508,4510,4524
CTRIA3,7293,1,4508,4524,4523
CTRIA3,7294,1,4513,4517,4525
CTRIA3,7295,1,4513,4525,4512
CTRIA3,7296,1,4512,4525,4526
CTRIA3,7297,1,4512,4526,4510
CTRIA3,7298,1,4514,4518,4527
CTRIA3,7299,1,4514,4527,4515
CTRIA3,7300,1,4510,4526,4524
CTRIA3,7301,1,4511,4520,4528
CTRIA3,7302,1,4511,4528,4518
CTRIA3,7303,1,4515,4527,4529
CTRIA3,7304,1,4515,4529,4516
CTRIA3,7305,1,4517,4522,4530
CTRIA3,7306,1,4517,4530,4525
CTRIA3,7307,1,4519,4521,4531
CTRIA3,7308,1,4519,4531,4520
CTRIA3,7309,1,4516,4529,4532
CTRIA3,7310,1,4516,4532,4522
CTRIA3,7311,1,4518,4528,4533
CTRIA3,7312,1,4518,4533,4527
CTRIA3,7313,1,4520,4531,4534
CTRIA3,7314,1,4520,4534,4528
CTRIA3,7315,1,4525,4530,4535
CTRIA3,7316,1,4525,4535,4526
CTRIA3,7317,1,4521,4536,4531
CTRIA3,7318,1,4523,4524,4537
CTRIA3,7319,1,4522,4532,4538
CTRIA3,7320,1,4522,4538,4530
CTRIA3,7321,1,4526,4535,4539
CTRIA3,7322,1,4526,4539,4524
CTRIA3,7323,1,4527,4533,4540
CTRIA3,7324,1,4527,4540,4529
CTRIA3,7325,1,4524,4539,4537
CTRIA3,7326,1,4529,4540,4541
CTRIA3,7327,1,4529,4541,4532
CTRIA3,7328,1,4531,4536,4542
CTRIA3,7329,1,4531,4542,4534
CTRIA3,7330,1,4530,4538,4543
CTRIA3,7331,1,4530,4543,4535
CTRIA3,7332,1,4532,4541,4538
CTRIA3,7333,1,4528,4534,4544
CTRIA3,7334,1,4528,4544,4545
CTRIA3,7335,1,4528,4545,4533
CTRIA3,7336,1,4534,4542,4544
CTRIA3,7337,1,4535,4543,4546
CTRIA3,7338,1,4535,4546,4539
CTRIA3,7339,1,4533,4545,4547
CTRIA3,7340,1,4533,4547,4540
CTRIA3,7341,1,4536,4548,4542
CTRIA3,7342,1,4537,4539,4549
CTRIA3,7343,1,4538,4541,4550
CTRIA3,7344,1,4538,4550,4543
CTRIA3,7345,1,4539,4546,4551
CTRIA3,7346,1,4539,4551,4549
CTRIA3,7347,1,4540,4547,4552
CTRIA3,7348,1,4540,4552,4541
CTRIA3,7349,1,4542,4548,4553
CTRIA3,7350,1,4542,4553,4544
CTRIA3,7351,1,4543,4550,4554
CTRIA3,7352,1,4543,4554,4546
CTRIA3,7353,1,4541,4552,4555
CTRIA3,7354,1,4541,4555,4550
CTRIA3,7355,1,4544,4553,4556
CTRIA3,7356,1,4544,4556,4545
CTRIA3,7357,1,4545,4556,4557
CTRIA3,7358,1,4545,4557,4547
CTRIA3,7359,1,4546,4554,4558
CTRIA3,7360,1,4546,4558,4551
CTRIA3,7361,1,4547,4557,4559
CTRIA3,7362,1,4547,4559,4552
CTRIA3,7363,1,4549,4551,4560
CTRIA3,7364,1,4548,4561,4553
CTRIA3,7365,1,4550,4555,4562
CTRIA3,7366,1,4550,4562,4563
CTRIA3,7367,1,4550,4563,4554
CTRIA3,7368,1,4552,4559,4564
CTRIA3,7369,1,4552,4564,4555
CTRIA3,7370,1,4551,4558,4565
CTRIA3,7371,1,4551,4565,4560
CTRIA3,7372,1,4553,4561,4566
CTRIA3,7373,1,4553,4566,4556
CTRIA3,7374,1,4554,4563,4567
CTRIA3,7375,1,4554,4567,4558
CTRIA3,7376,1,4556,4566,4557
CTRIA3,7377,1,4555,4564,4568
CTRIA3,7378,1,4555,4568,4562
CTRIA3,7379,1,4558,4567,4565
CTRIA3,7380,1,4557,4566,4569
CTRIA3,7381,1,4557,4570,4559
CTRIA3,7382,1,4557,4569,4570
CTRIA3,7383,1,4559,4570,4571
CTRIA3,7384,1,4559,4571,4564
CTRIA3,7385,1,4562,4568,4572
CTRIA3,7386,1,4562,4572,4563
CTRIA3,7387,1,4563,4572,4573
CTRIA3,7388,1,4563,4573,4567
CTRIA3,7389,1,4564,4571,4574
CTRIA3,7390,1,4564,4574,4568
CTRIA3,7391,1,4560,4565,4575
CTRIA3,7392,1,4561,4576,4566
CTRIA3,7393,1,4566,4576,4577
CTRIA3,7394,1,4566,4577,4569
CTRIA3,7395,1,4567,4573,4578
CTRIA3,7396,1,4567,4578,4565
CTRIA3,7397,1,4565,4578,4579
CTRIA3,7398,1,4565,4579,4575
CTRIA3,7399,1,4568,4574,4580
CTRIA3,7400,1,4568,4580,4572
CTRIA3,7401,1,4570,4569,4581
CTRIA3,7402,1,4570,4581,4571
CTRIA3,7403,1,4572,4580,4582
CTRIA3,7404,1,4572,4582,4573
CTRIA3,7405,1,4571,4581,4583
CTRIA3,7406,1,4571,4583,4574
CTRIA3,7407,1,4574,4583,4580
CTRIA3,7408,1,4573,4582,4584
CTRIA3,7409,1,4573,4584,4578
CTRIA3,7410,1,4569,4577,4585
CTRIA3,7411,1,4569,4585,4586
CTRIA3,7412,1,4569,4586,4581
CTRIA3,7413,1,4575,4579,4587
CTRIA3,7414,1,4576,4588,4577
CTRIA3,7415,1,4578,4584,4589
CTRIA3,7416,1,4578,4589,4579
CTRIA3,7417,1,4577,4588,4585
CTRIA3,7418,1,4581,4586,4590
CTRIA3,7419,1,4581,4590,4583
CTRIA3,7420,1,4580,4583,4591
CTRIA3,7421,1,4580,4591,4592
CTRIA3,7422,1,4580,4592,4582
CTRIA3,7423,1,4583,4590,4591
CTRIA3,7424,1,4579,4589,4593
CTRIA3,7425,1,4579,4593,4587
CTRIA3,7426,1,4582,4592,4594
CTRIA3,7427,1,4582,4594,4584
CTRIA3,7428,1,4584,4594,4595
CTRIA3,7429,1,4584,4595,4589
CTRIA3,7430,1,4587,4593,4596
CTRIA3,7431,1,4588,4597,4585
CTRIA3,7432,1,4585,4597,4598
CTRIA3,7433,1,4585,4598,4586
CTRIA3,7434,1,4586,4598,4599
CTRIA3,7435,1,4586,4599,4590
CTRIA3,7436,1,4589,4595,4593
CTRIA3,7437,1,4591,4590,4600
CTRIA3,7438,1,4591,4600,4601
CTRIA3,7439,1,4591,4601,4592
CTRIA3,7440,1,4590,4599,4600
CTRIA3,7441,1,4592,4601,4602
CTRIA3,7442,1,4592,4602,4594
CTRIA3,7443,1,4336,4603,4604
CTRIA3,7444,1,4597,4605,4598
CTRIA3,7445,1,4598,4606,4599
CTRIA3,7446,1,4598,4605,4606
CTRIA3,7447,1,4599,4607,4600
CTRIA3,7448,1,4599,4606,4607
CTRIA3,7449,1,4600,4608,4601
CTRIA3,7450,1,4600,4607,4609
CTRIA3,7451,1,4600,4609,4608
CTRIA3,7452,1,4601,4608,4602
CTRIA3,7453,1,4602,4608,4610
CTRIA3,7454,1,4602,4610,4594
CTRIA3,7455,1,4594,4611,4595
CTRIA3,7456,1,4594,4610,4611
CTRIA3,7457,1,4595,4611,4612
CTRIA3,7458,1,4595,4612,4593
CTRIA3,7459,1,4593,4612,4613
CTRIA3,7460,1,4593,4613,4596
CTRIA3,7461,1,4603,4614,4615
CTRIA3,7462,1,4603,4616,4604
CTRIA3,7463,1,4603,4615,4616
CTRIA3,7464,1,4614,4334,4615
CTRIA3,7465,1,4334,4617,4615
CTRIA3,7466,1,4608,4609,4618
CTRIA3,7467,1,4608,4618,4610
CTRIA3,7468,1,4611,4610,4619
CTRIA3,7469,1,4611,4620,4612
CTRIA3,7470,1,4611,4619,4620
CTRIA3,7471,1,4607,4606,4621
CTRIA3,7472,1,4607,4621,4609
CTRIA3,7473,1,4612,4620,4622
CTRIA3,7474,1,4612,4622,4613
CTRIA3,7475,1,4610,4618,4619
CTRIA3,7476,1,4606,4605,4623
CTRIA3,7477,1,4606,4623,4621
CTRIA3,7478,1,4613,4622,4624
CTRIA3,7479,1,4609,4621,4625
CTRIA3,7480,1,4609,4625,4626
CTRIA3,7481,1,4609,4626,4618
CTRIA3,7482,1,4620,4619,4627
CTRIA3,7483,1,4620,4627,4622
CTRIA3,7484,1,4621,4623,4628
CTRIA3,7485,1,4621,4628,4625
CTRIA3,7486,1,4619,4618,4629
CTRIA3,7487,1,4619,4629,4627
CTRIA3,7488,1,4618,4626,4629
CTRIA3,7489,1,4622,4627,4630
CTRIA3,7490,1,4622,4630,4624
CTRIA3,7491,1,4623,4631,4628
CTRIA3,7492,1,4627,4629,4632
CTRIA3,7493,1,4627,4632,4630
CTRIA3,7494,1,4628,4631,4633
CTRIA3,7495,1,4628,4633,4625
CTRIA3,7496,1,4625,4633,4634
CTRIA3,7497,1,4625,4634,4626
CTRIA3,7498,1,4626,4634,4635
CTRIA3,7499,1,4626,4635,4629
CTRIA3,7500,1,4629,4635,4636
CTRIA3,7501,1,4629,4636,4632
CTRIA3,7502,1,4631,4637,4633
CTRIA3,7503,1,4630,4632,4638
CTRIA3,7504,1,4633,4637,4639
CTRIA3,7505,1,4633,4639,4634
CTRIA3,7506,1,4632,4636,4640
CTRIA3,7507,1,4632,4640,4638
CTRIA3,7508,1,4634,4639,4641
CTRIA3,7509,1,4634,4641,4635
CTRIA3,7510,1,4635,4641,4642
CTRIA3,7511,1,4635,4642,4636
CTRIA3,7512,1,4637,4643,4639
CTRIA3,7513,1,4638,4640,4644
CTRIA3,7514,1,4636,4642,4645
CTRIA3,7515,1,4636,4645,4640
CTRIA3,7516,1,4640,4645,4644
CTRIA3,7517,1,4639,4643,4646
CTRIA3,7518,1,4639,4647,4641
CTRIA3,7519,1,4639,4646,4647
CTRIA3,7520,1,4641,4647,4648
CTRIA3,7521,1,4641,4648,4642
CTRIA3,7522,1,4644,4645,4649
CTRIA3,7523,1,4642,4648,4650
CTRIA3,7524,1,4642,4650,4645
CTRIA3,7525,1,4645,4650,4651
CTRIA3,7526,1,4645,4651,4649
CTRIA3,7527,1,4647,4646,4652
CTRIA3,7528,1,4647,4652,4653
CTRIA3,7529,1,4647,4653,4648
CTRIA3,7530,1,4646,4654,4652
CTRIA3,7531,1,4649,4651,4655
CTRIA3,7532,1,4648,4653,4656
CTRIA3,7533,1,4648,4656,4650
CTRIA3,7534,1,4652,4654,4657
CTRIA3,7535,1,4652,4657,4653
CTRIA3,7536,1,4650,4656,4658
CTRIA3,7537,1,4650,4659,4651
CTRIA3,7538,1,4650,4658,4659
CTRIA3,7539,1,4651,4660,4655
CTRIA3,7540,1,4651,4659,4660
CTRIA3,7541,1,4654,4661,4657
CTRIA3,7542,1,4653,4657,4662
CTRIA3,7543,1,4653,4662,4656
CTRIA3,7544,1,4657,4661,4663
CTRIA3,7545,1,4657,4663,4662
CTRIA3,7546,1,4656,4662,4664
CTRIA3,7547,1,4656,4664,4658
CTRIA3,7548,1,4660,4659,4665
CTRIA3,7549,1,4659,4658,4666
CTRIA3,7550,1,4659,4666,4665
CTRIA3,7551,1,4662,4663,4667
CTRIA3,7552,1,4662,4667,4664
CTRIA3,7553,1,4658,4664,4668
CTRIA3,7554,1,4658,4668,4666
CTRIA3,7555,1,4663,4669,4667
CTRIA3,7556,1,4665,4666,4670
CTRIA3,7557,1,4666,4668,4671
CTRIA3,7558,1,4666,4671,4670
CTRIA3,7559,1,4664,4667,4672
CTRIA3,7560,1,4664,4672,4673
CTRIA3,7561,1,4664,4673,4668
CTRIA3,7562,1,4667,4669,4674
CTRIA3,7563,1,4667,4674,4672
CTRIA3,7564,1,4668,4673,4675
CTRIA3,7565,1,4668,4675,4671
CTRIA3,7566,1,4669,4676,4674
CTRIA3,7567,1,4670,4671,4677
CTRIA3,7568,1,4671,4675,4678
CTRIA3,7569,1,4671,4678,4677
CTRIA3,7570,1,4674,4676,4679
CTRIA3,7571,1,4674,4679,4672
CTRIA3,7572,1,4672,4679,4680
CTRIA3,7573,1,4672,4680,4673
CTRIA3,7574,1,4673,4680,4681
CTRIA3,7575,1,4673,4681,4675
CTRIA3,7576,1,4676,4682,4679
CTRIA3,7577,1,4677,4678,4683
CTRIA3,7578,1,4675,4681,4678
CTRIA3,7579,1,4679,4682,4684
CTRIA3,7580,1,4679,4684,4680
CTRIA3,7581,1,4680,4684,4685
CTRIA3,7582,1,4680,4685,4681
CTRIA3,7583,1,4678,4681,4686
CTRIA3,7584,1,4678,4686,4687
CTRIA3,7585,1,4678,4687,4683
CTRIA3,7586,1,4681,4685,4686
CTRIA3,7587,1,4682,4688,4684
CTRIA3,7588,1,4684,4688,4689
CTRIA3,7589,1,4684,4690,4685
CTRIA3,7590,1,4684,4689,4690
CTRIA3,7591,1,4686,4685,4691
CTRIA3,7592,1,4686,4692,4687
CTRIA3,7593,1,4686,4691,4692
CTRIA3,7594,1,4685,4690,4691
CTRIA3,7595,1,4687,4692,4693
CTRIA3,7596,1,4692,4691,4694
CTRIA3,7597,1,4692,4694,4695
CTRIA3,7598,1,4692,4695,4693
CTRIA3,7599,1,4691,4690,4696
CTRIA3,7600,1,4691,4696,4694
CTRIA3,7601,1,4690,4689,4697
CTRIA3,7602,1,4690,4697,4696
CTRIA3,7603,1,4689,4698,4697
CTRIA3,7604,1,4694,4696,4699
CTRIA3,7605,1,4694,4699,4695
CTRIA3,7606,1,4697,4698,4700
CTRIA3,7607,1,4697,4700,4701
CTRIA3,7608,1,4697,4701,4696
CTRIA3,7609,1,4695,4699,4702
CTRIA3,7610,1,4696,4701,4703
CTRIA3,7611,1,4696,4703,4699
CTRIA3,7612,1,4699,4703,4704
CTRIA3,7613,1,4699,4704,4702
CTRIA3,7614,1,4700,4705,4701
CTRIA3,7615,1,4702,4704,4706
CTRIA3,7616,1,4701,4705,4707
CTRIA3,7617,1,4701,4707,4703
CTRIA3,7618,1,4703,4707,4708
CTRIA3,7619,1,4703,4708,4704
CTRIA3,7620,1,4704,4708,4706
CTRIA3,7621,1,4705,4709,4707
CTRIA3,7622,1,4706,4708,4710
CTRIA3,7623,1,4706,4710,4711
CTRIA3,7624,1,4707,4709,4712
CTRIA3,7625,1,4707,4713,4708
CTRIA3,7626,1,4707,4712,4713
CTRIA3,7627,1,4708,4713,4714
CTRIA3,7628,1,4708,4714,4710
CTRIA3,7629,1,4709,4257,4712
CTRIA3,7630,1,4711,4710,4280
CTRIA3,7631,1,4710,4714,4715
CTRIA3,7632,1,4710,4715,4280
CTRIA3,7633,1,4713,4712,4256
CTRIA3,7634,1,4713,4256,4283
CTRIA3,7635,1,4713,4283,4714
CTRIA3,7636,1,4712,4257,4256
CTRIA3,7637,1,4714,4283,4715
CTRIA3,7638,1,4257,4256,4716
CTRIA3,7639,1,4257,4716,4717
CTRIA3,7640,1,4256,4283,4718
CTRIA3,7641,1,4256,4718,4716
CTRIA3,7642,1,4283,4245,4719
CTRIA3,7643,1,4283,4719,4718
CTRIA3,7644,1,4245,4280,4720
CTRIA3,7645,1,4245,4720,4719
CTRIA3,7646,1,4280,4721,4720
CTRIA3,7647,1,4278,4352,4355
CTRIA3,7648,1,4281,4290,4722
CTRIA3,7649,1,4281,4722,4322
CTRIA3,7650,1,4296,4357,4317
CTRIA3,7651,1,4483,4723,4724
CTRIA3,7652,1,4604,4725,4726
CTRIA3,7653,1,4604,4726,4727
CTRIA3,7654,1,4290,4306,4722
CTRIA3,7655,1,4479,4728,4729
CTRIA3,7656,1,4728,4730,4731
CTRIA3,7657,1,4728,4731,4729
CTRIA3,7658,1,4730,4724,4732
CTRIA3,7659,1,4730,4732,4731
CTRIA3,7660,1,4724,4723,4732
CTRIA3,7661,1,4725,4733,4726
CTRIA3,7662,1,4733,4734,4735
CTRIA3,7663,1,4733,4735,4736
CTRIA3,7664,1,4733,4736,4726
CTRIA3,7665,1,4734,4617,4735
CTRIA3,7666,1,4617,4737,4735
CTRIA3,7667,1,4277,4303,4738
CTRIA3,7668,1,4277,4738,4318
CTRIA3,7669,1,4288,4309,4739
CTRIA3,7670,1,4288,4739,4740
CTRIA3,7671,1,4289,4741,4320
CTRIA3,7672,1,4291,4348,4742
CTRIA3,7673,1,4292,4743,4319
CTRIA3,7674,1,4344,4343,4744
CTRIA3,7675,1,4340,4745,4341
CTRIA3,7676,1,4310,4316,4746
CTRIA3,7677,1,4310,4746,4747
CTRIA3,7678,1,4310,4747,4311
CTRIA3,7679,1,4312,4748,4321
CTRIA3,7680,1,4313,4749,4314
CTRIA3,7681,1,4315,4350,4750
CTRIA3,7682,1,4316,4314,4746
CTRIA3,7683,1,4314,4749,4746
CTRIA3,7684,1,4299,4318,4751
CTRIA3,7685,1,4299,4751,4346
CTRIA3,7686,1,4300,4320,4752
CTRIA3,7687,1,4300,4752,4301
CTRIA3,7688,1,4321,4748,4753
CTRIA3,7689,1,4321,4753,4350
CTRIA3,7690,1,4726,4736,4727
CTRIA3,7691,1,4309,4308,4754
CTRIA3,7692,1,4309,4754,4739
CTRIA3,7693,1,4298,4353,4755
CTRIA3,7694,1,4298,4755,4349
CTRIA3,7695,1,4304,4756,4325
CTRIA3,7696,1,4305,4349,4757
CTRIA3,7697,1,4303,4345,4758
CTRIA3,7698,1,4303,4758,4738
CTRIA3,7699,1,4318,4738,4751
CTRIA3,7700,1,4306,4347,4759
CTRIA3,7701,1,4306,4759,4722
CTRIA3,7702,1,4350,4753,4760
CTRIA3,7703,1,4350,4760,4750
CTRIA3,7704,1,4319,4743,4761
CTRIA3,7705,1,4319,4761,4353
CTRIA3,7706,1,4317,4357,4762
CTRIA3,7707,1,4317,4763,4354
CTRIA3,7708,1,4317,4762,4763
CTRIA3,7709,1,4727,4736,4764
CTRIA3,7710,1,4723,4765,4732
CTRIA3,7711,1,4355,4352,4766
CTRIA3,7712,1,4355,4766,4356
CTRIA3,7713,1,4348,4338,4767
CTRIA3,7714,1,4348,4767,4742
CTRIA3,7715,1,4370,4367,4768
CTRIA3,7716,1,4370,4768,4372
CTRIA3,7717,1,4308,4307,4769
CTRIA3,7718,1,4308,4769,4770
CTRIA3,7719,1,4308,4770,4754
CTRIA3,7720,1,4307,4771,4769
CTRIA3,7721,1,4324,4301,4772
CTRIA3,7722,1,4343,4773,4744
CTRIA3,7723,1,4341,4745,4774
CTRIA3,7724,1,4341,4774,4775
CTRIA3,7725,1,4338,4325,4776
CTRIA3,7726,1,4338,4776,4767
CTRIA3,7727,1,4301,4752,4777
CTRIA3,7728,1,4301,4777,4772
CTRIA3,7729,1,4325,4756,4778
CTRIA3,7730,1,4325,4778,4776
CTRIA3,7731,1,4746,4749,4779
CTRIA3,7732,1,4746,4780,4747
CTRIA3,7733,1,4746,4779,4780
CTRIA3,7734,1,4748,4781,4753
CTRIA3,7735,1,4749,4782,4779
CTRIA3,7736,1,4750,4760,4783
CTRIA3,7737,1,4716,4718,4784
CTRIA3,7738,1,4716,4784,4717
CTRIA3,7739,1,4346,4751,4785
CTRIA3,7740,1,4357,4358,4786
CTRIA3,7741,1,4357,4786,4762
CTRIA3,7742,1,4347,4787,4759
CTRIA3,7743,1,4345,4788,4758
CTRIA3,7744,1,4323,4322,4789
CTRIA3,7745,1,4323,4789,4790
CTRIA3,7746,1,4735,4737,4791
CTRIA3,7747,1,4735,4792,4736
CTRIA3,7748,1,4735,4791,4792
CTRIA3,7749,1,4352,4351,4793
CTRIA3,7750,1,4352,4793,4794
CTRIA3,7751,1,4352,4794,4766
CTRIA3,7752,1,4732,4765,4795
CTRIA3,7753,1,4732,4795,4731
CTRIA3,7754,1,4359,4360,4796
CTRIA3,7755,1,4359,4797,4363
CTRIA3,7756,1,4359,4796,4797
CTRIA3,7757,1,4363,4797,4798
CTRIA3,7758,1,4363,4798,4367
CTRIA3,7759,1,4736,4792,4764
CTRIA3,7760,1,4720,4721,4799
CTRIA3,7761,1,4720,4799,4800
CTRIA3,7762,1,4720,4800,4719
CTRIA3,7763,1,4351,4801,4793
CTRIA3,7764,1,4354,4763,4802
CTRIA3,7765,1,4367,4798,4768
CTRIA3,7766,1,4356,4766,4803
CTRIA3,7767,1,4358,4804,4786
CTRIA3,7768,1,4719,4800,4805
CTRIA3,7769,1,4719,4805,4718
CTRIA3,7770,1,4322,4722,4806
CTRIA3,7771,1,4322,4806,4789
CTRIA3,7772,1,4349,4755,4807
CTRIA3,7773,1,4349,4807,4757
CTRIA3,7774,1,4739,4754,4808
CTRIA3,7775,1,4739,4808,4740
CTRIA3,7776,1,4731,4795,4809
CTRIA3,7777,1,4731,4809,4729
CTRIA3,7778,1,4722,4759,4806
CTRIA3,7779,1,4744,4773,4810
CTRIA3,7780,1,4744,4810,4811
CTRIA3,7781,1,4745,4812,4774
CTRIA3,7782,1,4320,4741,4813
CTRIA3,7783,1,4320,4813,4814
CTRIA3,7784,1,4320,4814,4752
CTRIA3,7785,1,4740,4808,4815
CTRIA3,7786,1,4729,4809,4816
CTRIA3,7787,1,4737,4817,4791
CTRIA3,7788,1,4742,4767,4818
CTRIA3,7789,1,4743,4819,4761
CTRIA3,7790,1,4753,4781,4820
CTRIA3,7791,1,4753,4821,4760
CTRIA3,7792,1,4753,4820,4821
CTRIA3,7793,1,4718,4805,4822
CTRIA3,7794,1,4718,4822,4784
CTRIA3,7795,1,4353,4761,4823
CTRIA3,7796,1,4353,4823,4755
CTRIA3,7797,1,4751,4738,4824
CTRIA3,7798,1,4751,4824,4785
CTRIA3,7799,1,4738,4758,4825
CTRIA3,7800,1,4738,4825,4824
CTRIA3,7801,1,4760,4821,4826
CTRIA3,7802,1,4760,4826,4783
CTRIA3,7803,1,4752,4827,4777
CTRIA3,7804,1,4752,4814,4827
CTRIA3,7805,1,4756,4828,4778
CTRIA3,7806,1,4757,4807,4829
CTRIA3,7807,1,4780,4779,4830
CTRIA3,7808,1,4781,4831,4820
CTRIA3,7809,1,4754,4770,4832
CTRIA3,7810,1,4754,4832,4808
CTRIA3,7811,1,4779,4782,4833
CTRIA3,7812,1,4779,4833,4830
CTRIA3,7813,1,4782,4834,4833
CTRIA3,7814,1,4783,4826,4835
CTRIA3,7815,1,4758,4788,4836
CTRIA3,7816,1,4758,4836,4825
CTRIA3,7817,1,4767,4776,4837
CTRIA3,7818,1,4767,4837,4818
CTRIA3,7819,1,4764,4792,4838
CTRIA3,7820,1,4764,4838,4839
CTRIA3,7821,1,4763,4762,4840
CTRIA3,7822,1,4763,4840,4802
CTRIA3,7823,1,4765,4841,4795
CTRIA3,7824,1,4765,4842,4841
CTRIA3,7825,1,4766,4794,4843
CTRIA3,7826,1,4766,4843,4803
CTRIA3,7827,1,4755,4823,4844
CTRIA3,7828,1,4755,4844,4807
CTRIA3,7829,1,4775,4774,4845
CTRIA3,7830,1,4773,4846,4810
CTRIA3,7831,1,4793,4801,4847
CTRIA3,7832,1,4793,4847,4794
CTRIA3,7833,1,4776,4778,4848
CTRIA3,7834,1,4776,4848,4837
CTRIA3,7835,1,4762,4786,4849
CTRIA3,7836,1,4762,4849,4840
CTRIA3,7837,1,4771,4850,4851
CTRIA3,7838,1,4771,4851,4769
CTRIA3,7839,1,4772,4777,4852
CTRIA3,7840,1,4772,4852,4853
CTRIA3,7841,1,4769,4851,4854
CTRIA3,7842,1,4769,4854,4770
CTRIA3,7843,1,4792,4791,4855
CTRIA3,7844,1,4792,4855,4838
CTRIA3,7845,1,4797,4796,4856
CTRIA3,7846,1,4797,4856,4857
CTRIA3,7847,1,4797,4857,4798
CTRIA3,7848,1,4761,4819,4858
CTRIA3,7849,1,4761,4858,4823
CTRIA3,7850,1,4774,4812,4859
CTRIA3,7851,1,4774,4859,4845
CTRIA3,7852,1,4821,4820,4860
CTRIA3,7853,1,4821,4860,4826
CTRIA3,7854,1,4795,4841,4861
CTRIA3,7855,1,4795,4861,4809
CTRIA3,7856,1,4759,4787,4862
CTRIA3,7857,1,4759,4862,4863
CTRIA3,7858,1,4759,4863,4806
CTRIA3,7859,1,4798,4857,4864
CTRIA3,7860,1,4798,4864,4768
CTRIA3,7861,1,4785,4824,4865
CTRIA3,7862,1,4788,4866,4836
CTRIA3,7863,1,4790,4789,4867
CTRIA3,7864,1,4770,4854,4832
CTRIA3,7865,1,4786,4804,4868
CTRIA3,7866,1,4786,4868,4849
CTRIA3,7867,1,4796,4869,4856
CTRIA3,7868,1,4784,4822,4870
CTRIA3,7869,1,4768,4864,4871
CTRIA3,7870,1,4799,4872,4800
CTRIA3,7871,1,4800,4873,4805
CTRIA3,7872,1,4800,4872,4873
CTRIA3,7873,1,4805,4874,4822
CTRIA3,7874,1,4805,4873,4874
CTRIA3,7875,1,4778,4828,4875
CTRIA3,7876,1,4778,4875,4848
CTRIA3,7877,1,4801,4876,4847
CTRIA3,7878,1,4802,4840,4877
CTRIA3,7879,1,4802,4877,4878
CTRIA3,7880,1,4807,4844,4829
CTRIA3,7881,1,4803,4843,4879
CTRIA3,7882,1,4820,4831,4880
CTRIA3,7883,1,4820,4880,4860
CTRIA3,7884,1,4777,4827,4881
CTRIA3,7885,1,4777,4881,4852
CTRIA3,7886,1,4808,4832,4882
CTRIA3,7887,1,4808,4882,4815
CTRIA3,7888,1,4791,4817,4883
CTRIA3,7889,1,4791,4883,4855
CTRIA3,7890,1,4789,4806,4884
CTRIA3,7891,1,4789,4884,4867
CTRIA3,7892,1,4794,4847,4885
CTRIA3,7893,1,4794,4885,4843
CTRIA3,7894,1,4809,4861,4886
CTRIA3,7895,1,4809,4886,4816
CTRIA3,7896,1,4811,4810,4887
CTRIA3,7897,1,4812,4888,4859
CTRIA3,7898,1,4826,4860,4889
CTRIA3,7899,1,4826,4889,4835
CTRIA3,7900,1,4824,4825,4890
CTRIA3,7901,1,4824,4890,4865
CTRIA3,7902,1,4830,4833,4891
CTRIA3,7903,1,4833,4834,4892
CTRIA3,7904,1,4833,4892,4891
CTRIA3,7905,1,4834,4893,4892
CTRIA3,7906,1,4813,4894,4814
CTRIA3,7907,1,4818,4837,4895
CTRIA3,7908,1,4819,4896,4858
CTRIA3,7909,1,4825,4836,4897
CTRIA3,7910,1,4825,4897,4890
CTRIA3,7911,1,4822,4874,4898
CTRIA3,7912,1,4822,4898,4870
CTRIA3,7913,1,4810,4846,4899
CTRIA3,7914,1,4810,4899,4887
CTRIA3,7915,1,4806,4863,4900
CTRIA3,7916,1,4806,4900,4884
CTRIA3,7917,1,4838,4855,4901
CTRIA3,7918,1,4838,4901,4839
CTRIA3,7919,1,4841,4842,4902
CTRIA3,7920,1,4841,4902,4861
CTRIA3,7921,1,4840,4849,4903
CTRIA3,7922,1,4840,4903,4877
CTRIA3,7923,1,4837,4848,4904
CTRIA3,7924,1,4837,4904,4895
CTRIA3,7925,1,4827,4814,4905
CTRIA3,7926,1,4827,4905,4881
CTRIA3,7927,1,4828,4906,4875
CTRIA3,7928,1,4829,4844,4907
CTRIA3,7929,1,4856,4869,4908
CTRIA3,7930,1,4856,4908,4857
CTRIA3,7931,1,4836,4866,4909
CTRIA3,7932,1,4836,4909,4897
CTRIA3,7933,1,4814,4894,4910
CTRIA3,7934,1,4814,4910,4905
CTRIA3,7935,1,4839,4901,4911
CTRIA3,7936,1,4842,4912,4902
CTRIA3,7937,1,4843,4885,4913
CTRIA3,7938,1,4843,4913,4879
CTRIA3,7939,1,4847,4876,4914
CTRIA3,7940,1,4847,4914,4885
CTRIA3,7941,1,4823,4858,4915
CTRIA3,7942,1,4823,4916,4844
CTRIA3,7943,1,4823,4915,4916
CTRIA3,7944,1,4857,4908,4917
CTRIA3,7945,1,4857,4917,4864
CTRIA3,7946,1,4860,4880,4918
CTRIA3,7947,1,4860,4918,4919
CTRIA3,7948,1,4860,4919,4889
CTRIA3,7949,1,4845,4859,4920
CTRIA3,7950,1,4846,4921,4899
CTRIA3,7951,1,4832,4854,4922
CTRIA3,7952,1,4832,4922,4882
CTRIA3,7953,1,4850,4923,4851
CTRIA3,7954,1,4853,4852,4924
CTRIA3,7955,1,4844,4916,4907
CTRIA3,7956,1,4874,4873,4925
CTRIA3,7957,1,4874,4925,4898
CTRIA3,7958,1,4849,4868,4926
CTRIA3,7959,1,4849,4926,4903
CTRIA3,7960,1,4892,4893,4927
CTRIA3,7961,1,4892,4927,4928
CTRIA3,7962,1,4892,4928,4891
CTRIA3,7963,1,4880,4929,4918
CTRIA3,7964,1,4851,4923,4930
CTRIA3,7965,1,4851,4930,4854
CTRIA3,7966,1,4893,4931,4927
CTRIA3,7967,1,4889,4919,4932
CTRIA3,7968,1,4873,4872,4933
CTRIA3,7969,1,4873,4933,4925
CTRIA3,7970,1,4855,4883,4934
CTRIA3,7971,1,4855,4934,4901
CTRIA3,7972,1,4861,4902,4935
CTRIA3,7973,1,4861,4935,4886
CTRIA3,7974,1,4859,4888,4936
CTRIA3,7975,1,4859,4936,4920
CTRIA3,7976,1,4852,4881,4937
CTRIA3,7977,1,4852,4937,4924
CTRIA3,7978,1,4864,4917,4938
CTRIA3,7979,1,4864,4939,4871
CTRIA3,7980,1,4864,4938,4939
CTRIA3,7981,1,4865,4890,4940
CTRIA3,7982,1,4862,4941,4863
CTRIA3,7983,1,4866,4942,4909
CTRIA3,7984,1,4867,4884,4943
CTRIA3,7985,1,4854,4930,4922
CTRIA3,7986,1,4848,4875,4944
CTRIA3,7987,1,4848,4944,4945
CTRIA3,7988,1,4848,4945,4904
CTRIA3,7989,1,4869,4946,4908
CTRIA3,7990,1,4870,4898,4947
CTRIA3,7991,1,4872,4948,4933
CTRIA3,7992,1,4876,4949,4914
CTRIA3,7993,1,4878,4877,4950
CTRIA3,7994,1,4879,4913,4951
CTRIA3,7995,1,4868,4952,4926
CTRIA3,7996,1,4875,4906,4953
CTRIA3,7997,1,4875,4953,4944
CTRIA3,7998,1,4887,4899,4954
CTRIA3,7999,1,4888,4955,4936
CTRIA3,8000,1,4890,4897,4956
CTRIA3,8001,1,4890,4956,4940
CTRIA3,8002,1,4863,4941,4957
CTRIA3,8003,1,4863,4957,4900
CTRIA3,8004,1,4858,4896,4958
CTRIA3,8005,1,4858,4958,4915
CTRIA3,8006,1,4877,4903,4959
CTRIA3,8007,1,4877,4959,4950
CTRIA3,8008,1,4882,4922,4960
CTRIA3,8009,1,4894,4961,4910
CTRIA3,8010,1,4895,4904,4962
CTRIA3,8011,1,4895,4962,4963
CTRIA3,8012,1,4881,4905,4964
CTRIA3,8013,1,4881,4964,4937
CTRIA3,8014,1,4886,4935,4965
CTRIA3,8015,1,4883,4966,4934
CTRIA3,8016,1,4885,4914,4967
CTRIA3,8017,1,4885,4967,4913
CTRIA3,8018,1,4898,4925,4968
CTRIA3,8019,1,4898,4968,4947
CTRIA3,8020,1,4901,4934,4969
CTRIA3,8021,1,4901,4969,4911
CTRIA3,8022,1,4897,4909,4970
CTRIA3,8023,1,4897,4970,4956
CTRIA3,8024,1,4902,4912,4971
CTRIA3,8025,1,4902,4971,4935
CTRIA3,8026,1,4908,4946,4972
CTRIA3,8027,1,4908,4972,4917
CTRIA3,8028,1,4899,4921,4973
CTRIA3,8029,1,4899,4973,4954
CTRIA3,8030,1,4927,4931,4974
CTRIA3,8031,1,4927,4975,4928
CTRIA3,8032,1,4927,4974,4975
CTRIA3,8033,1,4904,4945,4962
CTRIA3,8034,1,4884,4900,4976
CTRIA3,8035,1,4884,4976,4977
CTRIA3,8036,1,4884,4977,4943
CTRIA3,8037,1,4918,4929,4978
CTRIA3,8038,1,4918,4978,4979
CTRIA3,8039,1,4918,4979,4919
CTRIA3,8040,1,4928,4975,4980
CTRIA3,8041,1,4931,4981,4974
CTRIA3,8042,1,4932,4919,4982
CTRIA3,8043,1,4919,4979,4983
CTRIA3,8044,1,4919,4983,4982
CTRIA3,8045,1,4906,4984,4953
CTRIA3,8046,1,4907,4916,4985
CTRIA3,8047,1,4925,4933,4986
CTRIA3,8048,1,4925,4986,4968
CTRIA3,8049,1,4905,4910,4987
CTRIA3,8050,1,4905,4987,4964
CTRIA3,8051,1,4911,4969,4988
CTRIA3,8052,1,4903,4926,4989
CTRIA3,8053,1,4903,4989,4959
CTRIA3,8054,1,4917,4972,4990
CTRIA3,8055,1,4917,4990,4938
CTRIA3,8056,1,4912,4991,4971
CTRIA3,8057,1,4909,4942,4992
CTRIA3,8058,1,4909,4992,4970
CTRIA3,8059,1,4920,4936,4993
CTRIA3,8060,1,4921,4994,4973
CTRIA3,8061,1,4933,4948,4995
CTRIA3,8062,1,4933,4995,4986
CTRIA3,8063,1,4916,4915,4996
CTRIA3,8064,1,4916,4996,4985
CTRIA3,8065,1,4923,4997,4930
CTRIA3,8066,1,4924,4937,4998
CTRIA3,8067,1,4914,4949,4999
CTRIA3,8068,1,4914,4999,4967
CTRIA3,8069,1,4900,4957,5000
CTRIA3,8070,1,4900,5000,4976
CTRIA3,8071,1,4934,4966,5001
CTRIA3,8072,1,4934,5001,4969
CTRIA3,8073,1,4913,4967,5002
CTRIA3,8074,1,4913,5002,4951
CTRIA3,8075,1,4935,4971,5003
CTRIA3,8076,1,4935,5003,4965
CTRIA3,8077,1,4975,4974,5004
CTRIA3,8078,1,4975,5004,4980
CTRIA3,8079,1,4936,4955,5005
CTRIA3,8080,1,4936,5005,4993
CTRIA3,8081,1,4926,4952,5006
CTRIA3,8082,1,4926,5006,4989
CTRIA3,8083,1,4922,4930,5007
CTRIA3,8084,1,4922,5008,4960
CTRIA3,8085,1,4922,5007,5008
CTRIA3,8086,1,4940,4956,5009
CTRIA3,8087,1,4941,5010,4957
CTRIA3,8088,1,4942,5011,4992
CTRIA3,8089,1,4943,4977,5012
CTRIA3,8090,1,4946,5013,4972
CTRIA3,8091,1,4947,4968,5014
CTRIA3,8092,1,4939,4938,5015
CTRIA3,8093,1,4948,5016,4995
CTRIA3,8094,1,4930,4997,5007
CTRIA3,8095,1,4974,4981,5017
CTRIA3,8096,1,4974,5017,5004
CTRIA3,8097,1,4949,5018,4999
CTRIA3,8098,1,4950,4959,5019
CTRIA3,8099,1,4950,5019,5020
CTRIA3,8100,1,4951,5002,5021
CTRIA3,8101,1,4953,4984,5022
CTRIA3,8102,1,4953,5022,4944
CTRIA3,8103,1,4954,4973,5023
CTRIA3,8104,1,4955,5024,5005
CTRIA3,8105,1,4937,4964,5025
CTRIA3,8106,1,4937,5026,4998
CTRIA3,8107,1,4937,5025,5026
CTRIA3,8108,1,4944,5022,5027
CTRIA3,8109,1,4944,5027,4945
CTRIA3,8110,1,4980,5004,5028
CTRIA3,8111,1,4978,5029,4979
CTRIA3,8112,1,4981,5030,5017
CTRIA3,8113,1,4982,4983,5031
CTRIA3,8114,1,4956,4970,5032
CTRIA3,8115,1,4956,5032,5009
CTRIA3,8116,1,4938,4990,5033
CTRIA3,8117,1,4938,5033,5015
CTRIA3,8118,1,4969,5001,5034
CTRIA3,8119,1,4969,5034,4988
CTRIA3,8120,1,4972,5013,5035
CTRIA3,8121,1,4972,5035,4990
CTRIA3,8122,1,4962,4945,5036
CTRIA3,8123,1,4962,5037,4963
CTRIA3,8124,1,4962,5036,5037
CTRIA3,8125,1,4945,5027,5036
CTRIA3,8126,1,4968,4986,5038
CTRIA3,8127,1,4968,5038,5014
CTRIA3,8128,1,4915,4958,5039
CTRIA3,8129,1,4915,5039,5040
CTRIA3,8130,1,4915,5040,4996
CTRIA3,8131,1,4958,5041,5039
CTRIA3,8132,1,4960,5008,5042
CTRIA3,8133,1,4961,5043,4910
CTRIA3,8134,1,4973,4994,5044
CTRIA3,8135,1,4973,5044,5023
CTRIA3,8136,1,4910,5043,4987
CTRIA3,8137,1,4957,5010,5000
CTRIA3,8138,1,4964,4987,5025
CTRIA3,8139,1,4965,5003,5045
CTRIA3,8140,1,4966,5046,5001
CTRIA3,8141,1,4966,5047,5046
CTRIA3,8142,1,4959,4989,5048
CTRIA3,8143,1,4959,5048,5019
CTRIA3,8144,1,4979,5029,5049
CTRIA3,8145,1,4979,5049,4983
CTRIA3,8146,1,4970,4992,5050
CTRIA3,8147,1,4970,5050,5032
CTRIA3,8148,1,4983,5049,5051
CTRIA3,8149,1,4983,5051,5031
CTRIA3,8150,1,5004,5017,5052
CTRIA3,8151,1,5004,5052,5028
CTRIA3,8152,1,4971,4991,5053
CTRIA3,8153,1,4971,5054,5003
CTRIA3,8154,1,4971,5053,5054
CTRIA3,8155,1,4986,4995,5055
CTRIA3,8156,1,4986,5055,5038
CTRIA3,8157,1,4984,5056,5022
CTRIA3,8158,1,4985,4996,5057
CTRIA3,8159,1,4976,5000,5058
CTRIA3,8160,1,4976,5058,4977
CTRIA3,8161,1,5017,5030,5059
CTRIA3,8162,1,5017,5059,5052
CTRIA3,8163,1,5001,5046,5034
CTRIA3,8164,1,4967,4999,5060
CTRIA3,8165,1,4967,5060,5061
CTRIA3,8166,1,4967,5061,5002
CTRIA3,8167,1,4988,5034,5062
CTRIA3,8168,1,4992,5011,5063
CTRIA3,8169,1,4992,5063,5050
CTRIA3,8170,1,4994,5064,5044
CTRIA3,8171,1,4993,5005,5065
CTRIA3,8172,1,4991,5066,5053
CTRIA3,8173,1,4990,5035,5067
CTRIA3,8174,1,4990,5067,5033
CTRIA3,8175,1,4999,5018,5060
CTRIA3,8176,1,5003,5054,5045
CTRIA3,8177,1,4997,5068,5007
CTRIA3,8178,1,4998,5026,5069
CTRIA3,8179,1,4977,5058,5070
CTRIA3,8180,1,4977,5070,5012
CTRIA3,8181,1,4995,5016,5071
CTRIA3,8182,1,4995,5071,5055
CTRIA3,8183,1,4996,5040,5057
CTRIA3,8184,1,5030,5072,5059
CTRIA3,8185,1,5031,5051,5073
CTRIA3,8186,1,4989,5006,5074
CTRIA3,8187,1,4989,5074,5048
CTRIA3,8188,1,5044,5064,5075
CTRIA3,8189,1,5044,5075,5023
CTRIA3,8190,1,5005,5024,5076
CTRIA3,8191,1,5005,5076,5077
CTRIA3,8192,1,5005,5077,5065
CTRIA3,8193,1,5013,5078,5035
CTRIA3,8194,1,5014,5038,5079
CTRIA3,8195,1,5015,5033,5080
CTRIA3,8196,1,5009,5032,5081
CTRIA3,8197,1,5010,5082,5000
CTRIA3,8198,1,5011,5083,5063
CTRIA3,8199,1,5008,5007,5084
CTRIA3,8200,1,5008,5085,5042
CTRIA3,8201,1,5008,5084,5085
CTRIA3,8202,1,4987,5043,5086
CTRIA3,8203,1,4987,5086,5087
CTRIA3,8204,1,4987,5087,5025
CTRIA3,8205,1,5022,5056,5088
CTRIA3,8206,1,5022,5088,5027
CTRIA3,8207,1,5019,5048,5089
CTRIA3,8208,1,5019,5089,5020
CTRIA3,8209,1,5018,5090,5060
CTRIA3,8210,1,5020,5089,5091
CTRIA3,8211,1,5021,5002,5092
CTRIA3,8212,1,5007,5068,5093
CTRIA3,8213,1,5007,5093,5084
CTRIA3,8214,1,5035,5078,5067
CTRIA3,8215,1,5032,5050,5094
CTRIA3,8216,1,5032,5094,5081
CTRIA3,8217,1,5026,5025,5095
CTRIA3,8218,1,5026,5095,5069
CTRIA3,8219,1,5034,5046,5096
CTRIA3,8220,1,5034,5096,5062
CTRIA3,8221,1,5002,5061,5097
CTRIA3,8222,1,5002,5097,5092
CTRIA3,8223,1,5000,5082,5098
CTRIA3,8224,1,5000,5098,5058
CTRIA3,8225,1,5038,5055,5099
CTRIA3,8226,1,5038,5099,5079
CTRIA3,8227,1,5025,5087,5095
CTRIA3,8228,1,5037,5036,5100
CTRIA3,8229,1,5041,5101,5039
CTRIA3,8230,1,5042,5085,5102
CTRIA3,8231,1,5043,5103,5086
CTRIA3,8232,1,5050,5063,5104
CTRIA3,8233,1,5050,5104,5094
CTRIA3,8234,1,5033,5067,5105
CTRIA3,8235,1,5033,5105,5080
CTRIA3,8236,1,5036,5027,5106
CTRIA3,8237,1,5036,5106,5100
CTRIA3,8238,1,5046,5047,5107
CTRIA3,8239,1,5046,5107,5096
CTRIA3,8240,1,5039,5101,5108
CTRIA3,8241,1,5039,5108,5040
CTRIA3,8242,1,5045,5054,5109
CTRIA3,8243,1,5045,5109,5110
CTRIA3,8244,1,5027,5088,5111
CTRIA3,8245,1,5027,5111,5106
CTRIA3,8246,1,5054,5053,5112
CTRIA3,8247,1,5054,5112,5109
CTRIA3,8248,1,5056,5113,5088
CTRIA3,8249,1,5057,5040,5114
CTRIA3,8250,1,5055,5071,5115
CTRIA3,8251,1,5055,5115,5099
CTRIA3,8252,1,5053,5066,5116
CTRIA3,8253,1,5053,5116,5112
CTRIA3,8254,1,5060,5090,5117
CTRIA3,8255,1,5060,5117,5061
CTRIA3,8256,1,5048,5074,5118
CTRIA3,8257,1,5048,5118,5089
CTRIA3,8258,1,5063,5083,5119
CTRIA3,8259,1,5063,5119,5104
CTRIA3,8260,1,5065,5077,5120
CTRIA3,8261,1,5064,5121,5122
CTRIA3,8262,1,5064,5122,5075
CTRIA3,8263,1,5062,5096,5123
CTRIA3,8264,1,5058,5098,5124
CTRIA3,8265,1,5058,5125,5070
CTRIA3,8266,1,5058,5124,5125
CTRIA3,8267,1,5067,5078,5126
CTRIA3,8268,1,5067,5126,5105
CTRIA3,8269,1,5068,5127,5093
CTRIA3,8270,1,5069,5095,5128
CTRIA3,8271,1,5085,5084,5129
CTRIA3,8272,1,5085,5129,5102
CTRIA3,8273,1,5040,5108,5130
CTRIA3,8274,1,5040,5130,5114
CTRIA3,8275,1,5094,5104,5131
CTRIA3,8276,1,5094,5131,5081
CTRIA3,8277,1,5078,5132,5126
CTRIA3,8278,1,5079,5099,5133
CTRIA3,8279,1,5084,5093,5134
CTRIA3,8280,1,5084,5134,5129
CTRIA3,8281,1,5080,5105,5135
CTRIA3,8282,1,5071,5136,5115
CTRIA3,8283,1,5089,5118,5137
CTRIA3,8284,1,5089,5137,5091
CTRIA3,8285,1,5081,5131,5138
CTRIA3,8286,1,5082,5139,5098
CTRIA3,8287,1,5061,5117,5140
CTRIA3,8288,1,5061,5140,5097
CTRIA3,8289,1,5083,5141,5119
CTRIA3,8290,1,5070,5125,5142
CTRIA3,8291,1,5088,5113,5143
CTRIA3,8292,1,5088,5143,5111
CTRIA3,8293,1,5090,5144,5117
CTRIA3,8294,1,5091,5137,5145
CTRIA3,8295,1,5092,5097,5146
CTRIA3,8296,1,5074,5147,5148
CTRIA3,8297,1,5074,5148,5118
CTRIA3,8298,1,5086,5103,5149
CTRIA3,8299,1,5086,5149,5150
CTRIA3,8300,1,5086,5150,5087
CTRIA3,8301,1,5095,5087,5151
CTRIA3,8302,1,5095,5151,5128
CTRIA3,8303,1,5075,5122,5152
CTRIA3,8304,1,5076,5153,5077
CTRIA3,8305,1,5096,5107,5154
CTRIA3,8306,1,5096,5154,5155
CTRIA3,8307,1,5096,5155,5123
CTRIA3,8308,1,5104,5119,5156
CTRIA3,8309,1,5104,5156,5131
CTRIA3,8310,1,5099,5115,5157
CTRIA3,8311,1,5099,5157,5133
CTRIA3,8312,1,5093,5127,5158
CTRIA3,8313,1,5093,5158,5134
CTRIA3,8314,1,5100,5106,5159
CTRIA3,8315,1,5101,5160,5108
CTRIA3,8316,1,5102,5129,5161
CTRIA3,8317,1,5098,5139,5162
CTRIA3,8318,1,5098,5162,5124
CTRIA3,8319,1,5087,5150,5163
CTRIA3,8320,1,5087,5163,5151
CTRIA3,8321,1,5110,5109,5164
CTRIA3,8322,1,5107,5165,5154
CTRIA3,8323,1,5105,5126,5166
CTRIA3,8324,1,5105,5166,5135
CTRIA3,8325,1,5109,5112,5167
CTRIA3,8326,1,5109,5167,5164
CTRIA3,8327,1,5106,5111,5168
CTRIA3,8328,1,5106,5168,5159
CTRIA3,8329,1,5112,5116,5169
CTRIA3,8330,1,5112,5169,5167
CTRIA3,8331,1,5113,5170,5143
CTRIA3,8332,1,5114,5130,5171
CTRIA3,8333,1,5125,5124,5172
CTRIA3,8334,1,5125,5172,5142
CTRIA3,8335,1,5115,5136,5173
CTRIA3,8336,1,5115,5173,5157
CTRIA3,8337,1,5097,5140,5174
CTRIA3,8338,1,5097,5174,5146
CTRIA3,8339,1,5119,5141,5175
CTRIA3,8340,1,5119,5175,5156
CTRIA3,8341,1,5117,5144,5176
CTRIA3,8342,1,5117,5176,5140
CTRIA3,8343,1,5131,5156,5177
CTRIA3,8344,1,5131,5177,5138
CTRIA3,8345,1,5118,5148,5178
CTRIA3,8346,1,5118,5178,5137
CTRIA3,8347,1,5108,5160,5179
CTRIA3,8348,1,5108,5179,5130
CTRIA3,8349,1,5129,5134,5180
CTRIA3,8350,1,5129,5180,5161
CTRIA3,8351,1,5120,5077,5181
CTRIA3,8352,1,5111,5143,5182
CTRIA3,8353,1,5111,5182,5168
CTRIA3,8354,1,5121,5183,5122
CTRIA3,8355,1,5123,5155,5184
CTRIA3,8356,1,5116,5185,5169
CTRIA3,8357,1,5127,5186,5158
CTRIA3,8358,1,5128,5151,5187
CTRIA3,8359,1,5126,5132,5188
CTRIA3,8360,1,5126,5188,5166
CTRIA3,8361,1,5077,5153,5189
CTRIA3,8362,1,5077,5189,5181
CTRIA3,8363,1,5124,5162,5190
CTRIA3,8364,1,5124,5190,5172
CTRIA3,8365,1,5143,5170,5182
CTRIA3,8366,1,5132,5191,5188
CTRIA3,8367,1,5133,5157,5192
CTRIA3,8368,1,5133,5192,5193
CTRIA3,8369,1,5135,5166,5194
CTRIA3,8370,1,5136,5195,5173
CTRIA3,8371,1,5134,5158,5196
CTRIA3,8372,1,5134,5196,5180
CTRIA3,8373,1,5137,5178,5197
CTRIA3,8374,1,5137,5197,5145
CTRIA3,8375,1,5138,5177,5198
CTRIA3,8376,1,5139,5199,5162
CTRIA3,8377,1,5141,5200,5175
CTRIA3,8378,1,5142,5172,5201
CTRIA3,8379,1,5154,5165,5202
CTRIA3,8380,1,5154,5202,5155
CTRIA3,8381,1,5144,5203,5176
CTRIA3,8382,1,5145,5197,5204
CTRIA3,8383,1,5146,5174,5205
CTRIA3,8384,1,5147,5206,5148
CTRIA3,8385,1,5130,5179,5207
CTRIA3,8386,1,5130,5207,5171
CTRIA3,8387,1,5156,5175,5208
CTRIA3,8388,1,5156,5208,5177
CTRIA3,8389,1,5140,5176,5209
CTRIA3,8390,1,5140,5209,5174
CTRIA3,8391,1,5152,5122,5210
CTRIA3,8392,1,5153,5211,5189
CTRIA3,8393,1,5151,5163,5212
CTRIA3,8394,1,5151,5212,5187
CTRIA3,8395,1,5157,5173,5213
CTRIA3,8396,1,5157,5213,5192
CTRIA3,8397,1,5155,5202,5214
CTRIA3,8398,1,5155,5214,5184
CTRIA3,8399,1,5159,5168,5215
CTRIA3,8400,1,5159,5215,5216
CTRIA3,8401,1,5160,5217,5179
CTRIA3,8402,1,5160,5218,5217
CTRIA3,8403,1,5148,5206,5219
CTRIA3,8404,1,5148,5219,5178
CTRIA3,8405,1,5161,5180,5220
CTRIA3,8406,1,5149,5221,5150
CTRIA3,8407,1,5158,5186,5222
CTRIA3,8408,1,5158,5222,5196
CTRIA3,8409,1,5169,5185,5223
CTRIA3,8410,1,5169,5223,5167
CTRIA3,8411,1,5122,5183,5224
CTRIA3,8412,1,5122,5224,5210
CTRIA3,8413,1,5162,5199,5225
CTRIA3,8414,1,5162,5225,5190
CTRIA3,8415,1,5168,5182,5226
CTRIA3,8416,1,5168,5226,5215
CTRIA3,8417,1,5179,5217,5227
CTRIA3,8418,1,5179,5227,5207
CTRIA3,8419,1,5172,5190,5228
CTRIA3,8420,1,5172,5228,5201
CTRIA3,8421,1,5164,5167,5229
CTRIA3,8422,1,5165,5230,5202
CTRIA3,8423,1,5170,5231,5182
CTRIA3,8424,1,5171,5207,5232
CTRIA3,8425,1,5177,5208,5233
CTRIA3,8426,1,5177,5233,5198
CTRIA3,8427,1,5150,5221,5234
CTRIA3,8428,1,5150,5235,5163
CTRIA3,8429,1,5150,5234,5235
CTRIA3,8430,1,5176,5203,5236
CTRIA3,8431,1,5176,5236,5209
CTRIA3,8432,1,5175,5200,5237
CTRIA3,8433,1,5175,5237,5208
CTRIA3,8434,1,5167,5223,5238
CTRIA3,8435,1,5167,5238,5229
CTRIA3,8436,1,5163,5235,5212
CTRIA3,8437,1,5181,5189,5239
CTRIA3,8438,1,5183,5240,5224
CTRIA3,8439,1,5180,5196,5241
CTRIA3,8440,1,5180,5241,5220
CTRIA3,8441,1,5173,5195,5242
CTRIA3,8442,1,5173,5242,5213
CTRIA3,8443,1,5184,5214,5243
CTRIA3,8444,1,5185,5244,5223
CTRIA3,8445,1,5166,5188,5245
CTRIA3,8446,1,5166,5245,5246
CTRIA3,8447,1,5166,5246,5194
CTRIA3,8448,1,5178,5219,5247
CTRIA3,8449,1,5178,5247,5197
CTRIA3,8450,1,5186,5248,5222
CTRIA3,8451,1,5187,5212,5249
CTRIA3,8452,1,5182,5231,5250
CTRIA3,8453,1,5182,5250,5226
CTRIA3,8454,1,5192,5213,5251
CTRIA3,8455,1,5192,5251,5193
CTRIA3,8456,1,5188,5191,5252
CTRIA3,8457,1,5188,5252,5245
CTRIA3,8458,1,5207,5227,5253
CTRIA3,8459,1,5207,5253,5232
CTRIA3,8460,1,5202,5230,5254
CTRIA3,8461,1,5202,5254,5214
CTRIA3,8462,1,5198,5233,5255
CTRIA3,8463,1,5199,5256,5225
CTRIA3,8464,1,5190,5225,5257
CTRIA3,8465,1,5190,5257,5228
CTRIA3,8466,1,5200,5258,5237
CTRIA3,8467,1,5201,5228,5259
CTRIA3,8468,1,5174,5209,5260
CTRIA3,8469,1,5174,5261,5205
CTRIA3,8470,1,5174,5260,5261
CTRIA3,8471,1,5196,5222,5262
CTRIA3,8472,1,5196,5262,5241
CTRIA3,8473,1,5189,5211,5263
CTRIA3,8474,1,5189,5263,5239
CTRIA3,8475,1,5203,5264,5236
CTRIA3,8476,1,5204,5197,5265
CTRIA3,8477,1,5206,5266,5219
CTRIA3,8478,1,5208,5237,5267
CTRIA3,8479,1,5208,5267,5233
CTRIA3,8480,1,5197,5247,5268
CTRIA3,8481,1,5197,5268,5265
CTRIA3,8482,1,5209,5236,5269
CTRIA3,8483,1,5209,5269,5260
CTRIA3,8484,1,5210,5224,5270
CTRIA3,8485,1,5211,5271,5263
CTRIA3,8486,1,5226,5250,5272
CTRIA3,8487,1,5226,5272,5215
CTRIA3,8488,1,5214,5254,5273
CTRIA3,8489,1,5214,5273,5243
CTRIA3,8490,1,5217,5218,5274
CTRIA3,8491,1,5217,5275,5227
CTRIA3,8492,1,5217,5274,5275
CTRIA3,8493,1,5223,5244,5276
CTRIA3,8494,1,5223,5276,5238
CTRIA3,8495,1,5215,5272,5277
CTRIA3,8496,1,5215,5277,5216
CTRIA3,8497,1,5220,5241,5278
CTRIA3,8498,1,5221,5279,5234
CTRIA3,8499,1,5222,5248,5280
CTRIA3,8500,1,5222,5280,5262
CTRIA3,8501,1,5213,5242,5281
CTRIA3,8502,1,5213,5281,5251
CTRIA3,8503,1,5219,5266,5282
CTRIA3,8504,1,5219,5282,5247
CTRIA3,8505,1,5224,5240,5283
CTRIA3,8506,1,5224,5283,5270
CTRIA3,8507,1,5236,5264,5269
CTRIA3,8508,1,5212,5235,5284
CTRIA3,8509,1,5212,5284,5249
CTRIA3,8510,1,5231,5285,5250
CTRIA3,8511,1,5232,5253,5286
CTRIA3,8512,1,5228,5257,5287
CTRIA3,8513,1,5228,5287,5259
CTRIA3,8514,1,5235,5234,5288
CTRIA3,8515,1,5235,5288,5284
CTRIA3,8516,1,5229,5238,5289
CTRIA3,8517,1,5230,5290,5254
CTRIA3,8518,1,5227,5275,5253
CTRIA3,8519,1,5225,5256,5291
CTRIA3,8520,1,5225,5291,5257
CTRIA3,8521,1,5233,5267,5292
CTRIA3,8522,1,5233,5292,5255
CTRIA3,8523,1,5239,5263,5293
CTRIA3,8524,1,5240,5294,5283
CTRIA3,8525,1,5243,5273,5295
CTRIA3,8526,1,5247,5282,5296
CTRIA3,8527,1,5247,5296,5268
CTRIA3,8528,1,5244,5297,5276
CTRIA3,8529,1,5248,5298,5280
CTRIA3,8530,1,5249,5284,5299
CTRIA3,8531,1,5241,5262,5300
CTRIA3,8532,1,5241,5300,5278
CTRIA3,8533,1,5234,5279,5301
CTRIA3,8534,1,5234,5301,5288
CTRIA3,8535,1,5250,5285,5302
CTRIA3,8536,1,5250,5302,5272
CTRIA3,8537,1,5238,5276,5303
CTRIA3,8538,1,5238,5303,5289
CTRIA3,8539,1,5237,5258,5304
CTRIA3,8540,1,5237,5305,5267
CTRIA3,8541,1,5237,5304,5305
CTRIA3,8542,1,5245,5252,5306
CTRIA3,8543,1,5245,5307,5246
CTRIA3,8544,1,5245,5306,5307
CTRIA3,8545,1,5252,5308,5306
CTRIA3,8546,1,5251,5281,5309
CTRIA3,8547,1,5242,5310,5281
CTRIA3,8548,1,5254,5290,5311
CTRIA3,8549,1,5254,5311,5273
CTRIA3,8550,1,5253,5275,5312
CTRIA3,8551,1,5253,5312,5286
CTRIA3,8552,1,5255,5292,5313
CTRIA3,8553,1,5256,5314,5291
CTRIA3,8554,1,5259,5287,5315
CTRIA3,8555,1,5263,5271,5316
CTRIA3,8556,1,5263,5316,5293
CTRIA3,8557,1,5267,5305,5292
CTRIA3,8558,1,5264,5317,5269
CTRIA3,8559,1,5265,5268,5318
CTRIA3,8560,1,5257,5291,5319
CTRIA3,8561,1,5257,5319,5287
CTRIA3,8562,1,5261,5260,5320
CTRIA3,8563,1,5261,5320,5321
CTRIA3,8564,1,5266,5322,5323
CTRIA3,8565,1,5266,5323,5282
CTRIA3,8566,1,5262,5280,5324
CTRIA3,8567,1,5262,5324,5300
CTRIA3,8568,1,5272,5302,5325
CTRIA3,8569,1,5272,5325,5277
CTRIA3,8570,1,5260,5269,5326
CTRIA3,8571,1,5260,5326,5320
CTRIA3,8572,1,5273,5311,5327
CTRIA3,8573,1,5273,5327,5295
CTRIA3,8574,1,5283,5294,5328
CTRIA3,8575,1,5283,5328,5270
CTRIA3,8576,1,5270,5328,5329
CTRIA3,8577,1,5271,5330,5316
CTRIA3,8578,1,5276,5297,5331
CTRIA3,8579,1,5276,5331,5303
CTRIA3,8580,1,5268,5296,5332
CTRIA3,8581,1,5268,5332,5318
CTRIA3,8582,1,5275,5274,5333
CTRIA3,8583,1,5275,5333,5312
CTRIA3,8584,1,5288,5301,5334
CTRIA3,8585,1,5288,5334,5284
CTRIA3,8586,1,5269,5317,5335
CTRIA3,8587,1,5269,5335,5326
CTRIA3,8588,1,5281,5310,5336
CTRIA3,8589,1,5281,5336,5309
CTRIA3,8590,1,5277,5325,5337
CTRIA3,8591,1,5274,5338,5333
CTRIA3,8592,1,5282,5323,5339
CTRIA3,8593,1,5282,5339,5296
CTRIA3,8594,1,5278,5300,5340
CTRIA3,8595,1,5279,5341,5301
CTRIA3,8596,1,5284,5334,5342
CTRIA3,8597,1,5284,5342,5299
CTRIA3,8598,1,5280,5298,5343
CTRIA3,8599,1,5280,5343,5324
CTRIA3,8600,1,5287,5319,5315
CTRIA3,8601,1,5285,5344,5302
CTRIA3,8602,1,5286,5312,5345
CTRIA3,8603,1,5289,5303,5346
CTRIA3,8604,1,5290,5347,5348
CTRIA3,8605,1,5290,5348,5311
CTRIA3,8606,1,5296,5339,5332
CTRIA3,8607,1,5293,5316,5349
CTRIA3,8608,1,5294,5350,5328
CTRIA3,8609,1,5298,5351,5343
CTRIA3,8610,1,5299,5342,5352
CTRIA3,8611,1,5295,5327,5353
CTRIA3,8612,1,5297,5354,5331
CTRIA3,8613,1,5311,5348,5327
CTRIA3,8614,1,5301,5341,5355
CTRIA3,8615,1,5301,5355,5334
CTRIA3,8616,1,5302,5344,5356
CTRIA3,8617,1,5302,5356,5325
CTRIA3,8618,1,5291,5314,5357
CTRIA3,8619,1,5291,5357,5358
CTRIA3,8620,1,5291,5358,5319
CTRIA3,8621,1,5308,5359,5306
CTRIA3,8622,1,5309,5336,5360
CTRIA3,8623,1,5307,5306,5361
CTRIA3,8624,1,5310,5362,5336
CTRIA3,8625,1,5292,5305,5363
CTRIA3,8626,1,5292,5363,5364
CTRIA3,8627,1,5292,5364,5313
CTRIA3,8628,1,5306,5359,5365
CTRIA3,8629,1,5306,5365,5361
CTRIA3,8630,1,5303,5331,5366
CTRIA3,8631,1,5303,5366,5346
CTRIA3,8632,1,5300,5324,5367
CTRIA3,8633,1,5300,5368,5340
CTRIA3,8634,1,5300,5367,5368
CTRIA3,8635,1,5312,5333,5369
CTRIA3,8636,1,5312,5369,5345
CTRIA3,8637,1,5305,5304,5370
CTRIA3,8638,1,5305,5370,5363
CTRIA3,8639,1,5304,5371,5370
CTRIA3,8640,1,5315,5319,5372
CTRIA3,8641,1,5316,5330,5373
CTRIA3,8642,1,5316,5373,5349
CTRIA3,8643,1,5328,5350,5374
CTRIA3,8644,1,5328,5374,5329
CTRIA3,8645,1,5334,5355,5375
CTRIA3,8646,1,5334,5375,5342
CTRIA3,8647,1,5317,5376,5335
CTRIA3,8648,1,5318,5332,5377
CTRIA3,8649,1,5321,5320,5378
CTRIA3,8650,1,5322,5379,5323
CTRIA3,8651,1,5324,5343,5380
CTRIA3,8652,1,5324,5380,5367
CTRIA3,8653,1,5319,5358,5372
CTRIA3,8654,1,5336,5362,5381
CTRIA3,8655,1,5336,5381,5360
CTRIA3,8656,1,5320,5326,5382
CTRIA3,8657,1,5320,5382,5378
CTRIA3,8658,1,5323,5379,5383
CTRIA3,8659,1,5323,5383,5339
CTRIA3,8660,1,5327,5348,5384
CTRIA3,8661,1,5327,5384,5353
CTRIA3,8662,1,5331,5354,5385
CTRIA3,8663,1,5331,5385,5366
CTRIA3,8664,1,5342,5375,5386
CTRIA3,8665,1,5342,5386,5352
CTRIA3,8666,1,5343,5351,5380
CTRIA3,8667,1,5329,5374,5387
CTRIA3,8668,1,5330,5388,5373
CTRIA3,8669,1,5325,5356,5389
CTRIA3,8670,1,5325,5390,5337
CTRIA3,8671,1,5325,5389,5390
CTRIA3,8672,1,5326,5335,5391
CTRIA3,8673,1,5326,5391,5382
CTRIA3,8674,1,5332,5339,5392
CTRIA3,8675,1,5332,5392,5377
CTRIA3,8676,1,5333,5338,5393
CTRIA3,8677,1,5333,5393,5394
CTRIA3,8678,1,5333,5394,5369
CTRIA3,8679,1,5339,5383,5392
CTRIA3,8680,1,5340,5368,5395
CTRIA3,8681,1,5341,5396,5355
CTRIA3,8682,1,5344,5397,5356
CTRIA3,8683,1,5345,5369,5398
CTRIA3,8684,1,5335,5376,5399
CTRIA3,8685,1,5335,5399,5391
CTRIA3,8686,1,5346,5366,5400
CTRIA3,8687,1,5346,5400,5401
CTRIA3,8688,1,5347,5402,5348
CTRIA3,8689,1,5347,5403,5402
CTRIA3,8690,1,5348,5404,5384
CTRIA3,8691,1,5348,5402,5404
CTRIA3,8692,1,5349,5373,5405
CTRIA3,8693,1,5350,5406,5374
CTRIA3,8694,1,5356,5397,5389
CTRIA3,8695,1,5351,5407,5380
CTRIA3,8696,1,5352,5386,5408
CTRIA3,8697,1,5355,5396,5409
CTRIA3,8698,1,5355,5409,5375
CTRIA3,8699,1,5353,5384,5410
CTRIA3,8700,1,5354,5411,5385
CTRIA3,8701,1,5359,5412,5365
CTRIA3,8702,1,5360,5381,5413
CTRIA3,8703,1,5361,5365,5414
CTRIA3,8704,1,5362,5415,5381
CTRIA3,8705,1,5366,5385,5416
CTRIA3,8706,1,5366,5416,5417
CTRIA3,8707,1,5366,5417,5400
CTRIA3,8708,1,5369,5394,5418
CTRIA3,8709,1,5369,5418,5398
CTRIA3,8710,1,5368,5367,5419
CTRIA3,8711,1,5368,5419,5395
CTRIA3,8712,1,5374,5406,5420
CTRIA3,8713,1,5374,5420,5387
CTRIA3,8714,1,5370,5371,5421
CTRIA3,8715,1,5370,5422,5363
CTRIA3,8716,1,5370,5421,5422
CTRIA3,8717,1,5375,5409,5423
CTRIA3,8718,1,5375,5423,5386
CTRIA3,8719,1,5363,5422,5424
CTRIA3,8720,1,5363,5424,5364
CTRIA3,8721,1,5367,5380,5425
CTRIA3,8722,1,5367,5425,5419
CTRIA3,8723,1,5357,5426,5358
CTRIA3,8724,1,5357,5427,5426
CTRIA3,8725,1,5372,5358,5428
CTRIA3,8726,1,5372,5428,5429
CTRIA3,8727,1,5358,5426,5428
CTRIA3,8728,1,5373,5388,5430
CTRIA3,8729,1,5373,5430,5405
CTRIA3,8730,1,5365,5412,5431
CTRIA3,8731,1,5365,5431,5414
CTRIA3,8732,1,5380,5407,5425
CTRIA3,8733,1,5386,5423,5408
CTRIA3,8734,1,5385,5432,5416
CTRIA3,8735,1,5385,5411,5432
CTRIA3,8736,1,5381,5433,5413
CTRIA3,8737,1,5381,5415,5433
CTRIA3,8738,1,5384,5404,5434
CTRIA3,8739,1,5384,5434,5410
CTRIA3,8740,1,5376,5435,5399
CTRIA3,8741,1,5377,5392,5436
CTRIA3,8742,1,5377,5436,5437
CTRIA3,8743,1,5378,5382,5438
CTRIA3,8744,1,5379,5439,5383
CTRIA3,8745,1,5379,5440,5439
CTRIA3,8746,1,5383,5439,5441
CTRIA3,8747,1,5383,5441,5392
CTRIA3,8748,1,5392,5441,5436
CTRIA3,8749,1,5382,5391,5442
CTRIA3,8750,1,5382,5442,5438
CTRIA3,8751,1,5391,5399,5443
CTRIA3,8752,1,5391,5443,5442
CTRIA3,8753,1,5387,5420,5444
CTRIA3,8754,1,5388,5445,5430
CTRIA3,8755,1,5416,5446,5417
CTRIA3,8756,1,5416,5432,5446
CTRIA3,8757,1,5390,5389,5447
CTRIA3,8758,1,5393,5448,5394
CTRIA3,8759,1,5389,5397,5449
CTRIA3,8760,1,5389,5449,5450
CTRIA3,8761,1,5389,5450,5447
CTRIA3,8762,1,5395,5419,5451
CTRIA3,8763,1,5396,5452,5409
CTRIA3,8764,1,5398,5418,5453
CTRIA3,8765,1,5394,5448,5454
CTRIA3,8766,1,5394,5454,5418
CTRIA3,8767,1,5399,5435,5455
CTRIA3,8768,1,5399,5455,5443
CTRIA3,8769,1,5401,5456,5457
CTRIA3,8770,1,5401,5457,5458
CTRIA3,8771,1,5456,5459,5460
CTRIA3,8772,1,5456,5460,5457
CTRIA3,8773,1,5461,5403,5462
CTRIA3,8774,1,5461,5463,5464
CTRIA3,8775,1,5461,5462,5463
CTRIA3,8776,1,5403,5465,5462
CTRIA3,8777,1,5405,5430,5466
CTRIA3,8778,1,5406,5467,5420
CTRIA3,8779,1,5464,5468,5410
CTRIA3,8780,1,5464,5463,5468
CTRIA3,8781,1,5459,5411,5469
CTRIA3,8782,1,5459,5469,5460
CTRIA3,8783,1,5409,5452,5470
CTRIA3,8784,1,5409,5470,5423
CTRIA3,8785,1,5407,5471,5425
CTRIA3,8786,1,5408,5423,5472
CTRIA3,8787,1,5408,5472,5473
CTRIA3,8788,1,5419,5425,5474
CTRIA3,8789,1,5419,5474,5451
CTRIA3,8790,1,5418,5454,5453
CTRIA3,8791,1,5422,5421,5475
CTRIA3,8792,1,5422,5476,5424
CTRIA3,8793,1,5422,5475,5476
CTRIA3,8794,1,5423,5470,5472
CTRIA3,8795,1,5412,5477,5431
CTRIA3,8796,1,5412,5478,5431
CTRIA3,8797,1,5479,5480,5481
CTRIA3,8798,1,5480,5482,5483
CTRIA3,8799,1,5480,5483,5484
CTRIA3,8800,1,5480,5484,5481
CTRIA3,8801,1,5431,5485,5414
CTRIA3,8802,1,5431,5477,5486
CTRIA3,8803,1,5431,5486,5485
CTRIA3,8804,1,5431,5478,5487
CTRIA3,8805,1,5431,5488,5414
CTRIA3,8806,1,5431,5487,5488
CTRIA3,8807,1,5485,5486,5489
CTRIA3,8808,1,5477,5490,5486
CTRIA3,8809,1,5486,5490,5491
CTRIA3,8810,1,5486,5491,5489
CTRIA3,8811,1,5489,5491,5492
CTRIA3,8812,1,5490,5493,5491
CTRIA3,8813,1,5491,5493,5494
CTRIA3,8814,1,5491,5494,5492
CTRIA3,8815,1,5492,5494,5495
CTRIA3,8816,1,5493,5496,5494
CTRIA3,8817,1,5494,5496,5497
CTRIA3,8818,1,5494,5497,5495
CTRIA3,8819,1,5495,5497,5498
CTRIA3,8820,1,5496,5499,5497
CTRIA3,8821,1,5497,5499,5500
CTRIA3,8822,1,5497,5500,5498
CTRIA3,8823,1,5498,5500,5501
CTRIA3,8824,1,5499,5502,5500
CTRIA3,8825,1,5500,5502,5503
CTRIA3,8826,1,5500,5504,5501
CTRIA3,8827,1,5500,5503,5504
CTRIA3,8828,1,5501,5504,5505
CTRIA3,8829,1,5502,5506,5503
CTRIA3,8830,1,5504,5503,5507
CTRIA3,8831,1,5504,5507,5505
CTRIA3,8832,1,5503,5506,5508
CTRIA3,8833,1,5503,5508,5507
CTRIA3,8834,1,5505,5507,5509
CTRIA3,8835,1,5506,5510,5508
CTRIA3,8836,1,5507,5508,5511
CTRIA3,8837,1,5507,5512,5509
CTRIA3,8838,1,5507,5511,5512
CTRIA3,8839,1,5508,5510,5513
CTRIA3,8840,1,5508,5513,5511
CTRIA3,8841,1,5509,5512,5514
CTRIA3,8842,1,5510,5515,5513
CTRIA3,8843,1,5512,5511,5516
CTRIA3,8844,1,5512,5516,5514
CTRIA3,8845,1,5511,5513,5517
CTRIA3,8846,1,5511,5517,5516
CTRIA3,8847,1,5513,5515,5518
CTRIA3,8848,1,5513,5518,5517
CTRIA3,8849,1,5514,5516,5519
CTRIA3,8850,1,5515,5520,5518
CTRIA3,8851,1,5516,5517,5521
CTRIA3,8852,1,5516,5521,5519
CTRIA3,8853,1,5517,5518,5521
CTRIA3,8854,1,5519,5521,5522
CTRIA3,8855,1,5518,5520,5523
CTRIA3,8856,1,5518,5523,5524
CTRIA3,8857,1,5518,5524,5521
CTRIA3,8858,1,5521,5524,5525
CTRIA3,8859,1,5521,5525,5522
CTRIA3,8860,1,5522,5525,5526
CTRIA3,8861,1,5523,5527,5524
CTRIA3,8862,1,5523,5528,5527
CTRIA3,8863,1,5524,5527,5529
CTRIA3,8864,1,5524,5529,5525
CTRIA3,8865,1,5525,5529,5530
CTRIA3,8866,1,5525,5530,5526
CTRIA3,8867,1,5526,5530,5531
CTRIA3,8868,1,5527,5528,5532
CTRIA3,8869,1,5527,5532,5529
CTRIA3,8870,1,5529,5532,5533
CTRIA3,8871,1,5529,5533,5534
CTRIA3,8872,1,5529,5534,5530
CTRIA3,8873,1,5531,5530,5535
CTRIA3,8874,1,5531,5535,5536
CTRIA3,8875,1,5530,5534,5537
CTRIA3,8876,1,5530,5537,5535
CTRIA3,8877,1,5532,5538,5533
CTRIA3,8878,1,5533,5538,5539
CTRIA3,8879,1,5533,5539,5534
CTRIA3,8880,1,5536,5535,5540
CTRIA3,8881,1,5534,5539,5541
CTRIA3,8882,1,5534,5541,5537
CTRIA3,8883,1,5535,5537,5542
CTRIA3,8884,1,5535,5542,5540
CTRIA3,8885,1,5538,5543,5539
CTRIA3,8886,1,5537,5541,5542
CTRIA3,8887,1,5540,5542,5544
CTRIA3,8888,1,5543,5545,5539
CTRIA3,8889,1,5539,5545,5546
CTRIA3,8890,1,5539,5546,5541
CTRIA3,8891,1,5541,5547,5542
CTRIA3,8892,1,5541,5546,5547
CTRIA3,8893,1,5542,5547,5548
CTRIA3,8894,1,5542,5548,5544
CTRIA3,8895,1,5544,5548,5549
CTRIA3,8896,1,5545,5550,5546
CTRIA3,8897,1,5545,5551,5550
CTRIA3,8898,1,5547,5546,5552
CTRIA3,8899,1,5547,5553,5548
CTRIA3,8900,1,5547,5552,5553
CTRIA3,8901,1,5546,5550,5554
CTRIA3,8902,1,5546,5554,5552
CTRIA3,8903,1,5548,5553,5555
CTRIA3,8904,1,5548,5555,5549
CTRIA3,8905,1,5549,5555,5556
CTRIA3,8906,1,5550,5551,5557
CTRIA3,8907,1,5550,5557,5554
CTRIA3,8908,1,5551,5558,5557
CTRIA3,8909,1,5553,5552,5559
CTRIA3,8910,1,5553,5559,5560
CTRIA3,8911,1,5553,5560,5555
CTRIA3,8912,1,5552,5554,5561
CTRIA3,8913,1,5552,5561,5559
CTRIA3,8914,1,5555,5560,5556
CTRIA3,8915,1,5554,5557,5562
CTRIA3,8916,1,5554,5563,5561
CTRIA3,8917,1,5554,5562,5563
CTRIA3,8918,1,5556,5560,5564
CTRIA3,8919,1,5556,5564,5565
CTRIA3,8920,1,5557,5558,5566
CTRIA3,8921,1,5557,5566,5562
CTRIA3,8922,1,5558,5567,5566
CTRIA3,8923,1,5559,5561,5568
CTRIA3,8924,1,5559,5569,5560
CTRIA3,8925,1,5559,5568,5569
CTRIA3,8926,1,5560,5569,5564
CTRIA3,8927,1,5561,5563,5568
CTRIA3,8928,1,5458,5570,5571
CTRIA3,8929,1,5458,5571,5572
CTRIA3,8930,1,5570,5573,5571
CTRIA3,8931,1,5573,5469,5574
CTRIA3,8932,1,5573,5574,5575
CTRIA3,8933,1,5573,5575,5571
CTRIA3,8934,1,5565,5564,5576
CTRIA3,8935,1,5565,5576,5577
CTRIA3,8936,1,5564,5569,5576
CTRIA3,8937,1,5569,5568,5578
CTRIA3,8938,1,5569,5578,5576
CTRIA3,8939,1,5568,5563,5579
CTRIA3,8940,1,5568,5579,5578
CTRIA3,8941,1,5563,5562,5580
CTRIA3,8942,1,5563,5580,5579
CTRIA3,8943,1,5562,5566,5581
CTRIA3,8944,1,5562,5581,5580
CTRIA3,8945,1,5566,5567,5582
CTRIA3,8946,1,5566,5582,5581
CTRIA3,8947,1,5567,5583,5582
CTRIA3,8948,1,5576,5578,5584
CTRIA3,8949,1,5576,5584,5577
CTRIA3,8950,1,5583,5585,5586
CTRIA3,8951,1,5583,5586,5582
CTRIA3,8952,1,5580,5581,5587
CTRIA3,8953,1,5580,5587,5579
CTRIA3,8954,1,5577,5584,5588
CTRIA3,8955,1,5581,5582,5589
CTRIA3,8956,1,5581,5589,5587
CTRIA3,8957,1,5582,5586,5589
CTRIA3,8958,1,5578,5579,5590
CTRIA3,8959,1,5578,5590,5591
CTRIA3,8960,1,5578,5591,5584
CTRIA3,8961,1,5579,5587,5592
CTRIA3,8962,1,5579,5592,5590
CTRIA3,8963,1,5584,5591,5593
CTRIA3,8964,1,5584,5593,5588
CTRIA3,8965,1,5585,5594,5595
CTRIA3,8966,1,5585,5595,5586
CTRIA3,8967,1,5587,5589,5596
CTRIA3,8968,1,5587,5596,5592
CTRIA3,8969,1,5586,5595,5597
CTRIA3,8970,1,5586,5597,5589
CTRIA3,8971,1,5590,5592,5598
CTRIA3,8972,1,5590,5598,5591
CTRIA3,8973,1,5588,5593,5599
CTRIA3,8974,1,5589,5597,5600
CTRIA3,8975,1,5589,5600,5596
CTRIA3,8976,1,5591,5601,5593
CTRIA3,8977,1,5591,5598,5601
CTRIA3,8978,1,5593,5601,5599
CTRIA3,8979,1,5592,5596,5602
CTRIA3,8980,1,5592,5602,5598
CTRIA3,8981,1,5594,5603,5595
CTRIA3,8982,1,5595,5603,5604
CTRIA3,8983,1,5595,5604,5597
CTRIA3,8984,1,5596,5600,5605
CTRIA3,8985,1,5596,5605,5602
CTRIA3,8986,1,5597,5604,5606
CTRIA3,8987,1,5597,5606,5600
CTRIA3,8988,1,5599,5601,5607
CTRIA3,8989,1,5599,5607,5608
CTRIA3,8990,1,5601,5598,5609
CTRIA3,8991,1,5601,5609,5607
CTRIA3,8992,1,5598,5602,5610
CTRIA3,8993,1,5598,5610,5609
CTRIA3,8994,1,5600,5606,5611
CTRIA3,8995,1,5600,5611,5605
CTRIA3,8996,1,5603,5612,5604
CTRIA3,8997,1,5603,5613,5612
CTRIA3,8998,1,5604,5612,5614
CTRIA3,8999,1,5604,5614,5606
CTRIA3,9000,1,5602,5605,5615
CTRIA3,9001,1,5602,5615,5610
CTRIA3,9002,1,5607,5609,5616
CTRIA3,9003,1,5607,5617,5608
CTRIA3,9004,1,5607,5616,5617
CTRIA3,9005,1,5608,5617,5618
CTRIA3,9006,1,5605,5611,5619
CTRIA3,9007,1,5605,5619,5615
CTRIA3,9008,1,5609,5610,5620
CTRIA3,9009,1,5609,5620,5616
CTRIA3,9010,1,5606,5614,5621
CTRIA3,9011,1,5606,5621,5611
CTRIA3,9012,1,5612,5613,5622
CTRIA3,9013,1,5612,5622,5614
CTRIA3,9014,1,5610,5615,5623
CTRIA3,9015,1,5610,5623,5624
CTRIA3,9016,1,5610,5624,5620
CTRIA3,9017,1,5613,5625,5622
CTRIA3,9018,1,5611,5621,5626
CTRIA3,9019,1,5611,5626,5619
CTRIA3,9020,1,5614,5622,5627
CTRIA3,9021,1,5614,5627,5621
CTRIA3,9022,1,5617,5616,5628
CTRIA3,9023,1,5617,5628,5618
CTRIA3,9024,1,5615,5619,5629
CTRIA3,9025,1,5615,5629,5623
CTRIA3,9026,1,5616,5620,5630
CTRIA3,9027,1,5616,5630,5628
CTRIA3,9028,1,5619,5626,5629
CTRIA3,9029,1,5620,5624,5630
CTRIA3,9030,1,5618,5628,5631
CTRIA3,9031,1,5622,5625,5632
CTRIA3,9032,1,5622,5632,5627
CTRIA3,9033,1,5621,5627,5633
CTRIA3,9034,1,5621,5633,5634
CTRIA3,9035,1,5621,5634,5626
CTRIA3,9036,1,5627,5632,5633
CTRIA3,9037,1,5623,5629,5635
CTRIA3,9038,1,5623,5636,5624
CTRIA3,9039,1,5623,5635,5636
CTRIA3,9040,1,5628,5630,5637
CTRIA3,9041,1,5628,5637,5631
CTRIA3,9042,1,5626,5638,5629
CTRIA3,9043,1,5626,5634,5638
CTRIA3,9044,1,5625,5639,5632
CTRIA3,9045,1,5629,5638,5635
CTRIA3,9046,1,5624,5636,5640
CTRIA3,9047,1,5624,5640,5630
CTRIA3,9048,1,5630,5640,5641
CTRIA3,9049,1,5630,5641,5637
CTRIA3,9050,1,5632,5639,5642
CTRIA3,9051,1,5632,5642,5633
CTRIA3,9052,1,5631,5637,5643
CTRIA3,9053,1,5636,5635,5644
CTRIA3,9054,1,5636,5644,5640
CTRIA3,9055,1,5635,5638,5645
CTRIA3,9056,1,5635,5645,5644
CTRIA3,9057,1,5633,5642,5646
CTRIA3,9058,1,5633,5646,5634
CTRIA3,9059,1,5638,5634,5647
CTRIA3,9060,1,5638,5647,5645
CTRIA3,9061,1,5634,5646,5647
CTRIA3,9062,1,5639,5648,5642
CTRIA3,9063,1,5637,5641,5649
CTRIA3,9064,1,5637,5649,5643
CTRIA3,9065,1,5640,5644,5650
CTRIA3,9066,1,5640,5650,5641
CTRIA3,9067,1,5642,5648,5651
CTRIA3,9068,1,5642,5651,5646
CTRIA3,9069,1,5644,5645,5652
CTRIA3,9070,1,5644,5652,5650
CTRIA3,9071,1,5643,5649,5653
CTRIA3,9072,1,5645,5647,5654
CTRIA3,9073,1,5645,5654,5652
CTRIA3,9074,1,5641,5650,5655
CTRIA3,9075,1,5641,5655,5649
CTRIA3,9076,1,5647,5646,5656
CTRIA3,9077,1,5647,5656,5654
CTRIA3,9078,1,5646,5651,5657
CTRIA3,9079,1,5646,5657,5656
CTRIA3,9080,1,5648,5658,5651
CTRIA3,9081,1,5651,5658,5657
CTRIA3,9082,1,5650,5652,5659
CTRIA3,9083,1,5650,5659,5655
CTRIA3,9084,1,5649,5655,5660
CTRIA3,9085,1,5649,5660,5653
CTRIA3,9086,1,5652,5654,5661
CTRIA3,9087,1,5652,5661,5659
CTRIA3,9088,1,5654,5656,5662
CTRIA3,9089,1,5654,5662,5661
CTRIA3,9090,1,5658,5663,5657
CTRIA3,9091,1,5656,5657,5664
CTRIA3,9092,1,5656,5664,5665
CTRIA3,9093,1,5656,5665,5662
CTRIA3,9094,1,5657,5663,5664
CTRIA3,9095,1,5655,5659,5666
CTRIA3,9096,1,5655,5666,5667
CTRIA3,9097,1,5655,5667,5660
CTRIA3,9098,1,5659,5661,5668
CTRIA3,9099,1,5659,5668,5666
CTRIA3,9100,1,5661,5662,5669
CTRIA3,9101,1,5661,5669,5668
CTRIA3,9102,1,5660,5667,5670
CTRIA3,9103,1,5662,5665,5671
CTRIA3,9104,1,5662,5671,5669
CTRIA3,9105,1,5663,5672,5664
CTRIA3,9106,1,5664,5672,5673
CTRIA3,9107,1,5664,5673,5665
CTRIA3,9108,1,5665,5673,5671
CTRIA3,9109,1,5468,5674,5675
CTRIA3,9110,1,5672,5676,5673
CTRIA3,9111,1,5673,5676,5677
CTRIA3,9112,1,5673,5677,5671
CTRIA3,9113,1,5671,5678,5669
CTRIA3,9114,1,5671,5677,5678
CTRIA3,9115,1,5669,5678,5668
CTRIA3,9116,1,5668,5678,5679
CTRIA3,9117,1,5668,5679,5666
CTRIA3,9118,1,5666,5680,5667
CTRIA3,9119,1,5666,5679,5680
CTRIA3,9120,1,5667,5681,5670
CTRIA3,9121,1,5667,5680,5681
CTRIA3,9122,1,5674,5682,5683
CTRIA3,9123,1,5674,5684,5675
CTRIA3,9124,1,5674,5683,5684
CTRIA3,9125,1,5682,5465,5683
CTRIA3,9126,1,5465,5685,5683
CTRIA3,9127,1,5676,5686,5677
CTRIA3,9128,1,5678,5677,5687
CTRIA3,9129,1,5678,5687,5688
CTRIA3,9130,1,5678,5688,5679
CTRIA3,9131,1,5677,5686,5687
CTRIA3,9132,1,5681,5680,5689
CTRIA3,9133,1,5680,5679,5690
CTRIA3,9134,1,5680,5690,5689
CTRIA3,9135,1,5679,5688,5690
CTRIA3,9136,1,5686,5691,5687
CTRIA3,9137,1,5689,5690,5692
CTRIA3,9138,1,5689,5692,5693
CTRIA3,9139,1,5690,5688,5694
CTRIA3,9140,1,5690,5694,5692
CTRIA3,9141,1,5687,5691,5695
CTRIA3,9142,1,5687,5695,5688
CTRIA3,9143,1,5688,5695,5696
CTRIA3,9144,1,5688,5696,5694
CTRIA3,9145,1,5691,5697,5695
CTRIA3,9146,1,5692,5694,5698
CTRIA3,9147,1,5692,5698,5699
CTRIA3,9148,1,5692,5699,5693
CTRIA3,9149,1,5694,5696,5698
CTRIA3,9150,1,5695,5697,5700
CTRIA3,9151,1,5695,5700,5701
CTRIA3,9152,1,5695,5701,5696
CTRIA3,9153,1,5698,5696,5702
CTRIA3,9154,1,5698,5703,5699
CTRIA3,9155,1,5698,5702,5703
CTRIA3,9156,1,5696,5701,5704
CTRIA3,9157,1,5696,5704,5702
CTRIA3,9158,1,5700,5705,5701
CTRIA3,9159,1,5701,5705,5706
CTRIA3,9160,1,5701,5706,5704
CTRIA3,9161,1,5703,5702,5707
CTRIA3,9162,1,5702,5704,5708
CTRIA3,9163,1,5702,5708,5707
CTRIA3,9164,1,5704,5706,5709
CTRIA3,9165,1,5704,5709,5708
CTRIA3,9166,1,5705,5710,5706
CTRIA3,9167,1,5707,5708,5711
CTRIA3,9168,1,5706,5710,5712
CTRIA3,9169,1,5706,5712,5709
CTRIA3,9170,1,5708,5709,5713
CTRIA3,9171,1,5708,5713,5711
CTRIA3,9172,1,5710,5714,5712
CTRIA3,9173,1,5709,5712,5715
CTRIA3,9174,1,5709,5715,5713
CTRIA3,9175,1,5711,5713,5716
CTRIA3,9176,1,5713,5715,5717
CTRIA3,9177,1,5713,5717,5716
CTRIA3,9178,1,5712,5714,5718
CTRIA3,9179,1,5712,5718,5715
CTRIA3,9180,1,5714,5719,5718
CTRIA3,9181,1,5716,5717,5720
CTRIA3,9182,1,5715,5718,5721
CTRIA3,9183,1,5715,5721,5717
CTRIA3,9184,1,5717,5721,5722
CTRIA3,9185,1,5717,5722,5720
CTRIA3,9186,1,5718,5719,5723
CTRIA3,9187,1,5718,5723,5721
CTRIA3,9188,1,5720,5722,5724
CTRIA3,9189,1,5721,5723,5725
CTRIA3,9190,1,5721,5725,5722
CTRIA3,9191,1,5722,5725,5726
CTRIA3,9192,1,5722,5726,5724
CTRIA3,9193,1,5723,5727,5725
CTRIA3,9194,1,5725,5727,5728
CTRIA3,9195,1,5725,5728,5729
CTRIA3,9196,1,5725,5730,5726
CTRIA3,9197,1,5725,5729,5730
CTRIA3,9198,1,5727,5731,5728
CTRIA3,9199,1,5726,5730,5732
CTRIA3,9200,1,5728,5731,5733
CTRIA3,9201,1,5728,5733,5729
CTRIA3,9202,1,5731,5734,5733
CTRIA3,9203,1,5730,5729,5735
CTRIA3,9204,1,5730,5736,5732
CTRIA3,9205,1,5730,5735,5736
CTRIA3,9206,1,5729,5733,5737
CTRIA3,9207,1,5729,5737,5735
CTRIA3,9208,1,5733,5734,5737
CTRIA3,9209,1,5734,5738,5737
CTRIA3,9210,1,5736,5735,5739
CTRIA3,9211,1,5735,5737,5740
CTRIA3,9212,1,5735,5740,5739
CTRIA3,9213,1,5737,5738,5740
CTRIA3,9214,1,5740,5738,5741
CTRIA3,9215,1,5740,5741,5739
CTRIA3,9216,1,5738,5742,5741
CTRIA3,9217,1,5739,5741,5743
CTRIA3,9218,1,5741,5742,5744
CTRIA3,9219,1,5741,5744,5743
CTRIA3,9220,1,5742,5745,5744
CTRIA3,9221,1,5743,5744,5746
CTRIA3,9222,1,5744,5745,5747
CTRIA3,9223,1,5744,5747,5746
CTRIA3,9224,1,5745,5748,5747
CTRIA3,9225,1,5746,5747,5749
CTRIA3,9226,1,5747,5748,5750
CTRIA3,9227,1,5747,5750,5749
CTRIA3,9228,1,5748,5751,5750
CTRIA3,9229,1,5749,5750,5752
CTRIA3,9230,1,5750,5751,5753
CTRIA3,9231,1,5750,5753,5752
CTRIA3,9232,1,5751,5413,5753
CTRIA3,9233,1,5752,5753,5415
CTRIA3,9234,1,5753,5413,5433
CTRIA3,9235,1,5753,5433,5415
CTRIA3,9236,1,5413,5433,5754
CTRIA3,9237,1,5413,5754,5755
CTRIA3,9238,1,5756,5757,5758
CTRIA3,9239,1,5758,5757,5759
CTRIA3,9240,1,5758,5760,5761
CTRIA3,9241,1,5758,5759,5760
CTRIA3,9242,1,5433,5415,5762
CTRIA3,9243,1,5433,5762,5754
CTRIA3,9244,1,5420,5467,5763
CTRIA3,9245,1,5420,5763,5444
CTRIA3,9246,1,5574,5764,5765
CTRIA3,9247,1,5574,5766,5764
CTRIA3,9248,1,5675,5767,5768
CTRIA3,9249,1,5675,5768,5769
CTRIA3,9250,1,5425,5471,5474
CTRIA3,9251,1,5765,5764,5770
CTRIA3,9252,1,5767,5771,5772
CTRIA3,9253,1,5767,5772,5768
CTRIA3,9254,1,5771,5773,5772
CTRIA3,9255,1,5770,5764,5774
CTRIA3,9256,1,5770,5774,5775
CTRIA3,9257,1,5426,5427,5776
CTRIA3,9258,1,5426,5776,5777
CTRIA3,9259,1,5426,5777,5428
CTRIA3,9260,1,5572,5775,5774
CTRIA3,9261,1,5572,5774,5778
CTRIA3,9262,1,5773,5779,5772
CTRIA3,9263,1,5779,5685,5780
CTRIA3,9264,1,5779,5780,5772
CTRIA3,9265,1,5685,5781,5780
CTRIA3,9266,1,5428,5782,5429
CTRIA3,9267,1,5428,5777,5782
CTRIA3,9268,1,5424,5476,5783
CTRIA3,9269,1,5421,5784,5475
CTRIA3,9270,1,5430,5445,5785
CTRIA3,9271,1,5430,5785,5466
CTRIA3,9272,1,5439,5440,5786
CTRIA3,9273,1,5439,5787,5441
CTRIA3,9274,1,5439,5786,5787
CTRIA3,9275,1,5441,5787,5788
CTRIA3,9276,1,5441,5788,5436
CTRIA3,9277,1,5481,5484,5789
CTRIA3,9278,1,5757,5790,5759
CTRIA3,9279,1,5483,5791,5792
CTRIA3,9280,1,5483,5792,5484
CTRIA3,9281,1,5760,5759,5793
CTRIA3,9282,1,5438,5442,5794
CTRIA3,9283,1,5435,5795,5455
CTRIA3,9284,1,5437,5436,5796
CTRIA3,9285,1,5436,5788,5796
CTRIA3,9286,1,5484,5792,5789
CTRIA3,9287,1,5759,5790,5797
CTRIA3,9288,1,5759,5797,5793
CTRIA3,9289,1,5443,5455,5798
CTRIA3,9290,1,5443,5798,5442
CTRIA3,9291,1,5442,5798,5794
CTRIA3,9292,1,5772,5780,5768
CTRIA3,9293,1,5789,5792,5799
CTRIA3,9294,1,5790,5800,5797
CTRIA3,9295,1,5791,5801,5802
CTRIA3,9296,1,5791,5802,5792
CTRIA3,9297,1,5793,5797,5803
CTRIA3,9298,1,5792,5802,5799
CTRIA3,9299,1,5444,5763,5804
CTRIA3,9300,1,5445,5805,5785
CTRIA3,9301,1,5447,5450,5806
CTRIA3,9302,1,5448,5807,5454
CTRIA3,9303,1,5448,5808,5807
CTRIA3,9304,1,5449,5809,5450
CTRIA3,9305,1,5453,5454,5810
CTRIA3,9306,1,5454,5807,5810
CTRIA3,9307,1,5451,5474,5811
CTRIA3,9308,1,5451,5811,5812
CTRIA3,9309,1,5452,5813,5470
CTRIA3,9310,1,5797,5800,5814
CTRIA3,9311,1,5797,5814,5803
CTRIA3,9312,1,5450,5809,5815
CTRIA3,9313,1,5450,5815,5806
CTRIA3,9314,1,5764,5766,5816
CTRIA3,9315,1,5764,5816,5774
CTRIA3,9316,1,5768,5780,5817
CTRIA3,9317,1,5768,5817,5769
CTRIA3,9318,1,5476,5475,5818
CTRIA3,9319,1,5476,5818,5783
CTRIA3,9320,1,5799,5802,5819
CTRIA3,9321,1,5800,5820,5814
CTRIA3,9322,1,5801,5821,5802
CTRIA3,9323,1,5803,5814,5822
CTRIA3,9324,1,5802,5821,5823
CTRIA3,9325,1,5802,5823,5819
CTRIA3,9326,1,5754,5762,5824
CTRIA3,9327,1,5754,5824,5755
CTRIA3,9328,1,5474,5471,5825
CTRIA3,9329,1,5474,5825,5811
CTRIA3,9330,1,5470,5813,5826
CTRIA3,9331,1,5470,5826,5472
CTRIA3,9332,1,5774,5816,5827
CTRIA3,9333,1,5774,5827,5778
CTRIA3,9334,1,5466,5785,5828
CTRIA3,9335,1,5467,5829,5763
CTRIA3,9336,1,5471,5830,5825
CTRIA3,9337,1,5473,5472,5831
CTRIA3,9338,1,5472,5826,5831
CTRIA3,9339,1,5455,5795,5832
CTRIA3,9340,1,5455,5832,5798
CTRIA3,9341,1,5814,5820,5833
CTRIA3,9342,1,5814,5833,5822
CTRIA3,9343,1,5475,5784,5834
CTRIA3,9344,1,5475,5834,5818
CTRIA3,9345,1,5780,5781,5835
CTRIA3,9346,1,5780,5835,5817
CTRIA3,9347,1,5819,5823,5836
CTRIA3,9348,1,5820,5837,5833
CTRIA3,9349,1,5821,5838,5823
CTRIA3,9350,1,5822,5833,5839
CTRIA3,9351,1,5823,5838,5840
CTRIA3,9352,1,5823,5840,5836
CTRIA3,9353,1,5787,5786,5841
CTRIA3,9354,1,5787,5841,5842
CTRIA3,9355,1,5787,5842,5788
CTRIA3,9356,1,5763,5829,5843
CTRIA3,9357,1,5763,5843,5804
CTRIA3,9358,1,5769,5817,5844
CTRIA3,9359,1,5766,5845,5816
CTRIA3,9360,1,5478,5846,5487
CTRIA3,9361,1,5755,5824,5847
CTRIA3,9362,1,5488,5487,5848
CTRIA3,9363,1,5762,5849,5824
CTRIA3,9364,1,5783,5818,5850
CTRIA3,9365,1,5776,5851,5777
CTRIA3,9366,1,5833,5837,5852
CTRIA3,9367,1,5833,5852,5839
CTRIA3,9368,1,5782,5777,5853
CTRIA3,9369,1,5782,5853,5854
CTRIA3,9370,1,5785,5805,5855
CTRIA3,9371,1,5785,5855,5828
CTRIA3,9372,1,5777,5851,5853
CTRIA3,9373,1,5788,5842,5856
CTRIA3,9374,1,5788,5856,5796
CTRIA3,9375,1,5778,5827,5857
CTRIA3,9376,1,5836,5840,5858
CTRIA3,9377,1,5837,5859,5852
CTRIA3,9378,1,5838,5860,5840
CTRIA3,9379,1,5838,5861,5860
CTRIA3,9380,1,5839,5852,5862
CTRIA3,9381,1,5794,5798,5863
CTRIA3,9382,1,5794,5863,5864
CTRIA3,9383,1,5786,5865,5841
CTRIA3,9384,1,5795,5866,5832
CTRIA3,9385,1,5796,5856,5867
CTRIA3,9386,1,5840,5860,5858
CTRIA3,9387,1,5807,5808,5868
CTRIA3,9388,1,5807,5868,5810
CTRIA3,9389,1,5781,5869,5835
CTRIA3,9390,1,5781,5870,5869
CTRIA3,9391,1,5487,5846,5871
CTRIA3,9392,1,5487,5871,5848
CTRIA3,9393,1,5852,5859,5872
CTRIA3,9394,1,5852,5872,5862
CTRIA3,9395,1,5798,5832,5873
CTRIA3,9396,1,5798,5873,5863
CTRIA3,9397,1,5858,5860,5874
CTRIA3,9398,1,5859,5875,5872
CTRIA3,9399,1,5860,5861,5876
CTRIA3,9400,1,5860,5876,5874
CTRIA3,9401,1,5861,5877,5876
CTRIA3,9402,1,5862,5872,5878
CTRIA3,9403,1,5817,5835,5879
CTRIA3,9404,1,5817,5879,5844
CTRIA3,9405,1,5804,5843,5880
CTRIA3,9406,1,5805,5881,5855
CTRIA3,9407,1,5806,5815,5882
CTRIA3,9408,1,5808,5883,5868
CTRIA3,9409,1,5809,5884,5815
CTRIA3,9410,1,5810,5868,5885
CTRIA3,9411,1,5812,5811,5886
CTRIA3,9412,1,5813,5887,5826
CTRIA3,9413,1,5813,5888,5887
CTRIA3,9414,1,5816,5845,5889
CTRIA3,9415,1,5816,5890,5827
CTRIA3,9416,1,5816,5889,5890
CTRIA3,9417,1,5811,5825,5891
CTRIA3,9418,1,5811,5891,5886
CTRIA3,9419,1,5872,5875,5892
CTRIA3,9420,1,5872,5892,5878
CTRIA3,9421,1,5818,5834,5893
CTRIA3,9422,1,5818,5893,5850
CTRIA3,9423,1,5824,5849,5894
CTRIA3,9424,1,5824,5894,5847
CTRIA3,9425,1,5826,5887,5895
CTRIA3,9426,1,5826,5895,5831
CTRIA3,9427,1,5876,5877,5896
CTRIA3,9428,1,5876,5896,5874
CTRIA3,9429,1,5825,5830,5897
CTRIA3,9430,1,5825,5897,5891
CTRIA3,9431,1,5835,5869,5898
CTRIA3,9432,1,5835,5898,5879
CTRIA3,9433,1,5874,5896,5899
CTRIA3,9434,1,5875,5900,5892
CTRIA3,9435,1,5877,5901,5896
CTRIA3,9436,1,5878,5892,5902
CTRIA3,9437,1,5815,5903,5882
CTRIA3,9438,1,5815,5884,5903
CTRIA3,9439,1,5827,5890,5904
CTRIA3,9440,1,5827,5904,5857
CTRIA3,9441,1,5841,5865,5905
CTRIA3,9442,1,5841,5905,5842
CTRIA3,9443,1,5830,5906,5897
CTRIA3,9444,1,5831,5895,5907
CTRIA3,9445,1,5828,5855,5908
CTRIA3,9446,1,5829,5909,5843
CTRIA3,9447,1,5842,5905,5910
CTRIA3,9448,1,5842,5910,5856
CTRIA3,9449,1,5892,5900,5911
CTRIA3,9450,1,5892,5911,5902
CTRIA3,9451,1,5832,5866,5912
CTRIA3,9452,1,5832,5912,5873
CTRIA3,9453,1,5896,5901,5913
CTRIA3,9454,1,5896,5913,5899
CTRIA3,9455,1,5899,5913,5914
CTRIA3,9456,1,5900,5915,5911
CTRIA3,9457,1,5901,5916,5913
CTRIA3,9458,1,5902,5911,5917
CTRIA3,9459,1,5855,5881,5918
CTRIA3,9460,1,5855,5918,5908
CTRIA3,9461,1,5911,5915,5919
CTRIA3,9462,1,5911,5919,5917
CTRIA3,9463,1,5850,5893,5920
CTRIA3,9464,1,5851,5921,5853
CTRIA3,9465,1,5834,5922,5893
CTRIA3,9466,1,5854,5853,5923
CTRIA3,9467,1,5844,5879,5924
CTRIA3,9468,1,5845,5925,5889
CTRIA3,9469,1,5856,5910,5926
CTRIA3,9470,1,5856,5927,5867
CTRIA3,9471,1,5856,5926,5927
CTRIA3,9472,1,5869,5870,5928
CTRIA3,9473,1,5869,5929,5898
CTRIA3,9474,1,5869,5928,5929
CTRIA3,9475,1,5846,5930,5871
CTRIA3,9476,1,5847,5894,5931
CTRIA3,9477,1,5848,5871,5932
CTRIA3,9478,1,5849,5933,5894
CTRIA3,9479,1,5853,5921,5934
CTRIA3,9480,1,5853,5934,5923
CTRIA3,9481,1,5864,5863,5935
CTRIA3,9482,1,5865,5936,5905
CTRIA3,9483,1,5866,5937,5912
CTRIA3,9484,1,5857,5904,5938
CTRIA3,9485,1,5857,5938,5939
CTRIA3,9486,1,5913,5916,5903
CTRIA3,9487,1,5913,5882,5914
CTRIA3,9488,1,5913,5903,5882
CTRIA3,9489,1,5915,5883,5919
CTRIA3,9490,1,5916,5884,5903
CTRIA3,9491,1,5917,5919,5868
CTRIA3,9492,1,5917,5868,5885
CTRIA3,9493,1,5919,5883,5868
CTRIA3,9494,1,5863,5873,5940
CTRIA3,9495,1,5863,5940,5935
CTRIA3,9496,1,5870,5941,5928
CTRIA3,9497,1,5879,5898,5942
CTRIA3,9498,1,5879,5942,5924
CTRIA3,9499,1,5871,5930,5932
CTRIA3,9500,1,5890,5889,5943
CTRIA3,9501,1,5890,5944,5904
CTRIA3,9502,1,5890,5943,5944
CTRIA3,9503,1,5882,5903,5945
CTRIA3,9504,1,5882,5903,5946
CTRIA3,9505,1,5882,5946,5947
CTRIA3,9506,1,5903,5884,5948
CTRIA3,9507,1,5903,5948,5945
CTRIA3,9508,1,5903,5884,5949
CTRIA3,9509,1,5903,5949,5946
CTRIA3,9510,1,5884,5950,5948
CTRIA3,9511,1,5883,5951,5868
CTRIA3,9512,1,5883,5952,5951
CTRIA3,9513,1,5883,5953,5954
CTRIA3,9514,1,5883,5954,5868
CTRIA3,9515,1,5868,5951,5885
CTRIA3,9516,1,5868,5955,5885
CTRIA3,9517,1,5868,5954,5955
CTRIA3,9518,1,5885,5951,5956
CTRIA3,9519,1,5880,5843,5957
CTRIA3,9520,1,5881,5958,5918
CTRIA3,9521,1,5889,5959,5943
CTRIA3,9522,1,5889,5925,5959
CTRIA3,9523,1,5887,5888,5960
CTRIA3,9524,1,5887,5961,5895
CTRIA3,9525,1,5887,5960,5961
CTRIA3,9526,1,5898,5929,5962
CTRIA3,9527,1,5898,5962,5942
CTRIA3,9528,1,5905,5936,5963
CTRIA3,9529,1,5905,5963,5910
CTRIA3,9530,1,5904,5964,5938
CTRIA3,9531,1,5904,5944,5964
CTRIA3,9532,1,5843,5909,5965
CTRIA3,9533,1,5843,5965,5966
CTRIA3,9534,1,5843,5966,5957
CTRIA3,9535,1,5886,5891,5967
CTRIA3,9536,1,5888,5968,5960
CTRIA3,9537,1,5894,5933,5931
CTRIA3,9538,1,5893,5922,5969
CTRIA3,9539,1,5893,5969,5920
CTRIA3,9540,1,5895,5961,5970
CTRIA3,9541,1,5895,5970,5907
CTRIA3,9542,1,5897,5906,5971
CTRIA3,9543,1,5897,5972,5891
CTRIA3,9544,1,5897,5971,5972
CTRIA3,9545,1,5910,5963,5926
CTRIA3,9546,1,5873,5912,5973
CTRIA3,9547,1,5873,5973,5940
CTRIA3,9548,1,5951,5952,5974
CTRIA3,9549,1,5951,5974,5956
CTRIA3,9550,1,5906,5975,5971
CTRIA3,9551,1,5908,5918,5976
CTRIA3,9552,1,5908,5976,5977
CTRIA3,9553,1,5945,5948,5978
CTRIA3,9554,1,5952,5979,5974
CTRIA3,9555,1,5950,5980,5981
CTRIA3,9556,1,5950,5981,5948
CTRIA3,9557,1,5956,5974,5982
CTRIA3,9558,1,5948,5981,5978
CTRIA3,9559,1,5891,5972,5983
CTRIA3,9560,1,5891,5983,5967
CTRIA3,9561,1,5929,5928,5984
CTRIA3,9562,1,5929,5984,5985
CTRIA3,9563,1,5929,5985,5962
CTRIA3,9564,1,5928,5941,5986
CTRIA3,9565,1,5928,5986,5987
CTRIA3,9566,1,5928,5987,5984
CTRIA3,9567,1,5938,5988,5939
CTRIA3,9568,1,5938,5989,5988
CTRIA3,9569,1,5938,5964,5989
CTRIA3,9570,1,5918,5958,5976
CTRIA3,9571,1,5939,5988,5990
CTRIA3,9572,1,5974,5979,5991
CTRIA3,9573,1,5974,5991,5982
CTRIA3,9574,1,5941,5992,5986
CTRIA3,9575,1,5986,5993,5987
CTRIA3,9576,1,5986,5994,5993
CTRIA3,9577,1,5986,5992,5994
CTRIA3,9578,1,5912,5937,5995
CTRIA3,9579,1,5912,5995,5973
CTRIA3,9580,1,5978,5981,5996
CTRIA3,9581,1,5979,5997,5991
CTRIA3,9582,1,5980,5998,5981
CTRIA3,9583,1,5982,5991,5999
CTRIA3,9584,1,5981,5998,6000
CTRIA3,9585,1,5981,6000,5996
CTRIA3,9586,1,5920,5969,6001
CTRIA3,9587,1,5921,6002,5934
CTRIA3,9588,1,5922,6003,5969
CTRIA3,9589,1,5923,5934,6004
CTRIA3,9590,1,5988,6005,6006
CTRIA3,9591,1,5988,6006,6007
CTRIA3,9592,1,5988,6007,5990
CTRIA3,9593,1,6005,6008,6009
CTRIA3,9594,1,6005,6010,6006
CTRIA3,9595,1,6005,6009,6010
CTRIA3,9596,1,6011,6012,6013
CTRIA3,9597,1,6011,6013,6014
CTRIA3,9598,1,6011,6015,6016
CTRIA3,9599,1,6011,6014,6015
CTRIA3,9600,1,6012,5993,6013
CTRIA3,9601,1,5993,6017,6013
CTRIA3,9602,1,5993,5994,6017
CTRIA3,9603,1,6008,6018,6019
CTRIA3,9604,1,6008,6019,6009
CTRIA3,9605,1,6018,6020,6021
CTRIA3,9606,1,6018,6021,6019
CTRIA3,9607,1,6020,6022,6023
CTRIA3,9608,1,6020,6023,6021
CTRIA3,9609,1,6016,6024,6025
CTRIA3,9610,1,6016,6015,6024
CTRIA3,9611,1,5991,5997,6026
CTRIA3,9612,1,5991,6026,5999
CTRIA3,9613,1,6006,6010,6027
CTRIA3,9614,1,6013,5992,6028
CTRIA3,9615,1,6013,6028,6014
CTRIA3,9616,1,6025,6029,6030
CTRIA3,9617,1,6025,6024,6029
CTRIA3,9618,1,6027,6031,5990
CTRIA3,9619,1,6027,6010,6031
CTRIA3,9620,1,6022,6032,6023
CTRIA3,9621,1,6030,6029,5924
CTRIA3,9622,1,6032,5925,6033
CTRIA3,9623,1,6032,6033,6023
CTRIA3,9624,1,5935,5940,6034
CTRIA3,9625,1,5936,6035,5963
CTRIA3,9626,1,5927,5926,6036
CTRIA3,9627,1,5925,6037,6033
CTRIA3,9628,1,5924,6029,6038
CTRIA3,9629,1,5996,6000,6039
CTRIA3,9630,1,5997,6040,6026
CTRIA3,9631,1,5998,6041,6000
CTRIA3,9632,1,5999,6026,6042
CTRIA3,9633,1,5934,6002,6043
CTRIA3,9634,1,5934,6043,6004
CTRIA3,9635,1,6000,6041,6044
CTRIA3,9636,1,6000,6044,6039
CTRIA3,9637,1,6045,5932,6046
CTRIA3,9638,1,6045,6046,6047
CTRIA3,9639,1,5930,6048,6049
CTRIA3,9640,1,5930,6049,5932
CTRIA3,9641,1,5932,6050,6046
CTRIA3,9642,1,6046,6050,6047
CTRIA3,9643,1,6050,6051,6047
CTRIA3,9644,1,6047,6051,6052
CTRIA3,9645,1,6051,6053,6052
CTRIA3,9646,1,6052,6053,6054
CTRIA3,9647,1,6053,6055,6054
CTRIA3,9648,1,6054,6055,6056
CTRIA3,9649,1,6055,6057,6056
CTRIA3,9650,1,6055,6058,6057
CTRIA3,9651,1,6056,6057,6059
CTRIA3,9652,1,6057,6058,6060
CTRIA3,9653,1,6057,6060,6059
CTRIA3,9654,1,6058,6061,6060
CTRIA3,9655,1,6059,6060,6062
CTRIA3,9656,1,6061,6063,6060
CTRIA3,9657,1,6062,6060,6064
CTRIA3,9658,1,6060,6063,6065
CTRIA3,9659,1,6060,6065,6064
CTRIA3,9660,1,6063,6066,6065
CTRIA3,9661,1,6064,6065,6067
CTRIA3,9662,1,6065,6066,6068
CTRIA3,9663,1,6065,6068,6067
CTRIA3,9664,1,6066,6069,6068
CTRIA3,9665,1,6067,6068,6070
CTRIA3,9666,1,6068,6069,6071
CTRIA3,9667,1,6068,6071,6070
CTRIA3,9668,1,6069,6072,6071
CTRIA3,9669,1,6070,6071,6073
CTRIA3,9670,1,6071,6072,6074
CTRIA3,9671,1,6071,6075,6073
CTRIA3,9672,1,6071,6074,6075
CTRIA3,9673,1,6072,6076,6074
CTRIA3,9674,1,6073,6075,6077
CTRIA3,9675,1,6075,6074,6078
CTRIA3,9676,1,6075,6078,6077
CTRIA3,9677,1,6074,6076,6079
CTRIA3,9678,1,6074,6079,6078
CTRIA3,9679,1,6076,6080,6079
CTRIA3,9680,1,6077,6078,6081
CTRIA3,9681,1,6078,6079,6082
CTRIA3,9682,1,6078,6082,6081
CTRIA3,9683,1,6079,6080,6082
CTRIA3,9684,1,6080,6083,6084
CTRIA3,9685,1,6080,6084,6082
CTRIA3,9686,1,6081,6082,6085
CTRIA3,9687,1,6081,6085,6086
CTRIA3,9688,1,6082,6084,6087
CTRIA3,9689,1,6082,6087,6085
CTRIA3,9690,1,6083,6088,6084
CTRIA3,9691,1,6086,6085,6089
CTRIA3,9692,1,6086,6089,6090
CTRIA3,9693,1,6084,6088,6087
CTRIA3,9694,1,6085,6087,6089
CTRIA3,9695,1,6088,6091,6087
CTRIA3,9696,1,6087,6091,6092
CTRIA3,9697,1,6087,6093,6089
CTRIA3,9698,1,6087,6092,6093
CTRIA3,9699,1,6089,6093,6094
CTRIA3,9700,1,6089,6094,6090
CTRIA3,9701,1,6091,6095,6096
CTRIA3,9702,1,6091,6096,6092
CTRIA3,9703,1,6093,6092,6097
CTRIA3,9704,1,6093,6097,6094
CTRIA3,9705,1,6094,6097,6098
CTRIA3,9706,1,6092,6096,6099
CTRIA3,9707,1,6092,6100,6097
CTRIA3,9708,1,6092,6099,6100
CTRIA3,9709,1,6097,6100,6101
CTRIA3,9710,1,6097,6101,6098
CTRIA3,9711,1,6095,6102,6096
CTRIA3,9712,1,6098,6101,6103
CTRIA3,9713,1,6096,6102,6104
CTRIA3,9714,1,6096,6104,6099
CTRIA3,9715,1,6100,6099,6105
CTRIA3,9716,1,6100,6105,6101
CTRIA3,9717,1,6099,6104,6106
CTRIA3,9718,1,6099,6106,6105
CTRIA3,9719,1,6101,6105,6107
CTRIA3,9720,1,6101,6107,6103
CTRIA3,9721,1,6102,6108,6104
CTRIA3,9722,1,6103,6107,6109
CTRIA3,9723,1,6104,6108,6110
CTRIA3,9724,1,6104,6110,6106
CTRIA3,9725,1,6105,6106,6111
CTRIA3,9726,1,6105,6111,6107
CTRIA3,9727,1,6106,6110,6111
CTRIA3,9728,1,6108,6112,6113
CTRIA3,9729,1,6108,6113,6110
CTRIA3,9730,1,6107,6111,6114
CTRIA3,9731,1,6107,6114,6115
CTRIA3,9732,1,6107,6115,6116
CTRIA3,9733,1,6107,6116,6109
CTRIA3,9734,1,6109,6116,6117
CTRIA3,9735,1,6110,6113,6118
CTRIA3,9736,1,6110,6118,6111
CTRIA3,9737,1,6111,6118,6114
CTRIA3,9738,1,6031,6119,6120
CTRIA3,9739,1,6031,6120,6121
CTRIA3,9740,1,6119,6122,6123
CTRIA3,9741,1,6119,6123,6120
CTRIA3,9742,1,6122,6124,6125
CTRIA3,9743,1,6122,6126,6123
CTRIA3,9744,1,6122,6125,6126
CTRIA3,9745,1,6124,6037,6127
CTRIA3,9746,1,6124,6127,6125
CTRIA3,9747,1,6112,6128,6113
CTRIA3,9748,1,6112,6129,6128
CTRIA3,9749,1,6113,6128,6130
CTRIA3,9750,1,6113,6130,6118
CTRIA3,9751,1,6118,6130,6131
CTRIA3,9752,1,6118,6131,6114
CTRIA3,9753,1,6114,6131,6132
CTRIA3,9754,1,6114,6132,6115
CTRIA3,9755,1,6115,6132,6133
CTRIA3,9756,1,6115,6133,6116
CTRIA3,9757,1,6116,6134,6117
CTRIA3,9758,1,6116,6133,6134
CTRIA3,9759,1,6117,6134,6135
CTRIA3,9760,1,6037,6136,6127
CTRIA3,9761,1,6128,6129,6137
CTRIA3,9762,1,6128,6137,6130
CTRIA3,9763,1,6135,6134,6138
CTRIA3,9764,1,6135,6138,6139
CTRIA3,9765,1,6130,6137,6140
CTRIA3,9766,1,6130,6140,6131
CTRIA3,9767,1,6131,6140,6141
CTRIA3,9768,1,6131,6141,6132
CTRIA3,9769,1,6134,6133,6142
CTRIA3,9770,1,6134,6142,6138
CTRIA3,9771,1,6129,6143,6137
CTRIA3,9772,1,6132,6141,6144
CTRIA3,9773,1,6132,6144,6133
CTRIA3,9774,1,6133,6144,6142
CTRIA3,9775,1,6139,6138,6145
CTRIA3,9776,1,6139,6145,6146
CTRIA3,9777,1,6137,6143,6147
CTRIA3,9778,1,6137,6148,6140
CTRIA3,9779,1,6137,6147,6148
CTRIA3,9780,1,6140,6148,6149
CTRIA3,9781,1,6140,6149,6141
CTRIA3,9782,1,6141,6150,6144
CTRIA3,9783,1,6141,6149,6150
CTRIA3,9784,1,6138,6142,6151
CTRIA3,9785,1,6138,6151,6145
CTRIA3,9786,1,6143,6152,6147
CTRIA3,9787,1,6144,6150,6153
CTRIA3,9788,1,6144,6153,6142
CTRIA3,9789,1,6142,6153,6151
CTRIA3,9790,1,6146,6145,6154
CTRIA3,9791,1,6148,6147,6155
CTRIA3,9792,1,6148,6156,6149
CTRIA3,9793,1,6148,6155,6156
CTRIA3,9794,1,6147,6152,6157
CTRIA3,9795,1,6147,6157,6155
CTRIA3,9796,1,6150,6149,6158
CTRIA3,9797,1,6150,6158,6153
CTRIA3,9798,1,6149,6156,6158
CTRIA3,9799,1,6145,6151,6159
CTRIA3,9800,1,6145,6159,6154
CTRIA3,9801,1,6152,6160,6157
CTRIA3,9802,1,6151,6153,6161
CTRIA3,9803,1,6151,6161,6162
CTRIA3,9804,1,6151,6162,6159
CTRIA3,9805,1,6153,6158,6163
CTRIA3,9806,1,6153,6163,6161
CTRIA3,9807,1,6157,6160,6164
CTRIA3,9808,1,6157,6164,6155
CTRIA3,9809,1,6156,6155,6165
CTRIA3,9810,1,6156,6166,6158
CTRIA3,9811,1,6156,6165,6166
CTRIA3,9812,1,6154,6159,6167
CTRIA3,9813,1,6154,6167,6168
CTRIA3,9814,1,6158,6166,6163
CTRIA3,9815,1,6155,6164,6165
CTRIA3,9816,1,6159,6162,6167
CTRIA3,9817,1,6160,6169,6170
CTRIA3,9818,1,6160,6170,6164
CTRIA3,9819,1,6166,6165,6171
CTRIA3,9820,1,6166,6171,6163
CTRIA3,9821,1,6164,6170,6172
CTRIA3,9822,1,6164,6172,6165
CTRIA3,9823,1,6161,6163,6173
CTRIA3,9824,1,6161,6174,6162
CTRIA3,9825,1,6161,6173,6174
CTRIA3,9826,1,6162,6175,6167
CTRIA3,9827,1,6162,6174,6175
CTRIA3,9828,1,6165,6172,6171
CTRIA3,9829,1,6163,6171,6173
CTRIA3,9830,1,6167,6175,6176
CTRIA3,9831,1,6167,6176,6168
CTRIA3,9832,1,6168,6176,6177
CTRIA3,9833,1,6169,6178,6170
CTRIA3,9834,1,6170,6179,6172
CTRIA3,9835,1,6170,6178,6179
CTRIA3,9836,1,6172,6179,6180
CTRIA3,9837,1,6172,6180,6171
CTRIA3,9838,1,6171,6180,6181
CTRIA3,9839,1,6171,6181,6173
CTRIA3,9840,1,6175,6174,6182
CTRIA3,9841,1,6175,6182,6183
CTRIA3,9842,1,6175,6183,6176
CTRIA3,9843,1,6174,6173,6184
CTRIA3,9844,1,6174,6184,6182
CTRIA3,9845,1,6176,6183,6185
CTRIA3,9846,1,6176,6185,6177
CTRIA3,9847,1,6173,6181,6186
CTRIA3,9848,1,6173,6186,6184
CTRIA3,9849,1,6179,6178,6187
CTRIA3,9850,1,6179,6188,6180
CTRIA3,9851,1,6179,6187,6188
CTRIA3,9852,1,6178,6189,6187
CTRIA3,9853,1,6180,6188,6190
CTRIA3,9854,1,6180,6190,6181
CTRIA3,9855,1,6182,6184,6191
CTRIA3,9856,1,6182,6192,6183
CTRIA3,9857,1,6182,6191,6192
CTRIA3,9858,1,6183,6192,6193
CTRIA3,9859,1,6183,6193,6185
CTRIA3,9860,1,6181,6190,6194
CTRIA3,9861,1,6181,6194,6186
CTRIA3,9862,1,6184,6186,6195
CTRIA3,9863,1,6184,6195,6191
CTRIA3,9864,1,6188,6187,6196
CTRIA3,9865,1,6188,6196,6190
CTRIA3,9866,1,6187,6189,6197
CTRIA3,9867,1,6187,6197,6196
CTRIA3,9868,1,6186,6194,6198
CTRIA3,9869,1,6186,6198,6195
CTRIA3,9870,1,6190,6196,6199
CTRIA3,9871,1,6190,6199,6200
CTRIA3,9872,1,6190,6200,6194
CTRIA3,9873,1,6192,6191,6201
CTRIA3,9874,1,6192,6202,6193
CTRIA3,9875,1,6192,6201,6202
CTRIA3,9876,1,6191,6195,6203
CTRIA3,9877,1,6191,6203,6201
CTRIA3,9878,1,6195,6198,6203
CTRIA3,9879,1,6194,6200,6204
CTRIA3,9880,1,6194,6204,6198
CTRIA3,9881,1,6196,6197,6205
CTRIA3,9882,1,6196,6205,6199
CTRIA3,9883,1,6197,6206,6205
CTRIA3,9884,1,6198,6204,6207
CTRIA3,9885,1,6198,6207,6203
CTRIA3,9886,1,6202,6201,6208
CTRIA3,9887,1,6201,6203,6209
CTRIA3,9888,1,6201,6209,6208
CTRIA3,9889,1,6199,6205,6210
CTRIA3,9890,1,6199,6210,6211
CTRIA3,9891,1,6199,6211,6200
CTRIA3,9892,1,6200,6211,6212
CTRIA3,9893,1,6200,6212,6204
CTRIA3,9894,1,6205,6206,6210
CTRIA3,9895,1,6203,6207,6213
CTRIA3,9896,1,6203,6213,6209
CTRIA3,9897,1,6204,6212,6214
CTRIA3,9898,1,6204,6214,6207
CTRIA3,9899,1,6206,6215,6210
CTRIA3,9900,1,6207,6214,6216
CTRIA3,9901,1,6207,6216,6213
CTRIA3,9902,1,6208,6209,6217
CTRIA3,9903,1,6210,6218,6211
CTRIA3,9904,1,6210,6215,6218
CTRIA3,9905,1,6211,6219,6212
CTRIA3,9906,1,6211,6218,6219
CTRIA3,9907,1,6209,6213,6217
CTRIA3,9908,1,6212,6220,6214
CTRIA3,9909,1,6212,6219,6220
CTRIA3,9910,1,6214,6220,6216
CTRIA3,9911,1,6038,6221,6222
CTRIA3,9912,1,6038,6222,6223
CTRIA3,9913,1,6217,6213,6224
CTRIA3,9914,1,6213,6216,6225
CTRIA3,9915,1,6213,6225,6224
CTRIA3,9916,1,6216,6220,6225
CTRIA3,9917,1,6220,6219,6226
CTRIA3,9918,1,6220,6226,6227
CTRIA3,9919,1,6220,6227,6225
CTRIA3,9920,1,6219,6218,6228
CTRIA3,9921,1,6219,6228,6226
CTRIA3,9922,1,6218,6215,6229
CTRIA3,9923,1,6218,6229,6228
CTRIA3,9924,1,6221,6230,6231
CTRIA3,9925,1,6221,6231,6222
CTRIA3,9926,1,6230,6232,6233
CTRIA3,9927,1,6230,6233,6231
CTRIA3,9928,1,6232,6028,6234
CTRIA3,9929,1,6232,6234,6235
CTRIA3,9930,1,6232,6235,6233
CTRIA3,9931,1,6228,6229,6236
CTRIA3,9932,1,6228,6236,6226
CTRIA3,9933,1,6225,6227,6237
CTRIA3,9934,1,6225,6237,6224
CTRIA3,9935,1,6226,6236,6238
CTRIA3,9936,1,6226,6238,6227
CTRIA3,9937,1,6229,6239,6236
CTRIA3,9938,1,6236,6239,6240
CTRIA3,9939,1,6236,6240,6238
CTRIA3,9940,1,6227,6238,6241
CTRIA3,9941,1,6227,6242,6237
CTRIA3,9942,1,6227,6241,6242
CTRIA3,9943,1,6239,6243,6240
CTRIA3,9944,1,6238,6240,6244
CTRIA3,9945,1,6238,6244,6241
CTRIA3,9946,1,6240,6243,6245
CTRIA3,9947,1,6240,6245,6244
CTRIA3,9948,1,6242,6241,6246
CTRIA3,9949,1,6243,6247,6245
CTRIA3,9950,1,6241,6244,6248
CTRIA3,9951,1,6241,6248,6249
CTRIA3,9952,1,6241,6249,6246
CTRIA3,9953,1,6244,6245,6248
CTRIA3,9954,1,6246,6249,6250
CTRIA3,9955,1,6245,6247,6251
CTRIA3,9956,1,6245,6251,6252
CTRIA3,9957,1,6245,6252,6248
CTRIA3,9958,1,6248,6252,6249
CTRIA3,9959,1,6249,6252,6253
CTRIA3,9960,1,6249,6253,6250
CTRIA3,9961,1,6250,6253,6254
CTRIA3,9962,1,6251,6255,6252
CTRIA3,9963,1,6252,6255,6256
CTRIA3,9964,1,6252,6256,6253
CTRIA3,9965,1,6253,6256,6257
CTRIA3,9966,1,6253,6257,6254
CTRIA3,9967,1,6255,6258,6256
CTRIA3,9968,1,6256,6258,6259
CTRIA3,9969,1,6256,6259,6257
CTRIA3,9970,1,6257,6259,6260
CTRIA3,9971,1,6258,6261,6259
CTRIA3,9972,1,6258,6262,6261
CTRIA3,9973,1,6259,6261,6263
CTRIA3,9974,1,6259,6263,6260
CTRIA3,9975,1,6260,6263,6264
CTRIA3,9976,1,6261,6262,6265
CTRIA3,9977,1,6261,6265,6263
CTRIA3,9978,1,6262,6266,6265
CTRIA3,9979,1,6263,6265,6267
CTRIA3,9980,1,6263,6267,6264
CTRIA3,9981,1,6265,6266,6268
CTRIA3,9982,1,6265,6268,6267
CTRIA3,9983,1,6264,6267,6269
CTRIA3,9984,1,6267,6268,6270
CTRIA3,9985,1,6267,6270,6269
CTRIA3,9986,1,6269,6270,6271
CTRIA3,9987,1,6268,6272,6270
CTRIA3,9988,1,6270,6272,6273
CTRIA3,9989,1,6270,6273,6271
CTRIA3,9990,1,6271,6273,6274
CTRIA3,9991,1,6272,6275,6273
CTRIA3,9992,1,6273,6275,6276
CTRIA3,9993,1,6273,6276,6274
CTRIA3,9994,1,6274,6276,6277
CTRIA3,9995,1,6275,6278,6276
CTRIA3,9996,1,6276,6278,6279
CTRIA3,9997,1,6276,6279,6277
CTRIA3,9998,1,6277,6279,6280
CTRIA3,9999,1,6278,6281,6279
CTRIA3,10000,1,6279,6281,6280
CTRIA3,10001,1,6280,6281,6282
CTRIA3,10002,1,6281,6283,6282
CTRIA3,10003,1,6282,6283,6284
CTRIA3,10004,1,6283,6285,6284
CTRIA3,10005,1,6284,6285,6286
CTRIA3,10006,1,6285,6287,6286
CTRIA3,10007,1,6286,6287,6288
CTRIA3,10008,1,6287,6289,6288
CTRIA3,10009,1,6288,6289,6290
CTRIA3,10010,1,6289,5933,6290
CTRIA3,10011,1,5931,5933,6291
CTRIA3,10012,1,5931,6291,6292
CTRIA3,10013,1,5933,6293,6291
CTRIA3,10014,1,6136,6294,6295
CTRIA3,10015,1,6223,6296,6297
CTRIA3,10016,1,5926,5963,6298
CTRIA3,10017,1,5926,6298,6036
CTRIA3,10018,1,5961,5960,6299
CTRIA3,10019,1,5961,6299,5970
CTRIA3,10020,1,6296,6300,6301
CTRIA3,10021,1,6296,6301,6297
CTRIA3,10022,1,6121,6302,6303
CTRIA3,10023,1,6234,6304,6305
CTRIA3,10024,1,6234,6306,6304
CTRIA3,10025,1,6026,6040,6307
CTRIA3,10026,1,6026,6307,6042
CTRIA3,10027,1,6295,6308,6309
CTRIA3,10028,1,6295,6294,6310
CTRIA3,10029,1,6295,6310,6308
CTRIA3,10030,1,6302,6311,6312
CTRIA3,10031,1,6302,6312,6313
CTRIA3,10032,1,6302,6313,6303
CTRIA3,10033,1,6305,6304,6235
CTRIA3,10034,1,6311,6120,6312
CTRIA3,10035,1,6300,6314,6315
CTRIA3,10036,1,6300,6315,6301
CTRIA3,10037,1,6120,6123,6312
CTRIA3,10038,1,6235,6316,6233
CTRIA3,10039,1,6235,6304,6316
CTRIA3,10040,1,5963,6035,6317
CTRIA3,10041,1,5963,6317,6298
CTRIA3,10042,1,6312,6318,6319
CTRIA3,10043,1,6312,6319,6313
CTRIA3,10044,1,6318,6320,6319
CTRIA3,10045,1,6320,6321,6322
CTRIA3,10046,1,6320,6322,6319
CTRIA3,10047,1,6321,6309,6308
CTRIA3,10048,1,6321,6308,6322
CTRIA3,10049,1,6314,6323,6315
CTRIA3,10050,1,6323,6324,6325
CTRIA3,10051,1,6323,6325,6315
CTRIA3,10052,1,6324,6304,6325
CTRIA3,10053,1,6304,6306,6325
CTRIA3,10054,1,5940,5973,6326
CTRIA3,10055,1,5940,6326,6034
CTRIA3,10056,1,5955,5954,6327
CTRIA3,10057,1,5949,6328,5946
CTRIA3,10058,1,5953,6329,5954
CTRIA3,10059,1,5972,5971,6330
CTRIA3,10060,1,5972,6330,5983
CTRIA3,10061,1,5954,6329,6327
CTRIA3,10062,1,5947,5946,6331
CTRIA3,10063,1,5946,6328,6331
CTRIA3,10064,1,6039,6044,6332
CTRIA3,10065,1,6040,6333,6307
CTRIA3,10066,1,6041,6334,6335
CTRIA3,10067,1,6041,6335,6044
CTRIA3,10068,1,6042,6307,6336
CTRIA3,10069,1,5960,5968,6337
CTRIA3,10070,1,5960,6337,6299
CTRIA3,10071,1,5957,5966,6338
CTRIA3,10072,1,5958,6339,5976
CTRIA3,10073,1,5958,6340,6339
CTRIA3,10074,1,6044,6335,6332
CTRIA3,10075,1,5967,5983,6341
CTRIA3,10076,1,6319,6322,6313
CTRIA3,10077,1,6303,6313,6342
CTRIA3,10078,1,5971,5975,6343
CTRIA3,10079,1,5971,6343,6330
CTRIA3,10080,1,5976,6339,6344
CTRIA3,10081,1,5976,6344,5977
CTRIA3,10082,1,5969,6003,6345
CTRIA3,10083,1,5969,6345,6001
CTRIA3,10084,1,6306,6346,6325
CTRIA3,10085,1,6307,6333,6347
CTRIA3,10086,1,6307,6347,6336
CTRIA3,10087,1,6313,6322,6342
CTRIA3,10088,1,5970,6299,6348
CTRIA3,10089,1,5965,6349,5966
CTRIA3,10090,1,6325,6346,6315
CTRIA3,10091,1,6332,6335,6350
CTRIA3,10092,1,6333,6351,6347
CTRIA3,10093,1,6334,6352,6353
CTRIA3,10094,1,6334,6353,6335
CTRIA3,10095,1,6336,6347,6354
CTRIA3,10096,1,5973,5995,6355
CTRIA3,10097,1,5973,6355,6326
CTRIA3,10098,1,6335,6353,6350
CTRIA3,10099,1,6291,6293,6292
CTRIA3,10100,1,6322,6308,6356
CTRIA3,10101,1,6322,6356,6342
CTRIA3,10102,1,6347,6351,6357
CTRIA3,10103,1,6347,6357,6354
CTRIA3,10104,1,5966,6349,6358
CTRIA3,10105,1,5966,6358,6338
CTRIA3,10106,1,6308,6310,6356
CTRIA3,10107,1,6315,6346,6359
CTRIA3,10108,1,6315,6359,6301
CTRIA3,10109,1,5983,6330,6360
CTRIA3,10110,1,5983,6360,6341
CTRIA3,10111,1,6350,6353,6361
CTRIA3,10112,1,6351,6362,6357
CTRIA3,10113,1,6352,6363,6353
CTRIA3,10114,1,6354,6357,6364
CTRIA3,10115,1,6353,6363,6365
CTRIA3,10116,1,6353,6365,6361
CTRIA3,10117,1,6001,6345,6366
CTRIA3,10118,1,6002,6367,6043
CTRIA3,10119,1,6003,6368,6345
CTRIA3,10120,1,6004,6043,6369
CTRIA3,10121,1,6342,6356,6370
CTRIA3,10122,1,6357,6362,6371
CTRIA3,10123,1,6357,6371,6364
CTRIA3,10124,1,6301,6359,6372
CTRIA3,10125,1,6301,6372,6297
CTRIA3,10126,1,6299,6337,6373
CTRIA3,10127,1,6299,6373,6348
CTRIA3,10128,1,6034,6326,6374
CTRIA3,10129,1,6035,6375,6317
CTRIA3,10130,1,5995,6376,6355
CTRIA3,10131,1,6036,6298,6377
CTRIA3,10132,1,6346,6378,6359
CTRIA3,10133,1,6043,6367,6379
CTRIA3,10134,1,6043,6379,6369
CTRIA3,10135,1,6361,6365,6380
CTRIA3,10136,1,6362,6381,6371
CTRIA3,10137,1,6363,6382,6365
CTRIA3,10138,1,6364,6371,6383
CTRIA3,10139,1,6048,6384,6385
CTRIA3,10140,1,6048,6385,6049
CTRIA3,10141,1,6292,6293,6386
CTRIA3,10142,1,6292,6386,6387
CTRIA3,10143,1,6365,6382,6388
CTRIA3,10144,1,6365,6388,6380
CTRIA3,10145,1,6297,6372,6389
CTRIA3,10146,1,6294,6390,6310
CTRIA3,10147,1,6317,6375,6391
CTRIA3,10148,1,6317,6391,6298
CTRIA3,10149,1,6339,6340,6392
CTRIA3,10150,1,6339,6392,6344
CTRIA3,10151,1,6298,6391,6377
CTRIA3,10152,1,6330,6343,6393
CTRIA3,10153,1,6330,6393,6360
CTRIA3,10154,1,6371,6381,6394
CTRIA3,10155,1,6371,6394,6383
CTRIA3,10156,1,6327,6329,6395
CTRIA3,10157,1,6310,6396,6356
CTRIA3,10158,1,6310,6390,6396
CTRIA3,10159,1,6328,6397,6331
CTRIA3,10160,1,6328,6398,6397
CTRIA3,10161,1,6329,6399,6395
CTRIA3,10162,1,6331,6397,6400
CTRIA3,10163,1,6326,6355,6401
CTRIA3,10164,1,6326,6401,6374
CTRIA3,10165,1,6382,6402,6403
CTRIA3,10166,1,6382,6403,6388
CTRIA3,10167,1,6380,6388,6404
CTRIA3,10168,1,6381,6405,6394
CTRIA3,10169,1,6383,6394,6406
CTRIA3,10170,1,6338,6358,6407
CTRIA3,10171,1,6340,6408,6392
CTRIA3,10172,1,6341,6360,6409
CTRIA3,10173,1,6337,6410,6373
CTRIA3,10174,1,6388,6403,6404
CTRIA3,10175,1,6394,6405,6411
CTRIA3,10176,1,6394,6411,6406
CTRIA3,10177,1,6356,6396,6412
CTRIA3,10178,1,6356,6412,6370
CTRIA3,10179,1,6343,6413,6393
CTRIA3,10180,1,6348,6373,6414
CTRIA3,10181,1,6344,6392,6415
CTRIA3,10182,1,6349,6416,6358
CTRIA3,10183,1,6349,6417,6416
CTRIA3,10184,1,6359,6378,6418
CTRIA3,10185,1,6359,6418,6372
CTRIA3,10186,1,6355,6376,6419
CTRIA3,10187,1,6355,6419,6401
CTRIA3,10188,1,6404,6403,6420
CTRIA3,10189,1,6405,6421,6411
CTRIA3,10190,1,6402,6422,6403
CTRIA3,10191,1,6402,6368,6422
CTRIA3,10192,1,6406,6411,6369
CTRIA3,10193,1,6403,6422,6420
CTRIA3,10194,1,6358,6416,6407
CTRIA3,10195,1,6411,6421,6423
CTRIA3,10196,1,6411,6423,6369
CTRIA3,10197,1,6360,6393,6424
CTRIA3,10198,1,6360,6424,6409
CTRIA3,10199,1,6420,6422,6425
CTRIA3,10200,1,6366,6345,6426
CTRIA3,10201,1,6422,6368,6427
CTRIA3,10202,1,6422,6427,6425
CTRIA3,10203,1,6345,6368,6428
CTRIA3,10204,1,6345,6428,6429
CTRIA3,10205,1,6345,6429,6426
CTRIA3,10206,1,6368,6430,6427
CTRIA3,10207,1,6421,6431,6423
CTRIA3,10208,1,6421,6432,6431
CTRIA3,10209,1,6367,6433,6379
CTRIA3,10210,1,6423,6431,6369
CTRIA3,10211,1,6379,6433,6434
CTRIA3,10212,1,6379,6435,6369
CTRIA3,10213,1,6379,6434,6435
CTRIA3,10214,1,6369,6431,6436
CTRIA3,10215,1,6372,6418,6437
CTRIA3,10216,1,6372,6437,6389
CTRIA3,10217,1,6370,6412,6438
CTRIA3,10218,1,6373,6410,6439
CTRIA3,10219,1,6373,6439,6414
CTRIA3,10220,1,6392,6408,6440
CTRIA3,10221,1,6392,6440,6415
CTRIA3,10222,1,6374,6401,6441
CTRIA3,10223,1,6375,6442,6391
CTRIA3,10224,1,6376,6443,6419
CTRIA3,10225,1,6377,6391,6444
CTRIA3,10226,1,6431,6432,6445
CTRIA3,10227,1,6431,6445,6436
CTRIA3,10228,1,6396,6390,6446
CTRIA3,10229,1,6396,6446,6412
CTRIA3,10230,1,6378,6447,6418
CTRIA3,10231,1,6384,6448,6449
CTRIA3,10232,1,6384,6449,6385
CTRIA3,10233,1,6387,6386,6450
CTRIA3,10234,1,6387,6450,6451
CTRIA3,10235,1,6430,6452,6427
CTRIA3,10236,1,6425,6427,6453
CTRIA3,10237,1,6432,6454,6445
CTRIA3,10238,1,6436,6445,6455
CTRIA3,10239,1,6427,6452,6456
CTRIA3,10240,1,6427,6456,6453
CTRIA3,10241,1,6389,6437,6457
CTRIA3,10242,1,6390,6458,6446
CTRIA3,10243,1,6393,6413,6459
CTRIA3,10244,1,6393,6459,6424
CTRIA3,10245,1,6397,6398,6460
CTRIA3,10246,1,6397,6460,6461
CTRIA3,10247,1,6397,6461,6400
CTRIA3,10248,1,6395,6399,6462
CTRIA3,10249,1,6445,6454,6463
CTRIA3,10250,1,6445,6463,6455
CTRIA3,10251,1,6399,6464,6462
CTRIA3,10252,1,6391,6442,6465
CTRIA3,10253,1,6391,6465,6444
CTRIA3,10254,1,6401,6419,6466
CTRIA3,10255,1,6401,6466,6441
CTRIA3,10256,1,6453,6456,6467
CTRIA3,10257,1,6454,6468,6463
CTRIA3,10258,1,6452,6469,6456
CTRIA3,10259,1,6455,6463,6470
CTRIA3,10260,1,6407,6416,6471
CTRIA3,10261,1,6408,6472,6440
CTRIA3,10262,1,6409,6424,6473
CTRIA3,10263,1,6410,6474,6439
CTRIA3,10264,1,6456,6469,6475
CTRIA3,10265,1,6456,6475,6467
CTRIA3,10266,1,6413,6476,6459
CTRIA3,10267,1,6414,6439,6477
CTRIA3,10268,1,6416,6417,6478
CTRIA3,10269,1,6416,6478,6471
CTRIA3,10270,1,6419,6443,6466
CTRIA3,10271,1,6412,6446,6479
CTRIA3,10272,1,6412,6479,6438
CTRIA3,10273,1,6463,6468,6480
CTRIA3,10274,1,6463,6480,6470
CTRIA3,10275,1,6415,6440,6481
CTRIA3,10276,1,6417,6482,6478
CTRIA3,10277,1,6418,6447,6483
CTRIA3,10278,1,6418,6483,6437
CTRIA3,10279,1,6467,6475,6484
CTRIA3,10280,1,6468,6485,6480
CTRIA3,10281,1,6469,6486,6475
CTRIA3,10282,1,6470,6480,6487
CTRIA3,10283,1,6424,6459,6473
CTRIA3,10284,1,6480,6485,6488
CTRIA3,10285,1,6480,6488,6487
CTRIA3,10286,1,6475,6486,6489
CTRIA3,10287,1,6475,6489,6484
CTRIA3,10288,1,6426,6429,6490
CTRIA3,10289,1,6433,6491,6434
CTRIA3,10290,1,6428,6492,6429
CTRIA3,10291,1,6435,6434,6493
CTRIA3,10292,1,6429,6492,6494
CTRIA3,10293,1,6429,6494,6490
CTRIA3,10294,1,6434,6491,6495
CTRIA3,10295,1,6434,6495,6493
CTRIA3,10296,1,6486,6496,6489
CTRIA3,10297,1,6484,6489,6497
CTRIA3,10298,1,6485,6498,6488
CTRIA3,10299,1,6487,6488,6499
CTRIA3,10300,1,6446,6458,6500
CTRIA3,10301,1,6446,6500,6479
CTRIA3,10302,1,6437,6483,6501
CTRIA3,10303,1,6437,6501,6457
CTRIA3,10304,1,6438,6479,6502
CTRIA3,10305,1,6440,6472,6503
CTRIA3,10306,1,6440,6503,6481
CTRIA3,10307,1,6441,6466,6504
CTRIA3,10308,1,6442,6505,6465
CTRIA3,10309,1,6443,6506,6466
CTRIA3,10310,1,6444,6465,6507
CTRIA3,10311,1,6488,6498,6508
CTRIA3,10312,1,6488,6508,6499
CTRIA3,10313,1,6439,6474,6509
CTRIA3,10314,1,6439,6509,6477
CTRIA3,10315,1,6489,6496,6510
CTRIA3,10316,1,6489,6510,6497
CTRIA3,10317,1,6447,6511,6483
CTRIA3,10318,1,6448,6512,6513
CTRIA3,10319,1,6448,6513,6449
CTRIA3,10320,1,6451,6450,6514
CTRIA3,10321,1,6451,6514,6515
CTRIA3,10322,1,6497,6510,6516
CTRIA3,10323,1,6498,6517,6508
CTRIA3,10324,1,6496,6518,6510
CTRIA3,10325,1,6499,6508,6519
CTRIA3,10326,1,6457,6501,6520
CTRIA3,10327,1,6458,6521,6500
CTRIA3,10328,1,6459,6476,6522
CTRIA3,10329,1,6459,6522,6473
CTRIA3,10330,1,6462,6464,6523
CTRIA3,10331,1,6460,6524,6461
CTRIA3,10332,1,6464,6525,6523
CTRIA3,10333,1,6461,6524,6526
CTRIA3,10334,1,6508,6517,6527
CTRIA3,10335,1,6508,6527,6519
CTRIA3,10336,1,6510,6518,6528
CTRIA3,10337,1,6510,6528,6516
CTRIA3,10338,1,6518,6529,6528
CTRIA3,10339,1,6516,6528,6530
CTRIA3,10340,1,6517,6531,6527
CTRIA3,10341,1,6519,6527,6532
CTRIA3,10342,1,6471,6478,6533
CTRIA3,10343,1,6472,6534,6503
CTRIA3,10344,1,6473,6522,6535
CTRIA3,10345,1,6474,6536,6509
CTRIA3,10346,1,6466,6506,6537
CTRIA3,10347,1,6466,6537,6504
CTRIA3,10348,1,6476,6538,6522
CTRIA3,10349,1,6477,6509,6539
CTRIA3,10350,1,6478,6482,6540
CTRIA3,10351,1,6478,6540,6533
CTRIA3,10352,1,6479,6500,6541
CTRIA3,10353,1,6479,6541,6502
CTRIA3,10354,1,6481,6503,6542
CTRIA3,10355,1,6482,6543,6540
CTRIA3,10356,1,6483,6511,6544
CTRIA3,10357,1,6483,6544,6501
CTRIA3,10358,1,6528,6529,6545
CTRIA3,10359,1,6528,6545,6530
CTRIA3,10360,1,6527,6531,6546
CTRIA3,10361,1,6527,6546,6547
CTRIA3,10362,1,6527,6547,6532
CTRIA3,10363,1,6529,6548,6545
CTRIA3,10364,1,6530,6545,6549
CTRIA3,10365,1,6465,6505,6550
CTRIA3,10366,1,6465,6551,6507
CTRIA3,10367,1,6465,6550,6551
CTRIA3,10368,1,6490,6494,6552
CTRIA3,10369,1,6491,6553,6495
CTRIA3,10370,1,6492,6554,6494
CTRIA3,10371,1,6493,6495,6555
CTRIA3,10372,1,6500,6521,6556
CTRIA3,10373,1,6500,6556,6541
CTRIA3,10374,1,6545,6548,6557
CTRIA3,10375,1,6545,6557,6558
CTRIA3,10376,1,6545,6558,6549
CTRIA3,10377,1,6548,6559,6557
CTRIA3,10378,1,6546,6560,6547
CTRIA3,10379,1,6547,6560,6561
CTRIA3,10380,1,6503,6534,6562
CTRIA3,10381,1,6503,6562,6542
CTRIA3,10382,1,6502,6541,6563
CTRIA3,10383,1,6504,6537,6564
CTRIA3,10384,1,6505,6565,6550
CTRIA3,10385,1,6506,6566,6537
CTRIA3,10386,1,6507,6551,6567
CTRIA3,10387,1,6501,6544,6568
CTRIA3,10388,1,6501,6568,6520
CTRIA3,10389,1,6511,6569,6544
CTRIA3,10390,1,6557,6559,6522
CTRIA3,10391,1,6557,6570,6558
CTRIA3,10392,1,6557,6522,6570
CTRIA3,10393,1,6512,6571,6572
CTRIA3,10394,1,6512,6572,6513
CTRIA3,10395,1,6515,6514,6573
CTRIA3,10396,1,6515,6573,6574
CTRIA3,10397,1,6559,6538,6522
CTRIA3,10398,1,6560,6575,6509
CTRIA3,10399,1,6560,6509,6561
CTRIA3,10400,1,6561,6509,6539
CTRIA3,10401,1,6520,6568,6576
CTRIA3,10402,1,6521,6577,6556
CTRIA3,10403,1,6523,6525,6578
CTRIA3,10404,1,6524,6579,6526
CTRIA3,10405,1,6525,6580,6578
CTRIA3,10406,1,6526,6579,6581
CTRIA3,10407,1,6540,6543,6582
CTRIA3,10408,1,6540,6582,6533
CTRIA3,10409,1,6494,6554,6552
CTRIA3,10410,1,6495,6553,6555
CTRIA3,10411,1,6570,6522,6583
CTRIA3,10412,1,6535,6522,6584
CTRIA3,10413,1,6535,6584,6585
CTRIA3,10414,1,6522,6538,6586
CTRIA3,10415,1,6522,6586,6583
CTRIA3,10416,1,6522,6538,6584
CTRIA3,10417,1,6538,6587,6586
CTRIA3,10418,1,6538,6588,6584
CTRIA3,10419,1,6575,6589,6509
CTRIA3,10420,1,6536,6590,6509
CTRIA3,10421,1,6509,6589,6591
CTRIA3,10422,1,6509,6591,6539
CTRIA3,10423,1,6509,6592,6539
CTRIA3,10424,1,6509,6590,6593
CTRIA3,10425,1,6509,6593,6592
CTRIA3,10426,1,6539,6591,6594
CTRIA3,10427,1,6533,6582,6595
CTRIA3,10428,1,6534,6596,6562
CTRIA3,10429,1,6537,6566,6597
CTRIA3,10430,1,6537,6597,6564
CTRIA3,10431,1,6542,6562,6598
CTRIA3,10432,1,6543,6599,6582
CTRIA3,10433,1,6541,6556,6600
CTRIA3,10434,1,6541,6600,6563
CTRIA3,10435,1,6583,6586,6601
CTRIA3,10436,1,6587,6602,6586
CTRIA3,10437,1,6594,6591,6603
CTRIA3,10438,1,6594,6603,6604
CTRIA3,10439,1,6589,6605,6591
CTRIA3,10440,1,6591,6605,6603
CTRIA3,10441,1,6586,6602,6606
CTRIA3,10442,1,6586,6606,6601
CTRIA3,10443,1,6552,6554,6607
CTRIA3,10444,1,6552,6607,6608
CTRIA3,10445,1,6553,6609,6610
CTRIA3,10446,1,6553,6610,6555
CTRIA3,10447,1,6551,6550,6611
CTRIA3,10448,1,6551,6611,6612
CTRIA3,10449,1,6551,6612,6567
CTRIA3,10450,1,6603,6605,6613
CTRIA3,10451,1,6603,6613,6604
CTRIA3,10452,1,6550,6565,6614
CTRIA3,10453,1,6550,6614,6611
CTRIA3,10454,1,6601,6606,6615
CTRIA3,10455,1,6602,6616,6617
CTRIA3,10456,1,6602,6617,6606
CTRIA3,10457,1,6604,6613,6618
CTRIA3,10458,1,6605,6619,6613
CTRIA3,10459,1,6544,6569,6620
CTRIA3,10460,1,6544,6620,6621
CTRIA3,10461,1,6544,6621,6568
CTRIA3,10462,1,6562,6596,6622
CTRIA3,10463,1,6562,6622,6598
CTRIA3,10464,1,6606,6617,6615
CTRIA3,10465,1,6564,6597,6623
CTRIA3,10466,1,6566,6624,6597
CTRIA3,10467,1,6563,6600,6625
CTRIA3,10468,1,6556,6577,6626
CTRIA3,10469,1,6556,6626,6600
CTRIA3,10470,1,6584,6588,6627
CTRIA3,10471,1,6584,6627,6585
CTRIA3,10472,1,6568,6628,6576
CTRIA3,10473,1,6568,6621,6628
CTRIA3,10474,1,6613,6619,6629
CTRIA3,10475,1,6613,6629,6618
CTRIA3,10476,1,6582,6599,6630
CTRIA3,10477,1,6582,6630,6595
CTRIA3,10478,1,6578,6580,6631
CTRIA3,10479,1,6615,6617,6632
CTRIA3,10480,1,6616,6633,6617
CTRIA3,10481,1,6616,6634,6633
CTRIA3,10482,1,6618,6629,6635
CTRIA3,10483,1,6619,6636,6629
CTRIA3,10484,1,6617,6633,6632
CTRIA3,10485,1,6579,6637,6581
CTRIA3,10486,1,6576,6628,6638
CTRIA3,10487,1,6571,6639,6572
CTRIA3,10488,1,6574,6573,6640
CTRIA3,10489,1,6580,6641,6631
CTRIA3,10490,1,6581,6637,6642
CTRIA3,10491,1,6629,6636,6643
CTRIA3,10492,1,6629,6643,6635
CTRIA3,10493,1,6633,6634,6644
CTRIA3,10494,1,6633,6644,6632
CTRIA3,10495,1,6588,6645,6627
CTRIA3,10496,1,6592,6593,6646
CTRIA3,10497,1,6585,6627,6647
CTRIA3,10498,1,6590,6648,6593
CTRIA3,10499,1,6634,6649,6644
CTRIA3,10500,1,6635,6643,6650
CTRIA3,10501,1,6632,6644,6651
CTRIA3,10502,1,6636,6652,6643
CTRIA3,10503,1,6597,6624,6653
CTRIA3,10504,1,6597,6653,6623
CTRIA3,10505,1,6595,6630,6654
CTRIA3,10506,1,6596,6655,6622
CTRIA3,10507,1,6598,6622,6656
CTRIA3,10508,1,6599,6657,6630
CTRIA3,10509,1,6643,6652,6658
CTRIA3,10510,1,6643,6658,6650
CTRIA3,10511,1,6644,6649,6659
CTRIA3,10512,1,6644,6659,6660
CTRIA3,10513,1,6644,6660,6651
CTRIA3,10514,1,6593,6648,6661
CTRIA3,10515,1,6593,6661,6646
CTRIA3,10516,1,6649,6662,6659
CTRIA3,10517,1,6650,6658,6663
CTRIA3,10518,1,6652,6664,6658
CTRIA3,10519,1,6608,6607,6665
CTRIA3,10520,1,6608,6665,6666
CTRIA3,10521,1,6609,6667,6610
CTRIA3,10522,1,6609,6668,6667
CTRIA3,10523,1,6658,6664,6669
CTRIA3,10524,1,6658,6669,6663
CTRIA3,10525,1,6627,6645,6670
CTRIA3,10526,1,6627,6670,6647
CTRIA3,10527,1,6628,6621,6671
CTRIA3,10528,1,6628,6671,6638
CTRIA3,10529,1,6600,6626,6672
CTRIA3,10530,1,6600,6673,6625
CTRIA3,10531,1,6600,6672,6673
CTRIA3,10532,1,6659,6662,6674
CTRIA3,10533,1,6659,6675,6660
CTRIA3,10534,1,6659,6674,6675
CTRIA3,10535,1,6662,6676,6674
CTRIA3,10536,1,6663,6669,6677
CTRIA3,10537,1,6664,6678,6669
CTRIA3,10538,1,6611,6614,6679
CTRIA3,10539,1,6611,6679,6680
CTRIA3,10540,1,6611,6680,6612
CTRIA3,10541,1,6623,6653,6681
CTRIA3,10542,1,6614,6682,6679
CTRIA3,10543,1,6624,6683,6653
CTRIA3,10544,1,6625,6673,6684
CTRIA3,10545,1,6622,6655,6685
CTRIA3,10546,1,6622,6685,6656
CTRIA3,10547,1,6669,6678,6686
CTRIA3,10548,1,6669,6686,6677
CTRIA3,10549,1,6620,6687,6621
CTRIA3,10550,1,6630,6657,6688
CTRIA3,10551,1,6630,6688,6654
CTRIA3,10552,1,6631,6641,6689
CTRIA3,10553,1,6637,6690,6642
CTRIA3,10554,1,6676,6691,6674
CTRIA3,10555,1,6677,6686,6692
CTRIA3,10556,1,6675,6674,6693
CTRIA3,10557,1,6678,6694,6686
CTRIA3,10558,1,6641,6695,6689
CTRIA3,10559,1,6638,6671,6696
CTRIA3,10560,1,6626,6697,6672
CTRIA3,10561,1,6621,6687,6698
CTRIA3,10562,1,6621,6698,6671
CTRIA3,10563,1,6674,6691,6699
CTRIA3,10564,1,6674,6699,6693
CTRIA3,10565,1,6642,6690,6700
CTRIA3,10566,1,6653,6701,6681
CTRIA3,10567,1,6653,6683,6701
CTRIA3,10568,1,6686,6694,6702
CTRIA3,10569,1,6686,6702,6692
CTRIA3,10570,1,6645,6703,6670
CTRIA3,10571,1,6646,6661,6704
CTRIA3,10572,1,6647,6670,6705
CTRIA3,10573,1,6648,6706,6661
CTRIA3,10574,1,6691,6707,6708
CTRIA3,10575,1,6691,6708,6699
CTRIA3,10576,1,6692,6702,6709
CTRIA3,10577,1,6693,6699,6710
CTRIA3,10578,1,6694,6711,6702
CTRIA3,10579,1,6654,6688,6712
CTRIA3,10580,1,6655,6713,6685
CTRIA3,10581,1,6656,6685,6714
CTRIA3,10582,1,6657,6715,6688
CTRIA3,10583,1,6699,6708,6710
CTRIA3,10584,1,6702,6711,6716
CTRIA3,10585,1,6702,6716,6709
CTRIA3,10586,1,6661,6706,6704
CTRIA3,10587,1,6670,6703,6705
CTRIA3,10588,1,6710,6708,6717
CTRIA3,10589,1,6707,6701,6708
CTRIA3,10590,1,6707,6683,6701
CTRIA3,10591,1,6709,6716,6680
CTRIA3,10592,1,6711,6718,6716
CTRIA3,10593,1,6708,6701,6717
CTRIA3,10594,1,6665,6719,6666
CTRIA3,10595,1,6667,6668,6720
CTRIA3,10596,1,6666,6719,6721
CTRIA3,10597,1,6668,6722,6720
CTRIA3,10598,1,6716,6718,6679
CTRIA3,10599,1,6716,6679,6680
CTRIA3,10600,1,6671,6698,6723
CTRIA3,10601,1,6671,6723,6696
CTRIA3,10602,1,6673,6672,6724
CTRIA3,10603,1,6673,6724,6725
CTRIA3,10604,1,6673,6725,6684
CTRIA3,10605,1,6717,6701,6726
CTRIA3,10606,1,6681,6701,6727
CTRIA3,10607,1,6701,6683,6728
CTRIA3,10608,1,6701,6728,6726
CTRIA3,10609,1,6701,6683,6729
CTRIA3,10610,1,6701,6729,6730
CTRIA3,10611,1,6701,6730,6727
CTRIA3,10612,1,6683,6731,6728
CTRIA3,10613,1,6718,6732,6679
CTRIA3,10614,1,6718,6733,6732
CTRIA3,10615,1,6682,6734,6679
CTRIA3,10616,1,6679,6732,6680
CTRIA3,10617,1,6679,6734,6735
CTRIA3,10618,1,6679,6736,6680
CTRIA3,10619,1,6679,6735,6736
CTRIA3,10620,1,6680,6732,6737
CTRIA3,10621,1,6684,6725,6738
CTRIA3,10622,1,6688,6715,6739
CTRIA3,10623,1,6688,6739,6712
CTRIA3,10624,1,6687,6740,6698
CTRIA3,10625,1,6689,6695,6741
CTRIA3,10626,1,6732,6733,6742
CTRIA3,10627,1,6732,6742,6737
CTRIA3,10628,1,6690,6743,6700
CTRIA3,10629,1,6672,6697,6744
CTRIA3,10630,1,6672,6744,6745
CTRIA3,10631,1,6672,6745,6724
CTRIA3,10632,1,6695,6746,6741
CTRIA3,10633,1,6726,6728,6747
CTRIA3,10634,1,6733,6748,6742
CTRIA3,10635,1,6728,6731,6749
CTRIA3,10636,1,6728,6749,6747
CTRIA3,10637,1,6700,6743,6750
CTRIA3,10638,1,6731,6751,6749
CTRIA3,10639,1,6737,6742,6752
CTRIA3,10640,1,6696,6723,6753
CTRIA3,10641,1,6685,6713,6754
CTRIA3,10642,1,6685,6755,6714
CTRIA3,10643,1,6685,6754,6755
CTRIA3,10644,1,6703,6756,6705
CTRIA3,10645,1,6704,6706,6757
CTRIA3,10646,1,6742,6748,6758
CTRIA3,10647,1,6742,6758,6752
CTRIA3,10648,1,6705,6756,6759
CTRIA3,10649,1,6706,6760,6757
CTRIA3,10650,1,6698,6740,6761
CTRIA3,10651,1,6698,6761,6723
CTRIA3,10652,1,6715,6762,6739
CTRIA3,10653,1,6747,6749,6763
CTRIA3,10654,1,6748,6764,6758
CTRIA3,10655,1,6749,6751,6765
CTRIA3,10656,1,6749,6765,6763
CTRIA3,10657,1,6712,6739,6766
CTRIA3,10658,1,6751,6767,6765
CTRIA3,10659,1,6752,6758,6768
CTRIA3,10660,1,6758,6764,6769
CTRIA3,10661,1,6758,6769,6768
CTRIA3,10662,1,6765,6767,6770
CTRIA3,10663,1,6765,6770,6763
CTRIA3,10664,1,6763,6770,6771
CTRIA3,10665,1,6764,6772,6769
CTRIA3,10666,1,6719,6773,6721
CTRIA3,10667,1,6720,6722,6774
CTRIA3,10668,1,6721,6773,6775
CTRIA3,10669,1,6722,6776,6774
CTRIA3,10670,1,6767,6777,6770
CTRIA3,10671,1,6768,6769,6778
CTRIA3,10672,1,6723,6761,6779
CTRIA3,10673,1,6723,6779,6753
CTRIA3,10674,1,6769,6772,6780
CTRIA3,10675,1,6769,6780,6778
CTRIA3,10676,1,6724,6745,6781
CTRIA3,10677,1,6724,6781,6725
CTRIA3,10678,1,6770,6777,6782
CTRIA3,10679,1,6770,6782,6771
CTRIA3,10680,1,6725,6781,6783
CTRIA3,10681,1,6725,6783,6738
CTRIA3,10682,1,6771,6782,6784
CTRIA3,10683,1,6772,6785,6780
CTRIA3,10684,1,6734,6786,6735
CTRIA3,10685,1,6727,6730,6787
CTRIA3,10686,1,6736,6735,6788
CTRIA3,10687,1,6729,6789,6730
CTRIA3,10688,1,6777,6790,6782
CTRIA3,10689,1,6778,6780,6791
CTRIA3,10690,1,6735,6786,6788
CTRIA3,10691,1,6740,6792,6761
CTRIA3,10692,1,6782,6790,6793
CTRIA3,10693,1,6782,6793,6784
CTRIA3,10694,1,6780,6785,6794
CTRIA3,10695,1,6780,6794,6795
CTRIA3,10696,1,6780,6795,6791
CTRIA3,10697,1,6784,6793,6796
CTRIA3,10698,1,6730,6789,6787
CTRIA3,10699,1,6790,6797,6798
CTRIA3,10700,1,6790,6798,6793
CTRIA3,10701,1,6791,6795,6799
CTRIA3,10702,1,6739,6762,6800
CTRIA3,10703,1,6739,6800,6801
CTRIA3,10704,1,6739,6801,6766
CTRIA3,10705,1,6753,6779,6802
CTRIA3,10706,1,6753,6802,6803
CTRIA3,10707,1,6744,6804,6745
CTRIA3,10708,1,6744,6805,6804
CTRIA3,10709,1,6756,6806,6759
CTRIA3,10710,1,6757,6760,6807
CTRIA3,10711,1,6759,6806,6808
CTRIA3,10712,1,6760,6809,6807
CTRIA3,10713,1,6793,6798,6796
CTRIA3,10714,1,6745,6804,6810
CTRIA3,10715,1,6745,6810,6781
CTRIA3,10716,1,6755,6754,6811
CTRIA3,10717,1,6755,6811,6812
CTRIA3,10718,1,6761,6792,6813
CTRIA3,10719,1,6761,6814,6779
CTRIA3,10720,1,6761,6813,6814
CTRIA3,10721,1,6796,6798,6815
CTRIA3,10722,1,6794,6816,6795
CTRIA3,10723,1,6766,6801,6817
CTRIA3,10724,1,6754,6818,6811
CTRIA3,10725,1,6795,6816,6819
CTRIA3,10726,1,6795,6819,6799
CTRIA3,10727,1,6797,6820,6798
CTRIA3,10728,1,6799,6819,6821
CTRIA3,10729,1,6798,6820,6822
CTRIA3,10730,1,6798,6822,6815
CTRIA3,10731,1,6781,6810,6823
CTRIA3,10732,1,6781,6823,6783
CTRIA3,10733,1,6779,6814,6824
CTRIA3,10734,1,6779,6824,6802
CTRIA3,10735,1,6773,6825,6775
CTRIA3,10736,1,6774,6776,6826
CTRIA3,10737,1,6815,6822,6827
CTRIA3,10738,1,6816,6828,6829
CTRIA3,10739,1,6816,6829,6819
CTRIA3,10740,1,6775,6825,6830
CTRIA3,10741,1,6776,6831,6826
CTRIA3,10742,1,6819,6829,6832
CTRIA3,10743,1,6819,6832,6821
CTRIA3,10744,1,6820,6833,6822
CTRIA3,10745,1,6820,6834,6833
CTRIA3,10746,1,6822,6833,6827
CTRIA3,10747,1,6827,6833,6835
CTRIA3,10748,1,6828,6836,6829
CTRIA3,10749,1,6783,6823,6837
CTRIA3,10750,1,6829,6836,6838
CTRIA3,10751,1,6829,6838,6832
CTRIA3,10752,1,6792,6839,6813
CTRIA3,10753,1,6833,6834,6840
CTRIA3,10754,1,6833,6840,6835
CTRIA3,10755,1,6786,6841,6842
CTRIA3,10756,1,6786,6842,6788
CTRIA3,10757,1,6789,6843,6787
CTRIA3,10758,1,6787,6843,6844
CTRIA3,10759,1,6804,6805,6845
CTRIA3,10760,1,6804,6846,6810
CTRIA3,10761,1,6804,6847,6846
CTRIA3,10762,1,6804,6845,6847
CTRIA3,10763,1,6802,6824,6848
CTRIA3,10764,1,6802,6848,6849
CTRIA3,10765,1,6802,6849,6803
CTRIA3,10766,1,6834,6850,6840
CTRIA3,10767,1,6832,6838,6851
CTRIA3,10768,1,6810,6846,6852
CTRIA3,10769,1,6810,6852,6823
CTRIA3,10770,1,6814,6813,6853
CTRIA3,10771,1,6814,6854,6824
CTRIA3,10772,1,6814,6853,6854
CTRIA3,10773,1,6835,6840,6855
CTRIA3,10774,1,6836,6856,6838
CTRIA3,10775,1,6824,6854,6848
CTRIA3,10776,1,6838,6856,6857
CTRIA3,10777,1,6838,6857,6851
CTRIA3,10778,1,6803,6849,6858
CTRIA3,10779,1,6805,6859,6845
CTRIA3,10780,1,6840,6850,6860
CTRIA3,10781,1,6840,6860,6855
CTRIA3,10782,1,6806,6861,6808
CTRIA3,10783,1,6807,6809,6862
CTRIA3,10784,1,6813,6839,6853
CTRIA3,10785,1,6808,6861,6863
CTRIA3,10786,1,6809,6864,6862
CTRIA3,10787,1,6850,6865,6860
CTRIA3,10788,1,6851,6857,6866
CTRIA3,10789,1,6823,6852,6837
CTRIA3,10790,1,6800,6867,6801
CTRIA3,10791,1,6812,6811,6868
CTRIA3,10792,1,6801,6867,6869
CTRIA3,10793,1,6801,6870,6817
CTRIA3,10794,1,6801,6869,6870
CTRIA3,10795,1,6811,6818,6871
CTRIA3,10796,1,6811,6871,6872
CTRIA3,10797,1,6811,6872,6868
CTRIA3,10798,1,6848,6854,6873
CTRIA3,10799,1,6848,6873,6874
CTRIA3,10800,1,6848,6874,6849
CTRIA3,10801,1,6846,6847,6875
CTRIA3,10802,1,6846,6875,6876
CTRIA3,10803,1,6846,6876,6852
CTRIA3,10804,1,6847,6845,6877
CTRIA3,10805,1,6847,6877,6875
CTRIA3,10806,1,6854,6878,6873
CTRIA3,10807,1,6854,6853,6878
CTRIA3,10808,1,6845,6879,6877
CTRIA3,10809,1,6845,6859,6879
CTRIA3,10810,1,6849,6874,6880
CTRIA3,10811,1,6849,6880,6858
CTRIA3,10812,1,6825,6881,6830
CTRIA3,10813,1,6826,6831,6882
CTRIA3,10814,1,6875,6877,6883
CTRIA3,10815,1,6875,6884,6876
CTRIA3,10816,1,6875,6883,6884
CTRIA3,10817,1,6873,6885,6874
CTRIA3,10818,1,6873,6886,6885
CTRIA3,10819,1,6873,6878,6887
CTRIA3,10820,1,6873,6887,6886
CTRIA3,10821,1,6874,6885,6888
CTRIA3,10822,1,6874,6888,6880
CTRIA3,10823,1,6876,6884,6889
CTRIA3,10824,1,6876,6889,6852
CTRIA3,10825,1,6877,6890,6883
CTRIA3,10826,1,6877,6879,6890
CTRIA3,10827,1,6884,6883,6891
CTRIA3,10828,1,6884,6891,6892
CTRIA3,10829,1,6884,6892,6889
CTRIA3,10830,1,6883,6893,6891
CTRIA3,10831,1,6883,6890,6893
CTRIA3,10832,1,6885,6886,6894
CTRIA3,10833,1,6885,6894,6888
CTRIA3,10834,1,6886,6887,6895
CTRIA3,10835,1,6886,6895,6896
CTRIA3,10836,1,6886,6896,6894
CTRIA3,10837,1,6891,6897,6892
CTRIA3,10838,1,6891,6898,6897
CTRIA3,10839,1,6891,6893,6898
CTRIA3,10840,1,6899,6900,6901
CTRIA3,10841,1,6899,6901,6902
CTRIA3,10842,1,6900,6893,6903
CTRIA3,10843,1,6900,6903,6901
CTRIA3,10844,1,6904,6905,6906
CTRIA3,10845,1,6904,6907,6894
CTRIA3,10846,1,6904,6906,6907
CTRIA3,10847,1,6902,6908,6909
CTRIA3,10848,1,6902,6910,6908
CTRIA3,10849,1,6902,6901,6910
CTRIA3,10850,1,6905,6911,6912
CTRIA3,10851,1,6905,6912,6906
CTRIA3,10852,1,6893,6913,6914
CTRIA3,10853,1,6893,6915,6903
CTRIA3,10854,1,6893,6890,6913
CTRIA3,10855,1,6894,6916,6917
CTRIA3,10856,1,6894,6917,6888
CTRIA3,10857,1,6894,6918,6919
CTRIA3,10858,1,6894,6907,6918
CTRIA3,10859,1,6909,6908,6920
CTRIA3,10860,1,6920,6921,6922
CTRIA3,10861,1,6920,6908,6921
CTRIA3,10862,1,6922,6923,6924
CTRIA3,10863,1,6922,6921,6923
CTRIA3,10864,1,6916,6925,6926
CTRIA3,10865,1,6916,6926,6917
CTRIA3,10866,1,6914,6927,6928
CTRIA3,10867,1,6914,6913,6927
CTRIA3,10868,1,6924,6923,6929
CTRIA3,10869,1,6929,6923,6930
CTRIA3,10870,1,6930,6923,6931
CTRIA3,10871,1,6930,6931,6932
CTRIA3,10872,1,6928,6927,6933
CTRIA3,10873,1,6925,6934,6926
CTRIA3,10874,1,6932,6931,6935
CTRIA3,10875,1,6932,6936,6937
CTRIA3,10876,1,6932,6935,6936
CTRIA3,10877,1,6911,6839,6938
CTRIA3,10878,1,6911,6938,6912
CTRIA3,10879,1,6937,6936,6939
CTRIA3,10880,1,6923,6921,6931
CTRIA3,10881,1,6939,6940,6837
CTRIA3,10882,1,6939,6936,6940
CTRIA3,10883,1,6915,6941,6942
CTRIA3,10884,1,6915,6942,6903
CTRIA3,10885,1,6919,6918,6943
CTRIA3,10886,1,6921,6908,6944
CTRIA3,10887,1,6921,6944,6931
CTRIA3,10888,1,6941,6859,6945
CTRIA3,10889,1,6941,6945,6942
CTRIA3,10890,1,6908,6910,6944
CTRIA3,10891,1,6943,6946,6858
CTRIA3,10892,1,6943,6918,6946
CTRIA3,10893,1,6837,6940,6947
CTRIA3,10894,1,6931,6944,6935
CTRIA3,10895,1,6859,6948,6945
CTRIA3,10896,1,6858,6946,6949
CTRIA3,10897,1,6950,6951,6952
CTRIA3,10898,1,6950,6952,6953
CTRIA3,10899,1,6953,6952,6954
CTRIA3,10900,1,6953,6954,6955
CTRIA3,10901,1,6955,6954,6956
CTRIA3,10902,1,6955,6956,6957
CTRIA3,10903,1,6957,6956,6958
CTRIA3,10904,1,6957,6958,6959
CTRIA3,10905,1,6959,6958,6960
CTRIA3,10906,1,6959,6960,6961
CTRIA3,10907,1,6961,6960,6962
CTRIA3,10908,1,6960,6963,6962
CTRIA3,10909,1,6962,6963,6964
CTRIA3,10910,1,6963,6965,6964
CTRIA3,10911,1,6964,6965,6966
CTRIA3,10912,1,6964,6966,6967
CTRIA3,10913,1,6965,6968,6966
CTRIA3,10914,1,6966,6968,6969
CTRIA3,10915,1,6966,6969,6967
CTRIA3,10916,1,6967,6969,6970
CTRIA3,10917,1,6968,6971,6969
CTRIA3,10918,1,6970,6969,6972
CTRIA3,10919,1,6969,6971,6973
CTRIA3,10920,1,6969,6973,6972
CTRIA3,10921,1,6971,6974,6973
CTRIA3,10922,1,6972,6973,6975
CTRIA3,10923,1,6972,6975,6976
CTRIA3,10924,1,6974,6977,6973
CTRIA3,10925,1,6974,6978,6977
CTRIA3,10926,1,6973,6977,6975
CTRIA3,10927,1,6976,6975,6979
CTRIA3,10928,1,6976,6979,6980
CTRIA3,10929,1,6975,6977,6981
CTRIA3,10930,1,6975,6981,6979
CTRIA3,10931,1,6977,6978,6982
CTRIA3,10932,1,6977,6982,6981
CTRIA3,10933,1,6978,6983,6982
CTRIA3,10934,1,6947,6984,6985
CTRIA3,10935,1,6984,6986,6987
CTRIA3,10936,1,6984,6987,6985
CTRIA3,10937,1,6986,6988,6989
CTRIA3,10938,1,6986,6989,6990
CTRIA3,10939,1,6986,6990,6987
CTRIA3,10940,1,6988,6991,6992
CTRIA3,10941,1,6988,6992,6989
CTRIA3,10942,1,6991,6993,6994
CTRIA3,10943,1,6991,6994,6992
CTRIA3,10944,1,6980,6979,6995
CTRIA3,10945,1,6980,6995,6996
CTRIA3,10946,1,6993,6948,6997
CTRIA3,10947,1,6993,6997,6994
CTRIA3,10948,1,6979,6981,6998
CTRIA3,10949,1,6979,6998,6999
CTRIA3,10950,1,6979,6999,6995
CTRIA3,10951,1,6981,6982,6998
CTRIA3,10952,1,6982,6983,7000
CTRIA3,10953,1,6982,7000,7001
CTRIA3,10954,1,6982,7001,6998
CTRIA3,10955,1,6983,7002,7000
CTRIA3,10956,1,6948,7003,6997
CTRIA3,10957,1,7002,7004,7000
CTRIA3,10958,1,7002,7005,7004
CTRIA3,10959,1,6998,7001,7006
CTRIA3,10960,1,6998,7006,6999
CTRIA3,10961,1,6996,6995,7007
CTRIA3,10962,1,6996,7007,7008
CTRIA3,10963,1,7000,7004,7009
CTRIA3,10964,1,7000,7009,7001
CTRIA3,10965,1,6995,6999,7010
CTRIA3,10966,1,6995,7010,7007
CTRIA3,10967,1,6999,7006,7010
CTRIA3,10968,1,7001,7009,7011
CTRIA3,10969,1,7001,7011,7006
CTRIA3,10970,1,7004,7005,7012
CTRIA3,10971,1,7004,7012,7009
CTRIA3,10972,1,7005,7013,7012
CTRIA3,10973,1,7008,7007,7014
CTRIA3,10974,1,7008,7014,7015
CTRIA3,10975,1,7006,7011,7016
CTRIA3,10976,1,7006,7016,7010
CTRIA3,10977,1,7007,7010,7017
CTRIA3,10978,1,7007,7017,7014
CTRIA3,10979,1,7009,7012,7018
CTRIA3,10980,1,7009,7018,7011
CTRIA3,10981,1,7010,7016,7017
CTRIA3,10982,1,7012,7013,7019
CTRIA3,10983,1,7012,7019,7018
CTRIA3,10984,1,7013,7020,7019
CTRIA3,10985,1,7015,7014,7021
CTRIA3,10986,1,7011,7018,7022
CTRIA3,10987,1,7011,7022,7023
CTRIA3,10988,1,7011,7023,7016
CTRIA3,10989,1,7017,7016,7024
CTRIA3,10990,1,7017,7025,7014
CTRIA3,10991,1,7017,7024,7025
CTRIA3,10992,1,7016,7023,7024
CTRIA3,10993,1,7018,7019,7026
CTRIA3,10994,1,7018,7026,7022
CTRIA3,10995,1,7014,7025,7027
CTRIA3,10996,1,7014,7027,7021
CTRIA3,10997,1,7019,7020,7028
CTRIA3,10998,1,7019,7028,7026
CTRIA3,10999,1,7020,7029,7028
CTRIA3,11000,1,7021,7027,7030
CTRIA3,11001,1,7025,7024,7031
CTRIA3,11002,1,7025,7031,7027
CTRIA3,11003,1,7022,7026,7032
CTRIA3,11004,1,7022,7033,7023
CTRIA3,11005,1,7022,7032,7033
CTRIA3,11006,1,7023,7034,7024
CTRIA3,11007,1,7023,7033,7034
CTRIA3,11008,1,7024,7034,7031
CTRIA3,11009,1,7026,7028,7035
CTRIA3,11010,1,7026,7035,7032
CTRIA3,11011,1,7028,7029,7036
CTRIA3,11012,1,7028,7036,7035
CTRIA3,11013,1,7029,7037,7036
CTRIA3,11014,1,7027,7031,7038
CTRIA3,11015,1,7027,7039,7030
CTRIA3,11016,1,7027,7038,7039
CTRIA3,11017,1,7034,7033,7040
CTRIA3,11018,1,7034,7041,7031
CTRIA3,11019,1,7034,7040,7041
CTRIA3,11020,1,7031,7041,7038
CTRIA3,11021,1,7033,7032,7042
CTRIA3,11022,1,7033,7042,7040
CTRIA3,11023,1,7035,7036,7043
CTRIA3,11024,1,7035,7043,7032
CTRIA3,11025,1,7032,7043,7042
CTRIA3,11026,1,7030,7039,7044
CTRIA3,11027,1,7036,7037,7045
CTRIA3,11028,1,7036,7045,7043
CTRIA3,11029,1,7039,7038,7046
CTRIA3,11030,1,7039,7046,7044
CTRIA3,11031,1,7037,7047,7045
CTRIA3,11032,1,7038,7041,7048
CTRIA3,11033,1,7038,7048,7046
CTRIA3,11034,1,7041,7040,7049
CTRIA3,11035,1,7041,7049,7048
CTRIA3,11036,1,7040,7042,7050
CTRIA3,11037,1,7040,7050,7049
CTRIA3,11038,1,7042,7043,7051
CTRIA3,11039,1,7042,7051,7050
CTRIA3,11040,1,7043,7045,7052
CTRIA3,11041,1,7043,7052,7051
CTRIA3,11042,1,7044,7046,7053
CTRIA3,11043,1,7048,7049,7054
CTRIA3,11044,1,7048,7054,7055
CTRIA3,11045,1,7048,7055,7046
CTRIA3,11046,1,7049,7050,7056
CTRIA3,11047,1,7049,7056,7054
CTRIA3,11048,1,7050,7051,7057
CTRIA3,11049,1,7050,7057,7056
CTRIA3,11050,1,7051,7052,7057
CTRIA3,11051,1,7045,7047,7058
CTRIA3,11052,1,7045,7058,7059
CTRIA3,11053,1,7045,7059,7052
CTRIA3,11054,1,7046,7055,7060
CTRIA3,11055,1,7046,7060,7053
CTRIA3,11056,1,7052,7059,7061
CTRIA3,11057,1,7052,7061,7057
CTRIA3,11058,1,7054,7056,7062
CTRIA3,11059,1,7054,7062,7063
CTRIA3,11060,1,7054,7063,7055
CTRIA3,11061,1,7056,7057,7064
CTRIA3,11062,1,7056,7064,7062
CTRIA3,11063,1,7057,7061,7064
CTRIA3,11064,1,7053,7060,7065
CTRIA3,11065,1,7055,7063,7060
CTRIA3,11066,1,7058,7066,7059
CTRIA3,11067,1,7059,7066,7067
CTRIA3,11068,1,7059,7067,7061
CTRIA3,11069,1,7060,7063,7068
CTRIA3,11070,1,7060,7068,7069
CTRIA3,11071,1,7060,7069,7065
CTRIA3,11072,1,7061,7070,7064
CTRIA3,11073,1,7061,7067,7070
CTRIA3,11074,1,7064,7070,7071
CTRIA3,11075,1,7064,7071,7062
CTRIA3,11076,1,7062,7071,7072
CTRIA3,11077,1,7062,7072,7063
CTRIA3,11078,1,7063,7072,7068
CTRIA3,11079,1,7066,7073,7067
CTRIA3,11080,1,7070,7067,7074
CTRIA3,11081,1,7070,7075,7071
CTRIA3,11082,1,7070,7074,7075
CTRIA3,11083,1,7071,7075,7076
CTRIA3,11084,1,7071,7076,7072
CTRIA3,11085,1,7067,7073,7077
CTRIA3,11086,1,7067,7077,7074
CTRIA3,11087,1,7072,7076,7078
CTRIA3,11088,1,7072,7078,7068
CTRIA3,11089,1,7068,7078,7079
CTRIA3,11090,1,7068,7079,7069
CTRIA3,11091,1,7075,7074,7080
CTRIA3,11092,1,7075,7080,7081
CTRIA3,11093,1,7075,7081,7076
CTRIA3,11094,1,7074,7077,7080
CTRIA3,11095,1,7076,7081,7082
CTRIA3,11096,1,7076,7082,7083
CTRIA3,11097,1,7076,7083,7078
CTRIA3,11098,1,7078,7083,7084
CTRIA3,11099,1,7078,7084,7079
CTRIA3,11100,1,7077,7085,7080
CTRIA3,11101,1,7080,7085,7086
CTRIA3,11102,1,7080,7086,7081
CTRIA3,11103,1,7081,7086,7082
CTRIA3,11104,1,6949,7087,7088
CTRIA3,11105,1,7087,7089,7090
CTRIA3,11106,1,7087,7090,7088
CTRIA3,11107,1,7085,7091,7086
CTRIA3,11108,1,7086,7092,7082
CTRIA3,11109,1,7086,7091,7092
CTRIA3,11110,1,7082,7093,7083
CTRIA3,11111,1,7082,7092,7093
CTRIA3,11112,1,7083,7093,7094
CTRIA3,11113,1,7083,7094,7084
CTRIA3,11114,1,7089,7095,7096
CTRIA3,11115,1,7089,7096,7090
CTRIA3,11116,1,7095,7097,7098
CTRIA3,11117,1,7095,7099,7096
CTRIA3,11118,1,7095,7100,7099
CTRIA3,11119,1,7095,7098,7100
CTRIA3,11120,1,7097,7101,7102
CTRIA3,11121,1,7097,7102,7103
CTRIA3,11122,1,7097,7103,7098
CTRIA3,11123,1,7101,7104,7105
CTRIA3,11124,1,7101,7105,7106
CTRIA3,11125,1,7101,7106,7102
CTRIA3,11126,1,7104,7107,7108
CTRIA3,11127,1,7104,7108,7109
CTRIA3,11128,1,7104,7109,7105
CTRIA3,11129,1,7107,7110,7111
CTRIA3,11130,1,7107,7111,7108
CTRIA3,11131,1,7110,7112,7113
CTRIA3,11132,1,7110,7113,7114
CTRIA3,11133,1,7110,7114,7111
CTRIA3,11134,1,7112,7115,7116
CTRIA3,11135,1,7112,7116,7117
CTRIA3,11136,1,7112,7117,7113
CTRIA3,11137,1,7115,7118,7119
CTRIA3,11138,1,7115,7119,7120
CTRIA3,11139,1,7115,7120,7116
CTRIA3,11140,1,7118,6938,7121
CTRIA3,11141,1,7118,7121,7119
CTRIA3,11142,1,6938,7122,7121
CTRIA3,11143,1,7093,7092,7123
CTRIA3,11144,1,7093,7124,7094
CTRIA3,11145,1,7093,7123,7124
CTRIA3,11146,1,7092,7091,7125
CTRIA3,11147,1,7092,7125,7123
CTRIA3,11148,1,7124,7123,7126
CTRIA3,11149,1,7125,7127,7123
CTRIA3,11150,1,7123,7127,7128
CTRIA3,11151,1,7123,7128,7126
CTRIA3,11152,1,7126,7128,7129
CTRIA3,11153,1,7127,7130,7128
CTRIA3,11154,1,7128,7130,7131
CTRIA3,11155,1,7128,7132,7129
CTRIA3,11156,1,7128,7131,7132
CTRIA3,11157,1,7132,7131,7133
CTRIA3,11158,1,7131,7134,7133
CTRIA3,11159,1,7133,7134,7135
CTRIA3,11160,1,7134,7136,7135
CTRIA3,11161,1,7135,7136,7137
CTRIA3,11162,1,7136,7138,7137
CTRIA3,11163,1,7137,7138,7139
CTRIA3,11164,1,7138,7140,7139
CTRIA3,11165,1,7139,7140,7141
CTRIA3,11166,1,7140,7142,7141
CTRIA3,11167,1,7141,7142,7143
CTRIA3,11168,1,7142,7144,7143
CTRIA3,11169,1,7143,7144,7145
CTRIA3,11170,1,7003,7146,7147
CTRIA3,11171,1,7003,7147,7148
CTRIA3,11172,1,7088,7149,7150
CTRIA3,11173,1,7088,7150,7151
CTRIA3,11174,1,7149,7152,7153
CTRIA3,11175,1,7149,7153,7150
CTRIA3,11176,1,6985,7154,7155
CTRIA3,11177,1,7122,7156,7157
CTRIA3,11178,1,7148,7147,7158
CTRIA3,11179,1,7148,7158,7159
CTRIA3,11180,1,6841,7160,7161
CTRIA3,11181,1,6841,7161,6842
CTRIA3,11182,1,7152,7162,7163
CTRIA3,11183,1,7152,7163,7153
CTRIA3,11184,1,7159,7158,7164
CTRIA3,11185,1,7159,7164,7165
CTRIA3,11186,1,6843,7166,6844
CTRIA3,11187,1,6843,7167,7166
CTRIA3,11188,1,7116,7120,7117
CTRIA3,11189,1,6844,7166,7168
CTRIA3,11190,1,7105,7109,7106
CTRIA3,11191,1,7162,7169,7100
CTRIA3,11192,1,7162,7100,7163
CTRIA3,11193,1,7165,6992,7170
CTRIA3,11194,1,7165,7164,6992
CTRIA3,11195,1,7170,7171,7172
CTRIA3,11196,1,7170,7173,7171
CTRIA3,11197,1,7170,6992,7173
CTRIA3,11198,1,7169,7174,7175
CTRIA3,11199,1,7169,7175,7176
CTRIA3,11200,1,7169,7176,7100
CTRIA3,11201,1,7154,7177,7178
CTRIA3,11202,1,7154,7178,7155
CTRIA3,11203,1,7157,7179,7180
CTRIA3,11204,1,7157,7156,7179
CTRIA3,11205,1,6992,7164,7181
CTRIA3,11206,1,6992,7181,7182
CTRIA3,11207,1,7100,7183,7184
CTRIA3,11208,1,7100,7184,7163
CTRIA3,11209,1,7183,7185,7184
CTRIA3,11210,1,7182,7181,7186
CTRIA3,11211,1,7182,7186,7187
CTRIA3,11212,1,7185,7188,7189
CTRIA3,11213,1,7185,7189,7184
CTRIA3,11214,1,7177,7190,7191
CTRIA3,11215,1,7177,7191,7178
CTRIA3,11216,1,7187,7186,7192
CTRIA3,11217,1,7187,7192,7190
CTRIA3,11218,1,7190,7192,7191
CTRIA3,11219,1,7180,7193,7188
CTRIA3,11220,1,7180,7179,7193
CTRIA3,11221,1,7188,7194,7189
CTRIA3,11222,1,7188,7193,7194
CTRIA3,11223,1,7163,7184,7153
CTRIA3,11224,1,6861,7195,6863
CTRIA3,11225,1,6862,6864,7196
CTRIA3,11226,1,6863,7195,7197
CTRIA3,11227,1,6864,7198,7196
CTRIA3,11228,1,6867,7199,6869
CTRIA3,11229,1,6868,6872,7200
CTRIA3,11230,1,6870,6869,7201
CTRIA3,11231,1,6871,7202,6872
CTRIA3,11232,1,7166,7167,7168
CTRIA3,11233,1,6869,7199,7201
CTRIA3,11234,1,6872,7202,7200
CTRIA3,11235,1,7160,7203,7204
CTRIA3,11236,1,7160,7204,7161
CTRIA3,11237,1,7167,7205,7168
CTRIA3,11238,1,7168,7205,7206
CTRIA3,11239,1,7195,7207,7197
CTRIA3,11240,1,7196,7198,7208
CTRIA3,11241,1,7197,7207,7209
CTRIA3,11242,1,7198,7210,7208
CTRIA3,11243,1,7199,7211,7201
CTRIA3,11244,1,7200,7202,7212
CTRIA3,11245,1,7202,7213,7212
CTRIA3,11246,1,7201,7211,7214
CTRIA3,11247,1,7203,7215,7216
CTRIA3,11248,1,7203,7216,7204
CTRIA3,11249,1,7206,7205,7217
CTRIA3,11250,1,7206,7217,7218
CTRIA3,11251,1,7207,7219,7209
CTRIA3,11252,1,7208,7210,7220
CTRIA3,11253,1,7209,7219,7221
CTRIA3,11254,1,7210,7222,7220
CTRIA3,11255,1,7211,7223,7224
CTRIA3,11256,1,7211,7224,7214
CTRIA3,11257,1,7212,7213,7225
CTRIA3,11258,1,7214,7224,7226
CTRIA3,11259,1,7213,7227,7225
CTRIA3,11260,1,7218,7217,7228
CTRIA3,11261,1,7218,7228,7229
CTRIA3,11262,1,7215,7230,7216
CTRIA3,11263,1,7216,7230,7231
CTRIA3,11264,1,7223,7232,7224
CTRIA3,11265,1,7225,7227,7233
CTRIA3,11266,1,7225,7233,7234
CTRIA3,11267,1,7224,7232,7235
CTRIA3,11268,1,7224,7235,7226
CTRIA3,11269,1,7227,7236,7233
CTRIA3,11270,1,7233,7236,7234
CTRIA3,11271,1,7230,7237,7231
CTRIA3,11272,1,7228,7238,7229
CTRIA3,11273,1,7229,7238,7239
CTRIA3,11274,1,7231,7237,7240
CTRIA3,11275,1,7232,7241,7235
CTRIA3,11276,1,7234,7236,7242
CTRIA3,11277,1,7235,7241,7243
CTRIA3,11278,1,7236,7244,7242
CTRIA3,11279,1,7239,7238,7245
CTRIA3,11280,1,7239,7245,7246
CTRIA3,11281,1,7237,7247,7248
CTRIA3,11282,1,7237,7248,7240
CTRIA3,11283,1,7241,7249,7243
CTRIA3,11284,1,7242,7244,7250
CTRIA3,11285,1,7243,7249,7251
CTRIA3,11286,1,7244,7252,7250
CTRIA3,11287,1,7249,7253,7251
CTRIA3,11288,1,7250,7252,7254
CTRIA3,11289,1,7250,7254,7255
CTRIA3,11290,1,7251,7253,7256
CTRIA3,11291,1,7253,7257,7256
CTRIA3,11292,1,7254,7258,7255
$
$ MINIMAL CONSTRAINTS (for solver stability with inertial relief)
SPC1,1,123456,3298
SPC1,1,23,1
SPC1,1,3,5073
